,가열로번호,에너지,시작시간,종료시간,시간(총),시작온도,종료온도,장입소재개수,장입중량총합,장입최대중량,강종,강종_ALLOY,강종_CARBON,강종_SUS,cycle,평균온도,민감소재장입개수,민감소재중량총합,민감소재최대중량,비민감소재장입개수,비민감소재중량총합,비민감소재최대중량,민감비고,에러발생
0,3,668.0,2020-05-05 14:00:00,2020-05-05 17:44:00,13440.0,846.9,842.4,5,43840.0,8880,CARBON,0,1,0,44.0,,0,0.0,0,5,43840.0,8880,이상없음,0
1,2,255.5999999996274,2020-03-03 23:23:00,2020-03-04 00:58:00,5700.0,1291.9,1275.1,7,103950.0,14850,ALLOY,1,0,0,1.0,1275.103125,0,0.0,0,7,103950.0,14850,이상없음,0
2,2,2684.4000000003725,2020-03-05 07:09:00,2020-03-05 22:39:00,55800.0,1271.2,1274.0,8,96460.0,13480,ALLOY,1,0,0,3.0,1256.1940923737916,0,0.0,0,8,96460.0,13480,이상없음,0
3,2,171.7999999988824,2020-03-05 23:55:00,2020-03-06 01:02:00,4020.0,1269.2,1273.1,8,96460.0,13480,ALLOY,1,0,0,3.0,1271.5338235294118,0,0.0,0,8,96460.0,13480,이상없음,0
4,2,214.0,2020-03-11 18:14:00,2020-03-11 19:45:00,5460.0,1274.0,1275.1,7,94360.0,13480,ALLOY,1,0,0,7.0,1274.9510869565215,0,0.0,0,7,94360.0,13480,이상없음,0
5,2,1111.5999999996277,2020-03-13 09:46:00,2020-03-13 17:56:00,29400.0,1283.6,1275.3,8,59400.0,8250,CARBON,0,1,0,9.0,1273.486761710794,0,0.0,0,8,59400.0,8250,이상없음,0
6,2,2892.0999999996275,2020-03-18 07:05:00,2020-03-18 21:07:00,50520.0,1263.2,1253.0,7,94360.0,13480,ALLOY,1,0,0,10.0,1252.9041518386716,0,0.0,0,7,94360.0,13480,이상없음,0
7,2,2589.0999999996275,2020-03-19 06:40:00,2020-03-19 21:46:00,54360.0,1255.7,1275.4,7,102980.0,22100,ALLOY,1,0,0,11.0,1255.7950385887543,0,0.0,0,7,102980.0,22100,이상없음,0
8,2,267.59999999962747,2020-03-19 23:37:00,2020-03-20 01:13:00,5760.0,1272.3,1272.8,7,102980.0,22100,ALLOY,1,0,0,11.0,1272.6835051546393,0,0.0,0,7,102980.0,22100,이상없음,0
9,2,330.40000000037253,2020-03-25 11:04:00,2020-03-25 12:59:00,6900.0,1277.7,1275.3,9,113190.0,14850,CARBON,0,1,0,13.0,1274.0379310344827,0,0.0,0,9,113190.0,14850,이상없음,0
10,2,223.30000000074506,2020-03-26 11:56:00,2020-03-26 13:06:00,4200.0,1284.8,1276.0,8,88800.0,11100,ALLOY,1,0,0,14.0,1275.13661971831,0,0.0,0,8,88800.0,11100,이상없음,0
11,2,1642.3000000007446,2020-03-31 10:01:00,2020-03-31 20:34:00,37980.0,1253.8,1272.3,7,103950.0,14850,ALLOY,1,0,0,17.0,1254.4184542586752,0,0.0,0,7,103950.0,14850,이상없음,0
12,2,280.7000000011176,2020-03-31 23:21:00,2020-04-01 00:58:00,5820.0,1264.8,1273.3,7,103950.0,14850,ALLOY,1,0,0,17.0,1273.692857142857,0,0.0,0,7,103950.0,14850,이상없음,0
13,2,995.2000000011176,2020-04-04 21:41:00,2020-04-05 04:35:00,24840.0,1275.1,1276.4,9,64350.0,8070,CARBON,0,1,0,20.0,1273.2277108433736,0,0.0,0,9,64350.0,8070,이상없음,0
14,2,244.7000000011176,2020-04-06 15:38:00,2020-04-06 16:42:00,3840.0,1263.9,1254.2,4,32480.0,9840,CARBON,0,1,0,21.0,1254.6646153846154,0,0.0,0,4,32480.0,9840,이상없음,0
15,2,583.0,2020-04-06 17:18:00,2020-04-06 20:20:00,10920.0,1268.1,1277.3,4,32480.0,9840,CARBON,0,1,0,21.0,1254.0169398907105,0,0.0,0,4,32480.0,9840,이상없음,0
16,2,2907.699999999255,2020-04-07 04:53:00,2020-04-07 20:18:00,55500.0,1255.8,1255.7,7,103950.0,14850,ALLOY,1,0,0,22.0,1253.3126349892011,0,0.0,0,7,103950.0,14850,이상없음,0
17,2,309.5,2020-04-13 15:06:00,2020-04-13 16:38:00,5520.0,1268.9,1255.7,7,56660.0,9310,CARBON,0,1,0,25.0,1234.090322580645,0,0.0,0,7,56660.0,9310,이상없음,0
18,2,203.5,2020-04-13 19:12:00,2020-04-13 20:16:00,3840.0,1274.6,1275.8,7,56660.0,9310,CARBON,0,1,0,25.0,1274.715384615385,0,0.0,0,7,56660.0,9310,이상없음,0
19,2,2528.3999999985103,2020-04-15 07:36:00,2020-04-15 20:11:00,45300.0,1267.6,1274.7,7,94360.0,13480,ALLOY,1,0,0,27.0,1254.1642195767195,0,0.0,0,7,94360.0,13480,이상없음,0
20,2,484.20000000111764,2020-04-15 23:16:00,2020-04-16 02:19:00,10980.0,1286.7,1273.3,7,94360.0,13480,ALLOY,1,0,0,27.0,1273.1440217391305,0,0.0,0,7,94360.0,13480,이상없음,0
21,2,268.0,2020-04-20 23:50:00,2020-04-21 01:21:00,5460.0,1288.9,1275.1,12,65160.0,5430,CARBON,0,1,0,30.0,1273.0293478260871,0,0.0,0,12,65160.0,5430,이상없음,0
22,2,209.4000000003726,2020-04-21 20:53:00,2020-04-21 22:01:00,4080.0,1292.6,1275.0,10,62920.0,7800,SUS,0,0,1,31.0,1275.8173913043474,0,0.0,0,10,62920.0,7800,이상없음,0
23,2,399.79999999888236,2020-04-21 22:26:00,2020-04-22 01:10:00,9840.0,1269.8,1273.7,10,62920.0,7800,SUS,0,0,1,31.0,1272.9933333333333,0,0.0,0,10,62920.0,7800,이상없음,0
24,2,186.7999999988824,2020-04-22 23:36:00,2020-04-23 00:57:00,4860.0,1282.1,1274.9,11,59450.0,5430,CARBON,0,1,0,32.0,1273.491463414634,0,0.0,0,11,59450.0,5430,이상없음,0
25,2,303.19999999925494,2020-04-23 02:03:00,2020-04-23 04:14:00,7860.0,1270.8,1274.3,11,59450.0,5430,CARBON,0,1,0,32.0,1272.6643939393941,0,0.0,0,11,59450.0,5430,이상없음,0
26,2,552.6000000014901,2020-04-24 20:43:00,2020-04-24 23:37:00,10440.0,1188.7,1174.2,2,32700.0,16350,SUS,0,0,1,33.0,1173.3182857142858,0,0.0,0,2,32700.0,16350,이상없음,0
27,2,560.2000000011176,2020-04-25 00:10:00,2020-04-25 03:14:00,11040.0,1183.3,1174.3,2,32700.0,16350,SUS,0,0,1,33.0,1174.2259459459458,0,0.0,0,2,32700.0,16350,이상없음,0
28,2,376.5,2020-04-25 07:55:00,2020-04-25 10:01:00,7560.0,1185.6,1177.3,2,32700.0,16350,SUS,0,0,1,34.0,1173.6724409448814,0,0.0,0,2,32700.0,16350,이상없음,0
29,2,500.70000000111764,2020-04-25 10:59:00,2020-04-25 14:10:00,11460.0,1194.0,1174.8,2,32700.0,16350,SUS,0,0,1,34.0,1174.8145833333333,0,0.0,0,2,32700.0,16350,이상없음,0
30,2,168.0,2020-04-25 14:33:00,2020-04-25 15:39:00,3960.0,1189.8,1176.4,2,32700.0,16350,SUS,0,0,1,34.0,1176.5194029850745,0,0.0,0,2,32700.0,16350,이상없음,0
31,2,592.3000000007453,2020-04-25 17:06:00,2020-04-25 20:52:00,13560.0,1191.3,1175.4,2,32700.0,16350,SUS,0,0,1,34.0,1174.2008810572686,0,0.0,0,2,32700.0,16350,이상없음,0
32,2,658.6999999992547,2020-04-28 11:31:00,2020-04-28 14:46:00,11700.0,1287.0,1275.4,6,59320.0,13850,CARBON,0,1,0,37.0,1274.17806122449,0,0.0,0,6,59320.0,13850,이상없음,0
33,2,278.2000000011176,2020-04-28 16:25:00,2020-04-28 18:15:00,6600.0,1274.4,1274.2,6,59320.0,13850,CARBON,0,1,0,37.0,1273.2684684684684,0,0.0,0,6,59320.0,13850,이상없음,0
34,2,163.69999999925494,2020-04-30 11:52:00,2020-04-30 12:59:00,4020.0,1290.2,1274.2,8,77200.0,9650,CARBON,0,1,0,39.0,1276.375,0,0.0,0,8,77200.0,9650,이상없음,0
35,2,388.8000000007452,2020-05-07 10:49:00,2020-05-07 13:01:00,7920.0,1285.3,1275.8,4,34400.0,8600,CARBON,0,1,0,41.0,1275.0203007518794,0,0.0,0,4,34400.0,8600,이상없음,0
36,2,232.80000000074506,2020-05-08 23:38:00,2020-05-09 01:01:00,4980.0,1273.4,1276.3,9,84690.0,9410,CARBON,0,1,0,42.0,1273.5654761904766,0,0.0,0,9,84690.0,9410,이상없음,0
37,2,216.2000000011176,2020-05-11 19:43:00,2020-05-11 21:04:00,4860.0,1281.4,1275.1,7,73400.0,15660,SUS,0,0,1,43.0,1275.0597560975611,0,0.0,0,7,73400.0,15660,이상없음,0
38,2,224.6999999992549,2020-05-13 23:35:00,2020-05-14 01:02:00,5220.0,1277.5,1276.9,7,80790.0,15660,CARBON,0,1,0,45.0,1275.2818181818182,0,0.0,0,7,80790.0,15660,이상없음,0
39,2,537.0,2020-05-14 02:40:00,2020-05-14 05:32:00,10320.0,1273.8,1273.8,7,80790.0,15660,CARBON,0,1,0,45.0,1273.6976878612718,0,0.0,0,7,80790.0,15660,이상없음,0
40,2,452.59999999962747,2020-05-14 10:40:00,2020-05-14 13:15:00,9300.0,1260.5,1255.3,7,86770.0,15760,CARBON,0,1,0,46.0,1254.8653846153845,0,0.0,0,7,86770.0,15760,이상없음,0
41,2,1250.8000000007448,2020-05-14 14:16:00,2020-05-14 22:08:00,28320.0,1261.9,1273.7,7,86770.0,15760,CARBON,0,1,0,46.0,1259.409090909091,0,0.0,0,7,86770.0,15760,이상없음,0
42,2,385.4000000003725,2020-06-01 11:28:00,2020-06-01 14:17:00,10140.0,1290.1,1275.0,7,52270.0,10300,CARBON,0,1,0,53.0,1273.2417647058826,0,0.0,0,7,52270.0,10300,이상없음,0
43,2,381.0,2020-06-08 11:00:00,2020-06-08 13:21:00,8460.0,1284.9,1277.2,9,88160.0,15660,CARBON,0,1,0,57.0,1275.499295774648,0,0.0,0,9,88160.0,15660,이상없음,0
44,2,242.5,2020-06-09 11:31:00,2020-06-09 12:57:00,5160.0,1274.2,1256.1,6,89100.0,14850,ALLOY,1,0,0,58.0,1255.6908045977013,0,0.0,0,6,89100.0,14850,이상없음,0
45,2,2162.7000000011176,2020-06-09 17:56:00,2020-06-10 05:42:00,42360.0,1268.2,1255.5,6,87600.0,14600,ALLOY,1,0,0,59.0,1246.1797736916549,0,0.0,0,6,87600.0,14600,이상없음,0
46,2,340.0,2020-06-10 06:15:00,2020-06-10 08:32:00,8220.0,1259.2,1257.4,6,87600.0,14600,ALLOY,1,0,0,59.0,1254.986956521739,0,0.0,0,6,87600.0,14600,이상없음,0
47,2,191.2000000011176,2020-06-10 11:36:00,2020-06-10 12:56:00,4800.0,1261.5,1258.6,6,87600.0,14600,ALLOY,1,0,0,59.0,1254.6604938271605,0,0.0,0,6,87600.0,14600,이상없음,0
48,2,2600.0,2020-06-10 16:38:00,2020-06-11 08:53:00,58500.0,1261.4,1257.4,6,87600.0,14600,ALLOY,1,0,0,59.0,1254.1378073770493,0,0.0,0,6,87600.0,14600,이상없음,0
49,2,378.3000000007452,2020-06-11 10:09:00,2020-06-11 12:55:00,9960.0,1272.4,1257.8,6,87600.0,14600,ALLOY,1,0,0,59.0,1255.2047904191616,0,0.0,0,6,87600.0,14600,이상없음,0
50,2,1883.1999999992554,2020-06-11 19:03:00,2020-06-12 04:22:00,33540.0,1268.5,1257.8,6,79720.0,15660,CARBON,0,1,0,60.0,1254.8774107142876,0,0.0,0,6,79720.0,15660,이상없음,0
51,2,659.5,2020-06-12 04:46:00,2020-06-12 08:59:00,15180.0,1265.4,1276.5,6,79720.0,15660,CARBON,0,1,0,60.0,1263.3842519685038,0,0.0,0,6,79720.0,15660,이상없음,0
52,2,256.1999999992549,2020-06-12 10:18:00,2020-06-12 11:19:00,3660.0,1275.2,1274.9,6,79720.0,15660,CARBON,0,1,0,60.0,1276.1919354838708,0,0.0,0,6,79720.0,15660,이상없음,0
53,2,195.39999999850983,2020-06-12 11:48:00,2020-06-12 12:56:00,4080.0,1290.9,1275.2,6,79720.0,15660,CARBON,0,1,0,60.0,1275.733333333333,0,0.0,0,6,79720.0,15660,이상없음,0
54,2,407.6000000014901,2020-06-12 13:16:00,2020-06-12 15:57:00,9660.0,1260.5,1276.7,6,79720.0,15660,CARBON,0,1,0,60.0,1274.0851851851849,0,0.0,0,6,79720.0,15660,이상없음,0
55,2,550.5,2020-06-12 16:25:00,2020-06-12 20:20:00,14100.0,1285.3,1276.7,6,79720.0,15660,CARBON,0,1,0,60.0,1274.7525423728819,0,0.0,0,6,79720.0,15660,이상없음,0
56,2,334.90000000037253,2020-06-18 10:39:00,2020-06-18 12:55:00,8160.0,1271.4,1256.3,6,87600.0,18100,ALLOY,1,0,0,62.0,1254.7649635036494,0,0.0,0,6,87600.0,18100,이상없음,0
57,2,476.6999999992548,2020-06-18 23:39:00,2020-06-19 02:47:00,11280.0,1276.2,1256.6,10,94000.0,19350,CARBON,0,1,0,63.0,1254.3767195767198,0,0.0,0,10,94000.0,19350,이상없음,0
58,2,953.6999999992547,2020-06-19 03:26:00,2020-06-19 09:51:00,23100.0,1275.0,1275.7,10,94000.0,19350,CARBON,0,1,0,63.0,1259.0927461139895,0,0.0,0,10,94000.0,19350,이상없음,0
59,2,352.3999999985099,2020-06-19 10:27:00,2020-06-19 12:54:00,8820.0,1289.9,1276.8,10,94000.0,19350,CARBON,0,1,0,63.0,1274.9094594594596,0,0.0,0,10,94000.0,19350,이상없음,0
60,2,573.4000000003724,2020-06-24 10:39:00,2020-06-24 14:34:00,14100.0,1277.7,1277.7,10,90060.0,13350,CARBON,0,1,0,66.0,1273.8360169491525,0,0.0,0,10,90060.0,13350,이상없음,0
61,2,1983.9000000003725,2020-06-26 10:06:00,2020-06-26 20:42:00,38160.0,1251.6,1275.5,9,73250.0,10770,CARBON,0,1,0,67.0,1258.3125588697014,0,0.0,0,9,73250.0,10770,이상없음,0
62,2,354.0,2020-06-26 23:38:00,2020-06-27 02:00:00,8520.0,1293.9,1274.8,9,73250.0,10770,CARBON,0,1,0,67.0,1274.4699300699301,0,0.0,0,9,73250.0,10770,이상없음,0
63,2,2319.6000000014897,2020-07-01 04:35:00,2020-07-01 13:20:00,31500.0,1259.0,1256.1,7,81200.0,14600,ALLOY,1,0,0,69.0,1254.447433460076,0,0.0,0,7,81200.0,14600,이상없음,0
64,2,243.5,2020-07-01 14:08:00,2020-07-01 15:22:00,4440.0,1292.0,1255.6,7,81200.0,14600,ALLOY,1,0,0,69.0,1272.1760000000004,0,0.0,0,7,81200.0,14600,이상없음,0
65,2,1702.8000000007446,2020-07-01 16:03:00,2020-07-02 03:03:00,39600.0,1260.2,1256.1,7,81200.0,14600,ALLOY,1,0,0,69.0,1253.7745839636916,0,0.0,0,7,81200.0,14600,이상없음,0
66,2,1598.6999999992554,2020-07-02 11:19:00,2020-07-02 20:34:00,33300.0,1269.1,1275.4,8,89904.0,19100,CARBON,0,1,0,70.0,1255.024460431655,0,0.0,0,8,89904.0,19100,이상없음,0
67,2,187.6999999992549,2020-07-10 12:00:00,2020-07-10 13:10:00,4200.0,1290.4,1277.6,7,53360.0,8510,CARBON,0,1,0,74.0,1276.3450704225356,0,0.0,0,7,53360.0,8510,이상없음,0
68,2,262.59999999962747,2020-07-10 13:48:00,2020-07-10 15:32:00,6240.0,1276.0,1276.5,7,53360.0,8510,CARBON,0,1,0,74.0,1274.2314285714285,0,0.0,0,7,53360.0,8510,이상없음,0
69,2,303.59999999962747,2020-07-10 15:46:00,2020-07-10 17:56:00,7800.0,1290.3,1276.1,7,53360.0,8510,CARBON,0,1,0,74.0,1274.2946564885494,0,0.0,0,7,53360.0,8510,이상없음,0
70,2,634.0,2020-07-13 16:24:00,2020-07-13 20:16:00,13920.0,1251.9,1275.4,6,49180.0,10700,SUS,0,0,1,75.0,1257.963948497854,0,0.0,0,6,49180.0,10700,이상없음,0
71,2,490.79999999888236,2020-07-14 01:27:00,2020-07-14 04:48:00,12060.0,1287.6,1273.8,6,49180.0,10700,SUS,0,0,1,75.0,1273.9247524752475,0,0.0,0,6,49180.0,10700,이상없음,0
72,3,296.79999999888236,2020-03-10 11:23:00,2020-03-10 13:00:00,5820.0,1272.0,1267.2,7,103950.0,14850,ALLOY,1,0,0,5.0,1268.781632653061,0,0.0,0,7,103950.0,14850,이상없음,0
73,3,242.6999999992549,2020-03-11 11:42:00,2020-03-11 13:00:00,4680.0,1272.0,1268.6,6,89100.0,14850,ALLOY,1,0,0,6.0,1268.7949367088609,0,0.0,0,6,89100.0,14850,이상없음,0
74,3,2641.2000000011176,2020-03-11 19:49:00,2020-03-12 08:57:00,47280.0,1254.1,1266.2,9,108400.0,19600,CARBON,0,1,0,7.0,1250.942712294043,0,0.0,0,9,108400.0,19600,이상없음,0
75,3,592.5,2020-03-23 21:11:00,2020-03-23 23:30:00,8340.0,1251.8,1252.7,5,38170.0,13930,SUS,0,0,1,14.0,1249.437857142857,0,0.0,0,5,38170.0,13930,이상없음,0
76,3,206.5,2020-03-25 15:46:00,2020-03-25 16:48:00,3720.0,1274.9,1272.5,9,110420.0,13480,CARBON,0,1,0,15.0,1271.3968253968253,0,0.0,0,9,110420.0,13480,이상없음,0
77,3,566.7000000011176,2020-03-27 03:02:00,2020-03-27 05:08:00,7560.0,1258.5,1258.3,8,76432.0,9554,ALLOY,1,0,0,17.0,1254.9110236220474,0,0.0,0,8,76432.0,9554,이상없음,0
78,3,2330.300000000745,2020-03-27 05:30:00,2020-03-27 17:07:00,41820.0,1258.7,1253.2,8,76432.0,9554,ALLOY,1,0,0,17.0,1251.9830945558738,0,0.0,0,8,76432.0,9554,이상없음,0
79,3,1049.4000000003723,2020-03-27 19:12:00,2020-03-27 23:46:00,16440.0,1275.9,1273.5,8,76432.0,9554,ALLOY,1,0,0,17.0,1270.6920000000002,0,0.0,0,8,76432.0,9554,이상없음,0
80,3,408.5,2020-03-28 01:08:00,2020-03-28 02:53:00,6300.0,1262.0,1268.4,8,76432.0,9554,ALLOY,1,0,0,17.0,1268.2301886792452,0,0.0,0,8,76432.0,9554,이상없음,0
81,3,574.8000000007453,2020-03-30 08:18:00,2020-03-30 10:55:00,9420.0,1247.1,1251.2,7,0.0,19100,CARBON,0,1,0,18.0,1248.5974683544302,0,0.0,0,7,59840.0,19100,이상없음,0
82,3,4105.699999999255,2020-03-30 16:37:00,2020-03-31 09:03:00,59160.0,1249.2,1272.1,7,103950.0,14850,ALLOY,1,0,0,19.0,1265.9417426545085,0,0.0,0,7,103950.0,14850,이상없음,0
83,3,362.8000000007452,2020-03-31 11:22:00,2020-03-31 12:59:00,5820.0,1270.1,1271.7,7,103950.0,14850,ALLOY,1,0,0,19.0,1269.9816326530613,0,0.0,0,7,103950.0,14850,이상없음,0
84,3,692.0999999996277,2020-03-31 17:34:00,2020-03-31 19:20:00,6360.0,1248.6,1251.9,7,94360.0,13480,ALLOY,1,0,0,20.0,1252.4252336448599,0,0.0,0,7,94360.0,13480,이상없음,0
85,3,2901.7999999988824,2020-03-31 19:40:00,2020-04-01 08:21:00,45660.0,1255.0,1271.9,7,94360.0,13480,ALLOY,1,0,0,20.0,1257.5097112860892,0,0.0,0,7,94360.0,13480,이상없음,0
86,3,3238.0,2020-04-03 22:49:00,2020-04-04 13:36:00,53220.0,1250.5,1252.5,8,76432.0,9554,ALLOY,1,0,0,23.0,1250.257882882883,0,0.0,0,8,76432.0,9554,이상없음,0
87,3,2954.699999999255,2020-04-06 23:16:00,2020-04-07 10:25:00,40140.0,1242.8,1267.5,7,103950.0,14850,ALLOY,1,0,0,24.0,1248.2282089552236,0,0.0,0,7,103950.0,14850,이상없음,0
88,3,283.79999999888236,2020-04-07 11:46:00,2020-04-07 13:10:00,5040.0,1267.0,1266.4,7,103950.0,14850,ALLOY,1,0,0,24.0,1267.7505882352941,0,0.0,0,7,103950.0,14850,이상없음,0
89,3,718.7000000011176,2020-04-09 10:31:00,2020-04-09 15:05:00,16440.0,1249.7,1250.8,8,64680.0,10800,CARBON,0,1,0,26.0,1249.2178181818185,0,0.0,0,8,64680.0,10800,이상없음,0
90,3,489.4000000003725,2020-04-09 15:21:00,2020-04-09 17:53:00,9120.0,1238.6,1251.5,8,64680.0,10800,CARBON,0,1,0,26.0,1241.3359477124186,0,0.0,0,8,64680.0,10800,이상없음,0
91,3,500.3000000007452,2020-04-14 11:39:00,2020-04-14 14:53:00,11640.0,1255.6,1251.4,8,72640.0,10120,ALLOY,1,0,0,29.0,1249.4830769230769,0,0.0,0,8,72640.0,10120,이상없음,0
92,3,512.0,2020-04-30 23:26:00,2020-05-01 02:45:00,11940.0,1270.2,1270.2,14,126640.0,9410,CARBON,0,1,0,43.0,1268.8765,0,0.0,0,14,126640.0,9410,이상없음,0
93,3,838.5999999996277,2020-05-06 22:06:00,2020-05-07 02:50:00,17040.0,1276.7,1269.9,5,43840.0,8880,CARBON,0,1,0,44.0,1267.741754385965,0,0.0,0,5,43840.0,8880,이상없음,0
94,3,1153.7999999988824,2020-05-08 22:56:00,2020-05-09 04:19:00,19380.0,1252.3,1269.7,9,72890.0,10300,CARBON,0,1,0,46.0,1254.0975308641976,0,0.0,0,9,72890.0,10300,이상없음,0
95,3,306.0,2020-05-09 06:29:00,2020-05-09 08:26:00,7020.0,1256.4,1249.0,9,72890.0,10300,CARBON,0,1,0,46.0,1248.7940677966105,0,0.0,0,9,72890.0,10300,이상없음,0
96,3,263.2000000011176,2020-05-09 09:05:00,2020-05-09 11:00:00,6900.0,1276.3,1269.7,9,72890.0,10300,CARBON,0,1,0,46.0,1229.061206896552,0,0.0,0,9,72890.0,10300,이상없음,0
97,3,211.5,2020-05-09 11:51:00,2020-05-09 12:55:00,3840.0,1271.6,1269.6,9,72890.0,10300,CARBON,0,1,0,46.0,1268.0292307692312,0,0.0,0,9,72890.0,10300,이상없음,0
98,3,818.4000000003723,2020-05-11 20:34:00,2020-05-12 01:46:00,18720.0,1248.6,1267.2,9,72890.0,10300,CARBON,0,1,0,46.0,1255.5825878594248,0,0.0,0,9,72890.0,10300,이상없음,0
99,3,445.0,2020-05-12 04:01:00,2020-05-12 06:28:00,8820.0,1271.9,1268.7,9,72890.0,10300,CARBON,0,1,0,46.0,1266.1074324324325,0,0.0,0,9,72890.0,10300,이상없음,0
100,3,205.80000000074506,2020-05-12 23:43:00,2020-05-13 00:53:00,4200.0,1277.2,1270.1,6,77680.0,15760,CARBON,0,1,0,47.0,1271.261971830986,0,0.0,0,6,77680.0,15760,이상없음,0
101,3,600.5,2020-05-13 02:29:00,2020-05-13 06:03:00,12840.0,1270.3,1269.5,6,77680.0,15760,CARBON,0,1,0,47.0,1268.5469767441862,0,0.0,0,6,77680.0,15760,이상없음,0
102,3,431.3000000007452,2020-05-14 10:53:00,2020-05-14 13:40:00,10020.0,1262.4,1251.8,4,40853.0,13263,CARBON,0,1,0,49.0,1250.9827380952381,0,0.0,0,4,40853.0,13263,이상없음,0
103,3,934.0999999996277,2020-05-14 13:55:00,2020-05-14 20:15:00,22800.0,1255.8,1279.8,4,40853.0,13263,CARBON,0,1,0,49.0,1251.6359580052494,0,0.0,0,4,40853.0,13263,이상없음,0
104,3,311.29999999888236,2020-05-14 21:25:00,2020-05-14 23:15:00,6600.0,1270.6,1271.2,4,40853.0,13263,CARBON,0,1,0,49.0,1270.038738738739,0,0.0,0,4,40853.0,13263,이상없음,0
105,3,623.0,2020-05-15 22:18:00,2020-05-16 01:49:00,12660.0,1271.3,1270.0,9,58780.0,8030,CARBON,0,1,0,50.0,1268.7202830188678,0,0.0,0,9,58780.0,8030,이상없음,0
106,3,1136.2999999988824,2020-05-25 23:28:00,2020-05-26 06:32:00,25440.0,1256.4,1268.8,4,71160.0,22930,CARBON,0,1,0,57.0,1264.3567058823528,0,0.0,0,4,71160.0,22930,이상없음,0
107,3,576.6000000014901,2020-05-26 07:22:00,2020-05-26 11:02:00,13200.0,1275.7,1271.8,4,71160.0,22930,CARBON,0,1,0,57.0,1270.8828054298642,0,0.0,0,4,71160.0,22930,이상없음,0
108,3,405.9000000003725,2020-05-26 11:21:00,2020-05-26 14:09:00,10080.0,1277.4,1272.4,4,71160.0,22930,CARBON,0,1,0,57.0,1271.8911242603551,0,0.0,0,4,71160.0,22930,이상없음,0
109,3,214.1000000014901,2020-05-26 14:37:00,2020-05-26 15:59:00,4920.0,1277.6,1271.8,4,71160.0,22930,CARBON,0,1,0,57.0,1271.6674698795184,0,0.0,0,4,71160.0,22930,이상없음,0
110,3,309.90000000037253,2020-05-26 16:17:00,2020-05-26 18:16:00,7140.0,1279.1,1271.0,4,71160.0,22930,CARBON,0,1,0,57.0,1271.5333333333333,0,0.0,0,4,71160.0,22930,이상없음,0
111,3,592.8000000007453,2020-06-02 22:16:00,2020-06-03 01:53:00,13020.0,1281.2,1269.8,10,88660.0,9910,CARBON,0,1,0,61.0,1269.4692660550459,0,0.0,0,10,88660.0,9910,이상없음,0
112,3,547.2000000011176,2020-06-03 02:11:00,2020-06-03 06:00:00,13740.0,1277.7,1244.8,10,88660.0,9910,CARBON,0,1,0,61.0,1269.241304347826,0,0.0,0,10,88660.0,9910,이상없음,0
113,3,292.79999999888236,2020-06-04 23:54:00,2020-06-05 01:45:00,6660.0,1279.2,1270.5,6,80880.0,13480,ALLOY,1,0,0,63.0,1270.7196428571428,0,0.0,0,6,80880.0,13480,이상없음,0
114,3,1913.0999999996275,2020-06-10 03:18:00,2020-06-10 14:50:00,41520.0,1252.3,1268.7,9,95250.0,13480,ALLOY,1,0,0,67.0,1261.7683982683984,0,0.0,0,9,95250.0,13480,이상없음,0
115,3,199.5,2020-06-10 16:44:00,2020-06-10 17:52:00,4080.0,1276.2,1271.7,9,95250.0,13480,ALLOY,1,0,0,67.0,1272.9463768115945,0,0.0,0,9,95250.0,13480,이상없음,0
116,3,512.3000000007452,2020-06-16 17:04:00,2020-06-16 20:20:00,11760.0,1243.1,1270.4,4,35540.0,11920,CARBON,0,1,0,71.0,1251.4020304568528,0,0.0,0,4,35540.0,11920,이상없음,0
117,3,291.69999999925494,2020-06-16 23:26:00,2020-06-17 01:00:00,5640.0,1268.7,1269.7,4,35540.0,11920,CARBON,0,1,0,71.0,1269.2947368421053,0,0.0,0,4,35540.0,11920,이상없음,0
118,3,3249.7000000011176,2020-06-17 03:30:00,2020-06-17 21:12:00,63720.0,1253.9,1249.8,4,84900.0,22350,ALLOY,1,0,0,72.0,1249.5442144873,0,0.0,0,4,84900.0,22350,이상없음,0
119,3,458.1999999992548,2020-06-17 22:57:00,2020-06-18 01:26:00,8940.0,1255.6,1249.2,4,84900.0,22350,ALLOY,1,0,0,72.0,1249.7839999999999,0,0.0,0,4,84900.0,22350,이상없음,0
120,3,315.80000000074506,2020-06-19 23:46:00,2020-06-20 01:34:00,6480.0,1276.8,1271.3,10,35420.0,3610,CARBON,0,1,0,74.0,1272.1834862385322,0,0.0,0,10,35420.0,3610,이상없음,0
121,3,3846.799999998881,2020-06-22 19:19:00,2020-06-23 20:45:00,91560.0,1273.6,1269.5,7,43200.0,11920,CARBON,0,1,0,76.0,1255.1379174852652,0,0.0,0,7,43200.0,11920,이상없음,0
122,3,470.6999999992548,2020-06-23 23:19:00,2020-06-24 02:13:00,10440.0,1275.0,1270.2,7,43200.0,11920,CARBON,0,1,0,76.0,1268.714857142857,0,0.0,0,7,43200.0,11920,이상없음,0
123,3,313.80000000074506,2020-06-24 03:02:00,2020-06-24 04:40:00,5880.0,1273.3,1269.3,7,43200.0,11920,CARBON,0,1,0,76.0,1270.3353535353535,0,0.0,0,7,43200.0,11920,이상없음,0
124,3,486.9000000003725,2020-06-26 23:18:00,2020-06-27 02:18:00,10800.0,1276.3,1270.3,8,28220.0,3550,CARBON,0,1,0,79.0,1269.135359116022,0,0.0,0,8,28220.0,3550,이상없음,0
125,3,299.0,2020-07-01 23:46:00,2020-07-02 01:27:00,6060.0,1252.0,1260.6,8,76432.0,9554,ALLOY,1,0,0,81.0,1252.9352941176473,0,0.0,0,8,76432.0,9554,이상없음,0
126,3,299.59999999962747,2020-07-02 23:50:00,2020-07-03 01:36:00,6360.0,1276.0,1270.2,7,67260.0,10800,CARBON,0,1,0,82.0,1268.563551401869,0,0.0,0,7,67260.0,10800,이상없음,0
127,3,227.0999999996274,2020-07-07 11:53:00,2020-07-07 13:02:00,4140.0,1251.7,1248.1,7,106950.0,19350,ALLOY,1,0,0,83.0,1246.6757142857148,0,0.0,0,7,106950.0,19350,이상없음,0
128,3,318.40000000037253,2020-07-08 10:55:00,2020-07-08 12:58:00,7380.0,1249.3,1249.3,7,102200.0,14600,ALLOY,1,0,0,84.0,1250.0951612903225,0,0.0,0,7,102200.0,14600,이상없음,0
129,3,214.5,2020-07-10 11:45:00,2020-07-10 13:00:00,4500.0,1274.8,1269.8,7,50710.0,7810,CARBON,0,1,0,86.0,1269.4039473684206,0,0.0,0,7,50710.0,7810,이상없음,0
130,3,912.2999999988824,2020-07-13 16:50:00,2020-07-13 21:57:00,18420.0,1273.8,1268.4,8,63130.0,9990,CARBON,0,1,0,87.0,1265.8487012987014,0,0.0,0,8,63130.0,9990,이상없음,0
131,3,288.79999999888236,2020-07-13 23:49:00,2020-07-14 01:37:00,6480.0,1275.1,1268.6,8,63130.0,9990,CARBON,0,1,0,87.0,1267.4155963302749,0,0.0,0,8,63130.0,9990,이상없음,0
