,가열로 번호,cycle,시작시간,종료시간,가스사용량,Type,소재 list,작업일자,주/야간,평일/주말,in,out,drop_flag,gradient,part_types,temp diff,time diff,가열완료 온도,가열중 마지막 문닫힌 시간,가열중 문열림 횟수,뺄시간,시작온도,실제 시작시간,원래시작점온도,이전 종료시간,종료온도,최종 가열시작 온도,평균온도,겹침수량,직전 사이클 소재 수량,겹침여부
0,1,15,2020-03-29 13:10:00,2020-03-29 20:54:00,797.5,heat,"['200131-15200-005', '200131-15200-006', '200131-15200-015', '200131-15200-016', '200203-19968-001']",2020-03-30,야간,주말,,,0,0.219827586,holding 0,1.7,7.733333333,852.4,2020-03-29 12:22:00,1,230,854.1,2020-03-28 09:06:00,312.1,0,852.4,766,,5,5,겹침
1,1,18,2020-04-06 12:03:00,2020-04-06 13:37:00,279.1,heat,"['200131-15200-011', '200131-15200-013', '200131-15200-014', '200131-15200-012']",2020-04-06,주간,주말,,,0,17.04255319,holding 0,26.7,1.566666667,1116.2,2020-04-06 13:41:00,19,71,1089.5,2020-04-05 07:20:00,283.9,0,1116.2,1108.1,,4,4,겹침
2,1,28,2020-04-26 08:08:00,2020-04-26 09:47:00,63.3,heat,"['200323-19998-012', '200323-19998-012', '200323-19998-012', '200323-19998-012', '200323-19998-012', '200323-19998-012', '200323-19998-012', '200323-19998-012', '200323-19998-012']",2020-04-27,주간,주말,,,0,0,holding 0,0,1.65,659.9,0,0,145,659.9,2020-04-26 07:56:00,610.1,0,659.9,0,,9,9,겹침
3,1,32,2020-05-05 14:02:00,2020-05-05 17:45:00,535.6,heat,"['200205-19922-004', '200205-19922-004', '200205-19922-004', '200205-19922-004', '200205-19922-004', '200205-19922-003', '200205-19922-003', '200205-19922-003']",2020-05-06,야간,평일,,,0,0.457399103,holding 0,1.7,3.716666667,861.4,0,0,129,863.1,2020-05-05 07:30:00,176.3,0,861.4,0,,8,8,겹침
4,1,37,2020-05-23 07:54:00,2020-05-24 22:23:00,1409.9,heat,"['200521-19226-004', '200521-19226-004', '200521-19226-004', '200521-19226-004', '200521-19226-004', '200521-19226-004', '200521-19226-004', '200521-19226-004']",2020-05-25,야간,주말,,,0,0.153313123,holding 0,5.9,38.48333333,362.1,0,0,1561,356.2,2020-05-23 07:30:00,133.7,0,362.1,0,,8,8,겹침
5,1,56,2020-06-28 05:14:00,2020-06-28 07:45:00,216.6,heat,"['200513-13530-005', '가열로다이', '가열로다이', '가열로다이']",2020-06-29,주간,주말,,,0,1.82781457,holding 0,4.6,2.516666667,707,0,0,93,711.6,2020-06-27 06:50:00,390.4,0,707,0,,4,4,겹침
6,2,26,2020-04-11 21:17:00,2020-04-12 18:21:00,830.6,heat,"['200401-19234-008', '200401-19234-008', '200305-15133-005', '200305-15133-005', '200212-15045-001', '200401-19234-009', '200401-19234-009']",2020-04-13,야간,주말,,,0,0.579113924,holding 0,12.2,21.06666667,349.6,0,0,824,337.4,2020-04-11 13:47:00,371.5714437,0,349.6,0,,1,4,겹침
7,2,37,2020-04-26 08:22:00,2020-04-26 10:46:00,149.4,heat,"['200323-19998-012', '200323-19998-012', '200323-19998-012', '200323-19998-012', '200323-19998-012', '200323-19998-012', '200323-19998-012', '200311-19133-001', '200311-19133-003']",2020-04-27,주간,주말,,,0,5.25,holding 0,12.6,2.4,686.8,0,0,107,674.2,2020-04-26 07:30:00,516.4,0,686.8,0,,9,9,겹침
8,2,38,2020-04-27 17:04:00,2020-04-28 09:22:00,2168.7,heat,"['200326-19313-001', '200326-19313-001', '200212-15045-001', '200212-15045-001', '200323-19476-002', '200323-19476-002']",2020-04-28,주간,주말,,,0,1.067484663,holding 0,17.4,16.3,1054.1,2020-04-28 09:36:00,6,127,1071.5,2020-04-27 13:43:00,1061.4,0,1054.1,762.9,,6,6,겹침
9,2,44,2020-05-10 14:21:00,2020-05-10 21:56:00,240,heat,"['200407-19001-012', '200407-19001-011', '200407-19001-010', '200415-15008-006', '200205-19922-003', '200205-19922-003', '200205-19922-003']",2020-05-11,야간,주말,,,0,0.487912088,holding 0,3.7,7.583333333,353.3,0,0,322,349.6,2020-05-10 08:16:00,359.6,0,353.3,0,,0,9,안겹침
10,2,53,2020-05-23 08:16:00,2020-05-24 20:19:00,1579.2,heat,"['200204-19411-060', '200204-19411-060', '가열로다이', 'SUS 압탕코깅', 'SUS 압탕코깅', 'SUS 압탕코깅', '200521-19226-004', '200521-19226-004', '200521-19226-004', '200521-19226-004', '200521-19226-004']",2020-05-25,야간,주말,,,0,0.0970873786,holding 0,3.5,36.05,353.9,0,0,1292,350.4,2020-05-23 07:36:00,233.7,0,353.9,0,,11,11,겹침
11,2,58,2020-06-03 23:49:00,2020-06-04 01:36:00,126.8,heat,"['200604-051', '200513-13530-007', '200513-13530-003', '200513-13530-001', '200513-13530-005']",2020-06-04,야간,평일,,,0,32.41121495,holding 0,57.8,1.783333333,815.8,2020-06-04 02:01:00,5,221,873.6,2020-06-03 21:10:00,581.0125,0,815.8,810.2,,5,5,겹침
12,2,58,2020-06-04 03:21:00,2020-06-04 06:24:00,346.5,heat,"['200604-051', '200513-13530-007', '200513-13530-003', '200513-13530-001', '200513-13530-005']",2020-06-04,야간,평일,,,0,2.573770492,holding 1,7.85,3.05,888.5,2020-06-04 02:01:00,5,221,880.65,2020-06-03 21:10:00,581.0125,0,888.5,810.2,,5,5,겹침
13,2,80,2020-07-12 11:49:00,2020-07-12 14:44:00,105.9,heat,"['200629-15491-003', '200629-15491-003', '200629-15491-004', '200702-15133-004', '200413-19922-002', '200413-19922-002']",2020-07-13,야간,주말,,,0,2.845714286,holding 0,8.3,2.916666667,349,0,0,136,340.7,2020-07-11 06:45:00,390.9,0,349,0,,0,7,안겹침
14,3,3,2020-03-05 05:41:00,2020-03-05 08:22:00,153,heat,"['191210-12321-001', '200305-051', '200305-051', '200305-051', '200305-051', '200305-052', '200305-052']",2020-03-05,야간,평일,,,0,0.223602484,holding 0,0.6,2.683333333,854.6,0,0,99,855.2,2020-03-05 05:21:00,653.4,0,854.6,0,,7,7,겹침
15,3,44,2020-05-05 14:00:00,2020-05-05 17:44:00,668,heat,"['200312-99914-050', '200312-99914-050', '200312-99914-050', '200212-15045-010', '200212-15045-010']",2020-05-06,야간,평일,,,0,1.205357143,holding 0,4.5,3.733333333,842.4,0,0,19,846.9,2020-05-05 07:30:00,319.2,0,842.4,0,,5,5,겹침
16,3,62,2020-05-30 13:51:00,2020-05-30 19:56:00,148.4,heat,"['200407-19001-024', '200407-19001-023', '200407-19001-022', '200407-19001-021', '200522-19711-001', '200520-15491-002', '200520-15491-001', '200522-19439-002', '200522-19439-003']",2020-06-01,야간,주말,,,0,0.756164384,holding 0,4.6,6.083333333,367.3,0,0,1507,371.9,2020-05-30 07:22:00,290.5,0,367.3,0,,9,9,겹침
17,3,67,2020-06-07 06:30:00,2020-06-07 09:15:00,440.6,heat,"['200409-19001-020', '200409-19001-019', '200409-19001-018', '200513-13530-002', '200513-13530-001']",2020-06-08,주간,주말,,,0,0.945454545,holding 0,2.6,2.75,694.3,0,0,1113,691.7,2020-06-06 06:24:00,371.3,0,694.3,0,,5,5,겹침
18,3,68,2020-06-08 21:04:00,2020-06-09 08:54:00,1459.1,heat,"['200525-19149-001', '200525-19149-001', '200525-19149-002', '200212-15045-001', '200212-15045-010']",2020-06-09,주간,주말,,,0,0.287323944,holding 0,3.4,11.83333333,1053.8,2020-06-09 09:09:00,2,68,1057.2,2020-06-08 19:24:00,812.2,0,1053.8,946.4,,5,5,겹침
19,4,4,2020-03-09 06:14:00,2020-03-09 07:57:00,176.6,heat,"['200105-19180-395', '200105-19180-394', '200105-19180-393', '200105-19180-392', '200105-19180-391', '200105-19180-390']",2020-03-09,야간,평일,,,0,1.048543689,holding 0,1.8,1.716666667,654.9,2020-03-08 21:47:00,0,185,653.1,2020-03-07 07:00:00,658.9,0,654.9,480,,6,6,겹침
20,4,38,2020-04-26 10:17:00,2020-04-26 16:39:00,503.3,heat,"['200129-19968-001', '200129-19968-006']",2020-04-27,주간,주말,,,0,0.219895288,holding 0,1.4,6.366666667,999.7,0,0,137,998.3,2020-04-26 07:40:00,1058.5,0,999.7,0,,0,8,안겹침
21,4,45,2020-05-08 18:49:00,2020-05-09 09:54:00,1462.4,heat,"['200212-15045-001', '200212-15045-001']",2020-05-09,주간,평일,,,0,0.251933702,holding 0,3.8,15.08333333,1001.7,2020-05-09 10:05:00,2,194,1005.5,2020-05-08 18:34:00,889,0,1001.7,914.4,,2,2,겹침
22,4,65,2020-06-27 07:59:00,2020-06-28 02:56:00,562.2,heat,"['200623-15055-016', '200623-15055-016', '200612-99010-016', '200612-99010-017', '200612-99010-018']",2020-06-29,주간,주말,,,0,0.907651715,holding 0,17.2,18.95,398.8,0,0,871,416,2020-06-27 06:48:00,323.1,0,398.8,0,,5,5,겹침
23,5,12,2020-03-30 23:08:00,2020-03-31 04:51:00,321.1,heat,"['200204-19180-671', '200204-19180-672', '200204-19180-677', '200204-19180-674', '200204-19180-673', '200204-19180-675', '200204-19180-676']",2020-04-01,야간,주말,,,0,5.125364431,holding 0,29.3,5.716666667,329.9,2020-04-01 06:51:00,5,1207,300.6,2020-03-30 11:00:00,22,0,329.9,726.2,,7,7,겹침
24,5,12,2020-03-31 11:06:00,2020-03-31 23:50:00,1090.2,heat,"['200204-19180-671', '200204-19180-672', '200204-19180-677', '200204-19180-674', '200204-19180-673', '200204-19180-675', '200204-19180-676']",2020-04-01,야간,평일,,,0,0.706806283,holding 1,9,12.73333333,602.4,2020-04-01 06:51:00,5,1207,593.4,2020-03-30 11:00:00,22,0,602.4,726.2,,7,7,겹침
25,5,21,2020-04-11 15:47:00,2020-04-12 06:15:00,330.5,heat,"['가열로다이', '가열로다이', '200212-15045-001', '200212-15045-001', '200401-99010-001']",2020-04-13,주간,주말,,,0,0.200460829,holding 0,2.9,14.46666667,354.7,0,0,811,357.6,2020-04-10 21:10:00,423.6,0,354.7,0,,0,9,안겹침
26,5,22,2020-04-20 16:13:00,2020-04-20 18:48:00,657.8,heat,"['200316-15008-004', '200311-19133-003', '200311-19133-001', '200316-15008-005', '200316-15008-002', '200316-15008-001']",2020-04-21,주간,주말,,,0,0.967741935,holding 0,2.5,2.583333333,659.3,2020-04-20 15:41:00,1,204,661.8,2020-04-20 10:10:00,102.5,0,659.3,159.7,,6,6,겹침
27,5,34,2020-05-16 08:08:00,2020-05-17 16:36:00,1236.8,heat,"['가열로다이', '가열로다이', '200513-19226-003', '200513-19226-003', '200513-19226-003', '200513-19226-003', '200513-19226-003', '200513-19226-003', '200513-19226-003', '200513-19226-003']",2020-05-18,야간,주말,,,0,0.76386037,holding 0,24.8,32.46666667,352.4,0,0,1520,377.2,2020-05-16 07:45:00,285.3,0,352.4,0,,10,10,겹침
28,5,44,2020-06-07 07:42:00,2020-06-07 21:06:00,307.7,heat,"['200212-14730-002', '200212-14730-001', '200522-14099-002', '200522-14099-001']",2020-06-08,야간,주말,,,0,1.589552239,holding 0,21.3,13.4,374.5,0,0,751,353.2,2020-06-06 06:52:00,479.7,0,374.5,0,,2,5,겹침
29,5,49,2020-06-13 19:54:00,2020-06-14 03:47:00,277.1,heat,"['200609-15207-002', '200609-15207-002', '가열로다이', '가열로다이', '200520-15007-004', '200520-15007-004', '200609-15207-001', '200609-15207-001']",2020-06-15,주간,주말,,,0,5.543340381,holding 0,43.7,7.883333333,396.7,0,0,452,440.4,2020-06-13 06:58:00,588,0,396.7,0,,0,7,안겹침
30,5,54,2020-06-20 06:59:00,2020-06-21 09:19:00,1234,heat,"['200521-19929-018', '200521-19929-018', '200616-19234-003', '200616-19234-003', '200616-19234-003', '200616-19234-003', '200616-19234-003']",2020-06-22,주간,주말,,,0,3.349367089,holding 0,88.2,26.33333333,365.5,0,0,1181,453.7,2020-06-20 06:26:00,374.7,0,365.5,0,,7,7,겹침
31,5,59,2020-06-27 08:16:00,2020-06-28 16:11:00,1355.7,heat,"['200623-19476-002', '200623-19476-002', '200623-19476-002', '200623-19476-002', '200623-19476-002', '200623-19476-002', '200623-19476-002', '200623-19476-003', '200623-19476-003', '200623-19476-003', '200623-19476-003']",2020-06-29,야간,주말,,,0,0.664229765,holding 0,21.2,31.91666667,361.1,0,0,1398,382.3,2020-06-27 07:31:00,330.3,0,361.1,0,,11,11,겹침
32,6,7,2020-03-15 05:04:00,2020-03-15 07:55:00,186.4,heat,"['200130-15007-066', '200130-15007-066', '200130-15007-061', '200130-15007-061']",2020-03-16,주간,주말,,,0,0.175438596,holding 0,0.5,2.85,351.1,0,0,96,350.6,2020-03-14 06:24:00,352.6,0,351.1,0,,0,5,안겹침
33,6,13,2020-03-21 06:46:00,2020-03-22 19:37:00,1526.8,heat,"['200205-19576-011', '200205-19576-010', '200205-19576-008', '200205-19576-009', '200117-72168-002']",2020-03-23,야간,주말,,,0,1.611940299,holding 0,59.4,36.85,353,0,0,1360,412.4,2020-03-21 06:46:00,412.4,0,353,0,,0,6,안겹침
34,6,18,2020-03-29 16:30:00,2020-03-29 19:36:00,794.7,heat,"['200131-15200-007', '200131-15200-008', '200131-15200-009', '190905-19234-096', '190905-19234-096']",2020-03-30,주간,주말,,,0,0.838709677,holding 0,2.6,3.1,801.3,0,0,12,798.7,2020-03-28 07:00:00,387,0,801.3,0,,5,5,겹침
35,6,23,2020-04-05 06:34:00,2020-04-05 11:12:00,358.5,heat,"['200212-15226-001', '200212-15226-001', '200214-15226-001', '190905-19234-098', '190905-19234-098', '200214-15226-002', '200213-75360-001']",2020-04-06,주간,주말,,,0,0.539568345,holding 0,2.5,4.633333333,349.2,2020-04-05 07:34:00,1,93,351.7,2020-04-04 16:42:00,354.3,0,349.2,269.5,,0,3,안겹침
36,6,29,2020-04-12 14:10:00,2020-04-12 15:41:00,93.8,heat,"['191127-15042-015', '200313-19042-003', '200313-19042-003', '200313-19042-003', '200313-19042-003', '200312-15133-002']",2020-04-13,야간,주말,,,0,0.0659340659,holding 0,0.1,1.516666667,358.3,0,0,149,358.4,2020-04-11 07:00:00,831.5184632,0,358.3,0,,1,5,겹침
37,6,48,2020-05-10 13:28:00,2020-05-10 14:45:00,353.4,heat,"['200330-17035-001', '200204-19411-037', '200204-19411-037', '191127-15042-020', '200228-14072-008']",2020-05-11,주간,주말,,,0,1.324675325,holding 0,1.7,1.283333333,799,0,0,10,797.3,2020-05-10 07:00:00,467.4,0,799,0,,5,5,겹침
38,6,52,2020-05-14 15:51:00,2020-05-15 10:43:00,402.1,heat,"['190905-19234-115', '190905-19234-115', '200408-15007-068', '200408-15007-069']",2020-05-18,야간,평일,,,0,9.614840989,holding 0,181.4,18.86666667,144.4,2020-05-15 23:24:00,6,2726,325.8,2020-05-14 15:51:00,325.8,0,144.4,156.3,,0,2,안겹침
39,6,52,2020-05-16 07:25:00,2020-05-17 08:47:00,1673.5,heat,"['190905-19234-115', '190905-19234-115', '200408-15007-068', '200408-15007-069']",2020-05-18,야간,주말,,,0,0.0197109067,holding 1,0.5,25.36666667,349.9,2020-05-15 23:24:00,6,2726,349.4,2020-05-14 15:51:00,325.8,0,349.9,156.3,,4,4,겹침
40,6,56,2020-05-29 16:41:00,2020-05-29 21:54:00,12,heat,"['200204-19411-067', '가열로 다이', '가열로 다이', '200408-19001-024', '200408-19001-023']",2020-06-01,주간,평일,,,0,14.30031949,holding 0,74.6,5.216666667,283.9,2020-05-29 17:00:00,1,1439,358.5,2020-05-29 16:41:00,358.5,0,283.9,378.6,,0,4,안겹침
41,6,56,2020-05-29 22:56:00,2020-05-30 01:56:00,0,heat,"['200204-19411-067', '가열로 다이', '가열로 다이', '200408-19001-024', '200408-19001-023']",2020-06-01,주간,평일,,,0,3.6,holding 1,10.8,3,317.1,2020-05-29 17:00:00,1,1439,327.9,2020-05-29 16:41:00,358.5,0,317.1,378.6,,5,5,겹침
42,6,62,2020-06-07 16:35:00,2020-06-07 18:02:00,82.2,heat,"['200408-19001-027', '200408-19001-028', '200529-19302-024', '200529-19302-024', '200529-19302-024', '200529-19302-024', '200529-19302-024']",2020-06-08,야간,주말,,,0,1.517241379,holding 0,2.2,1.45,350.9,0,0,104,348.7,2020-06-06 07:00:00,379.4,0,350.9,0,,0,1,안겹침
43,6,69,2020-06-20 17:17:00,2020-06-21 20:02:00,1623.4,heat,"['200603-15200-002', '200410-19001-001', '200408-19001-038', '200408-19001-037']",2020-06-22,야간,주말,,,0,0.0523364486,holding 0,1.4,26.75,350.1,0,0,678,348.7,2020-06-20 06:10:00,286.8,0,350.1,0,,0,3,안겹침
44,6,73,2020-06-27 06:53:00,2020-06-28 19:31:00,2421.3,heat,"['200204-19411-109', '200204-19411-109', '200204-19411-109', '200204-19411-109', '200616-19234-004', '200616-19234-004', '200616-19234-004', '200616-19234-004']",2020-06-29,야간,주말,,,0,0.0682438581,holding 0,2.5,36.63333333,350.3,0,0,788,352.8,2020-06-27 06:42:00,292.4,0,350.3,0,,8,8,겹침
45,6,78,2020-07-07 00:06:00,2020-07-07 02:25:00,652.5,heat,"['200603-15200-012', '200623-19476-001', '200623-19476-001', '200623-19476-001', '200623-19476-001', '200330-17035-003', '200330-17035-004']",2020-07-07,야간,평일,,,0,0.517985612,holding 0,1.2,2.316666667,649.4,2020-07-07 09:49:00,1,12,648.2,2020-07-06 23:38:00,46.6,0,649.4,1146.5,,7,7,겹침
46,13,2,2020-03-07 09:49:00,2020-03-08 05:31:00,2056,heat,['200121-19151-001'],2020-03-09,주간,주말,,,0,0.162436548,holding 0,3.2,19.7,762.1,0,0,43,758.9,2020-03-07 07:00:00,616.7,0,762.1,0,,1,1,겹침
47,13,2,2020-03-08 10:50:00,2020-03-08 13:32:00,648.2,heat,['200121-19151-001'],2020-03-09,주간,주말,,,0,2.777777778,holding 1,7.5,2.7,1015.1,0,0,43,1007.6,2020-03-07 07:00:00,616.7,0,1015.1,0,,1,1,겹침
48,13,7,2020-03-21 07:13:00,2020-03-22 05:00:00,895.4,heat,"['190905-19234-090', '190905-19234-090']",2020-03-23,주간,주말,,,0,4.328997705,holding 0,94.3,21.78333333,761.3,0,0,499,855.6,2020-03-21 07:00:00,859.6,0,761.3,0,,0,3,안겹침
49,13,7,2020-03-22 09:37:00,2020-03-22 13:10:00,818.5,heat,"['190905-19234-090', '190905-19234-090']",2020-03-23,주간,주말,,,0,3.183098592,holding 1,11.3,3.55,1017.4,0,0,499,1006.1,2020-03-21 07:00:00,859.6,0,1017.4,0,,2,2,겹침
50,13,10,2020-04-05 13:42:00,2020-04-05 17:01:00,652.7,heat,[''],2020-04-06,주간,주말,,,0,2.924623116,holding 0,9.7,3.316666667,1022,0,0,9,1012.3,2020-04-05 09:00:00,864.1,0,1022,0,,1,1,겹침
51,13,12,2020-04-14 01:20:00,2020-04-14 20:52:00,970.6,heat,"['200323-15129-003', '200228-19503-004', '200228-19503-004', '200309-15107-001']",2020-04-15,야간,평일,,,0,2.534129693,holding 0,49.5,19.53333333,362.2,2020-04-15 06:06:00,1,621,411.7,2020-04-13 21:56:00,263.9,0,362.2,674.2,,4,4,겹침
52,13,28,2020-07-11 06:48:00,2020-07-12 20:44:00,1771.7,heat,['200615-19151-001'],2020-07-13,주간,주말,,,0,1.315465729,holding 0,49.9,37.93333333,362,0,0,945,411.9,2020-07-11 06:48:00,411.9,0,362,0,,0,1,안겹침
53,17,7,2020-03-07 11:25:00,2020-03-07 20:41:00,1121.2,heat,"['200129-19476-001', '200129-19476-001', '181112-19581-005']",2020-03-10,주간,주말,,,0,0.28057554,holding 0,2.6,9.266666667,650.6,0,0,21,648,2020-03-07 05:37:00,756.9,0,650.6,0,,3,3,겹침
54,17,16,2020-03-22 12:07:00,2020-03-22 17:44:00,933.2,heat,"['191020-15200-004', '191020-15200-005', '200214-15226-003']",2020-03-23,주간,주말,,,0,2.456973294,holding 0,13.8,5.616666667,667.8,0,0,18,654,2020-03-21 06:31:00,365.8,0,667.8,0,,3,3,겹침
55,17,22,2020-03-29 17:04:00,2020-03-30 05:46:00,2672.2,heat,"['200229-14072-011', '200229-14072-017', '191028-19041-003', '191028-19041-003', '200130-15007-064', '200229-14072-014']",2020-03-30,주간,주말,,,0,0.42519685,holding 0,5.4,12.7,1074.3,2020-03-30 06:25:00,1,38,1079.7,2020-03-28 07:00:00,596.5,0,1074.3,869.8,,6,6,겹침
56,17,45,2020-04-26 01:00:00,2020-04-26 03:07:00,141.8,heat,"['200312-19227-002', '200312-19227-002', '200312-19227-002', '200108-12005-003', '200108-12005-003']",2020-04-27,주간,주말,,,0,0.377952756,holding 0,0.8,2.116666667,366.2,0,0,93,367,2020-04-25 20:09:00,389.7,0,366.2,0,,0,6,안겹침
57,17,50,2020-05-04 11:51:00,2020-05-05 03:01:00,1196.3,heat,"['200110-19035-001', '200110-19035-001', '200110-19035-001', '200408-15007-062', '200319-17880-001']",2020-05-06,주간,주말,,,0,0.435164835,holding 0,6.6,15.16666667,358.1,0,0,245,351.5,2020-05-04 08:27:00,127.6,0,358.1,0,,5,5,겹침
58,17,60,2020-05-16 13:36:00,2020-05-17 00:24:00,700.3,heat,"['200408-15007-069', '200408-15007-069', '200408-15007-064', '200408-15007-065', '200330-17035-002', '200401-15459-001', '200401-15459-001']",2020-05-18,주간,주말,,,0,0.157407407,holding 0,1.7,10.8,367.1,0,0,388,368.8,2020-05-16 07:03:00,393.3,0,367.1,0,,0,5,안겹침
59,17,65,2020-05-23 21:12:00,2020-05-23 23:15:00,125.9,heat,"['200212-15045-015', '200212-15045-015', '190905-19234-114', '190905-19234-114', '200204-19411-061', '200204-19411-061', '200204-19411-061', '200204-19411-061']",2020-05-25,주간,주말,,,0,0.634146341,holding 0,1.3,2.05,370.2,0,0,140,368.9,2020-05-23 07:00:00,456.8,0,370.2,0,,0,4,안겹침
60,17,70,2020-06-01 17:21:00,2020-06-01 18:13:00,83.9,heat,"['200423-99010-019', '200423-99010-020', '200417-19151-006', '200417-19151-003', '200417-19151-005', '200423-99010-018', '200603-001']",2020-06-03,주간,주말,,,0,3.807692308,holding 0,3.3,0.866666667,370,2020-06-02 14:30:00,3,442,373.3,2020-06-01 07:17:00,57.2,0,370,719,,7,7,겹침
61,17,70,2020-06-02 04:12:00,2020-06-02 10:26:00,1103,heat,"['200423-99010-019', '200423-99010-020', '200417-19151-006', '200417-19151-003', '200417-19151-005', '200423-99010-018', '200603-001']",2020-06-03,주간,평일,,,0,2.262032086,holding 1,14.1,6.233333333,672.2,2020-06-02 14:30:00,3,442,658.1,2020-06-01 07:17:00,57.2,0,672.2,719,,7,7,겹침
62,17,84,2020-06-20 23:41:00,2020-06-21 05:29:00,903.5,heat,"['200619-99010-001', '200415-70190-001', '200519-99922-002', '200519-99922-002', '200622-001', '200622-002', '200612-15007-002', '200612-15007-002']",2020-06-22,주간,주말,,,0,1.586206897,holding 0,9.2,5.8,671.3,0,0,26,662.1,2020-06-20 06:10:00,523.7,0,671.3,0,,8,8,겹침
63,18,16,2020-03-21 06:31:00,2020-03-21 19:14:00,378.4,heat,"['200212-15045-009', '200206-60176-001', '200104-17035-002', '200120-19929-001', '200117-72168-002', '200130-15007-061', '200130-15007-061']",2020-03-23,주간,주말,,,0,1.580602883,holding 0,20.1,12.71666667,349.3,0,0,802,329.2,2020-03-21 06:31:00,329.2,0,349.3,0,,0,3,안겹침
64,18,16,2020-03-22 07:34:00,2020-03-22 09:13:00,375.4,heat,"['200212-15045-009', '200206-60176-001', '200104-17035-002', '200120-19929-001', '200117-72168-002', '200130-15007-061', '200130-15007-061']",2020-03-23,주간,주말,,,0,1.515151515,holding 1,2.5,1.65,798.1,0,0,802,800.6,2020-03-21 06:31:00,329.2,0,798.1,0,,7,7,겹침
65,18,29,2020-04-23 19:34:00,2020-04-23 20:17:00,61.5,heat,"['200129-19968-002', '200129-19968-003', '200129-19968-007', '200129-19968-001', '200129-19968-006']",2020-04-24,야간,평일,,,0,3.209302326,holding 0,2.3,0.716666667,698.1,0,0,202,700.4,2020-04-23 19:14:00,427.3,0,698.1,0,,5,5,겹침
66,18,37,2020-05-04 09:39:00,2020-05-04 12:29:00,271.6,heat,"['200212-15045-012', '200212-15045-012', '200212-15045-015', '200212-15045-015']",2020-05-06,야간,주말,,,0,4.905882353,holding 0,13.9,2.833333333,350.6,0,0,1125,336.7,2020-05-04 08:37:00,121.2,0,350.6,0,,4,4,겹침
67,18,53,2020-05-24 05:42:00,2020-05-24 11:28:00,680.3,heat,"['200423-15509-002', '190905-19234-110', '190905-19234-110', '200129-19968-003', '200228-14072-057', '200423-15509-001', '190905-19234-111', '190905-19234-111']",2020-05-25,주간,주말,,,0,1.300578035,holding 0,7.5,5.766666667,594,2020-05-23 06:05:00,0,1172,601.5,2020-05-23 06:05:00,311.7,0,594,311.7,,8,8,겹침
68,18,73,2020-06-14 04:04:00,2020-06-14 09:51:00,659.9,heat,"['200602-94594-005', '200507-15226-005', '200507-15226-005', '200417-19151-006']",2020-06-15,주간,주말,,,0,0.570605187,holding 0,3.3,5.783333333,647,0,0,92,650.3,2020-06-13 07:00:00,480.3,0,647,0,,4,4,겹침
69,18,96,2020-07-12 04:16:00,2020-07-12 08:02:00,551.8,heat,"['200701-19955-003', '200701-19955-004', '200415-70190-003', '200624-15200-007']",2020-07-13,주간,주말,,,0,0.265486726,holding 0,1,3.766666667,647.5,0,0,29,648.5,2020-07-11 07:00:00,490,0,647.5,0,,4,4,겹침
70,19,48,2020-05-01 09:23:00,2020-05-01 10:46:00,359.1,heat,"['200212-15226-008', '200212-15226-008', '200331-17035-002']",2020-05-06,주간,평일,,,0,0.144578313,holding 0,0.2,1.383333333,644.4,2020-05-01 10:30:00,1,1300,644.2,2020-05-01 08:44:00,314,0,644.4,493.8,,3,3,겹침
71,19,60,2020-05-17 10:30:00,2020-05-17 12:40:00,632.1,heat,"['200110-19035-001', '200110-19035-001', '200110-19035-001', '200228-14072-057', '200228-14072-057', '200423-15509-001', '200423-15509-002']",2020-05-18,주간,주말,,,0,7.846153846,holding 0,17,2.166666667,795.7,0,0,15,812.7,2020-05-16 07:00:00,729.6,0,795.7,0,,7,7,겹침
72,19,64,2020-05-24 06:38:00,2020-05-24 10:54:00,176.4,heat,"['200324-14173-004', '200324-14173-003', '200324-14173-005', '190905-19234-120', '190905-19234-120']",2020-05-25,야간,주말,,,0,0.375,holding 0,1.6,4.266666667,361.4,0,0,400,359.8,2020-05-23 07:00:00,694.1,0,361.4,0,,0,6,안겹침
73,19,68,2020-05-31 09:30:00,2020-05-31 12:46:00,759.8,heat,"['200213-19151-006', '200417-19151-001', '200417-19151-002', '200309-15008-001', '200309-15008-003']",2020-06-01,야간,주말,,,0,0.0306122449,holding 0,0.1,3.266666667,644.4,0,0,625,644.5,2020-05-30 07:00:00,422.5,0,644.4,0,,5,5,겹침
74,19,72,2020-06-07 05:18:00,2020-06-07 06:14:00,172.7,heat,"['200204-19411-079', '200204-19411-079', '200417-19151-008', '200417-19151-008', '200417-19151-006', '200415-70190-001', '200415-70190-002']",2020-06-08,주간,주말,,,0,0.107142857,holding 0,0.1,0.933333333,643.9,0,0,18,644,2020-06-06 07:00:00,401.4,0,643.9,0,,7,7,겹침
75,19,87,2020-06-24 03:10:00,2020-06-24 06:02:00,1149.1,heat,"['200508-99010-008', '200508-99010-007', '200508-99101-005', '200520-12005-001']",2020-06-24,야간,평일,,,0,1.220930233,holding 0,3.5,2.866666667,949.4,2020-06-24 04:19:00,1,7,945.9,2020-06-24 02:14:00,468.6,0,949.4,711.6,,4,4,겹침
76,20,6,2020-03-13 02:43:00,2020-03-13 05:15:00,970.2,heat,"['200130-15007-064', '200130-15007-064', '200213-19151-002', '191020-15200-004', '191020-15200-005']",2020-03-13,야간,평일,,,0,3.355263158,holding 0,8.5,2.533333333,1010.2,2020-03-13 02:09:00,3,24,1001.7,2020-03-12 19:08:00,136.8,0,1010.2,628.5,,5,5,겹침
77,20,12,2020-03-23 08:28:00,2020-03-23 09:45:00,242.3,heat,"['190313-19581-005', '200131-15200-010', '200131-15200-009', '200214-15226-006', '200131-15200-007', '200131-15200-008']",2020-03-24,주간,주말,,,0,12,holding 0,15.4,1.283333333,362,2020-03-23 15:23:00,3,32,346.6,2020-03-23 07:07:00,60.3,0,362,505.1,,6,6,겹침
78,20,16,2020-03-27 04:02:00,2020-03-27 06:34:00,810.6,heat,"['200313-19095-001', '191020-15200-006', '200302-12005-002', '200302-12005-001']",2020-03-27,야간,평일,,,0,4.263157895,holding 0,10.8,2.533333333,1009.5,0,0,5,998.7,2020-03-27 02:48:00,389.5,0,1009.5,0,,4,4,겹침
79,20,45,2020-05-04 08:36:00,2020-05-04 16:58:00,242.7,heat,"['200320-76000-002', '200320-76000-002', '200212-15226-008', '200212-15045-012', '200212-15045-012']",2020-05-06,주간,주말,,,0,3.442231076,holding 0,28.8,8.366666667,160.7,0,0,950,131.9,2020-05-01 08:52:00,443.4,0,160.7,0,,0,6,안겹침
80,20,66,2020-05-31 06:06:00,2020-05-31 09:57:00,721.7,heat,"['200228-14072-059', '200428-19157-003', '200428-19157-002', '200417-19151-004', '200417-19151-004']",2020-06-01,주간,주말,,,0,3.61038961,holding 0,13.9,3.85,662.9,0,0,11,649,2020-05-30 07:00:00,621.4,0,662.9,0,,5,5,겹침
