,에너지,시간(총),시간(0제외),시작온도,A_num,A_sum,A_max,C_num,C_sum,C_max,S_num,S_sum,S_max,H_A_num,H_A_sum,H_A_max,H_C_num,H_C_sum,H_C_max,H_S_num,H_S_sum,H_S_max,장입소재개수,장입중량총합,장입최대중량,열괴장입소재개수,열괴장입중량총합,열괴장입최대중량,민감소재장입개수,민감소재중량총합,민감소재최대중량,비민감소재장입개수,비민감소재중량총합,비민감소재최대중량,쉰시간,문열림횟수,drop,가열로번호,작업일자,주/야간,가열시작시간,요일,겹침여부,민감여부,직전 사이클 소재 수량,겹치는 소재 수량,강종종류,주말여부
0,1428.3,9480,8700,625.4,0,0,0,2,34200,17900,3,34200,12200,0,0,0,0,0,0,0,0,0,5,68400,17900,0,0,0,0,0,0,5,68400,17900,1260,1,누락없음,6,2019-09-25,야간,2019-09-25 4:48,수,안겹침,0,0,0,CS,평일
1,440.5,2460,2160,659.7,0,0,0,2,55000,27500,0,0,0,0,0,0,1,110879,110879,0,0,0,3,165879,110879,1,110879,110879,0,0,0,3,165879,110879,1020,1,누락없음,18,2019-09-25,주간,2019-09-24 17:01,화,안겹침,0,5,0,C,평일
2,601,3240,2880,855.6,7,102480,21600,0,0,0,0,0,0,0,0,0,0,0,0,0,0,0,7,102480,21600,0,0,0,7,102480,21600,0,0,0,1140,1,누락없음,19,2019-09-25,주간,2019-09-24 18:55,화,안겹침,0,8,0,A,평일
3,481,3300,2820,1016.7,4,76550,42900,2,81700,40850,0,0,0,0,0,0,0,0,0,0,0,0,6,158250,42900,0,0,0,4,76550,42900,2,81700,40850,420,1,중량누락,20,2019-09-25,주간,2019-09-25 5:18,수,안겹침,1,7,0,AC,평일
4,246,1380,1260,540.5,0,0,0,2,55000,27500,2,25054,12527,2,80050,42550,0,0,0,0,0,0,6,160104,42550,2,80050,42550,2,80050,42550,4,80054,27500,900,0,누락없음,17,2019-09-25,야간,2019-09-25 2:41,수,안겹침,0,1,0,ACS,평일
5,971.5,4440,4320,847.6,1,17000,17000,3,78850,27500,0,0,0,0,0,0,0,0,0,0,0,0,4,95850,27500,0,0,0,1,17000,17000,3,78850,27500,1320,0,누락없음,19,2019-09-26,주간,2019-09-25 18:38,수,겹침,0,7,1,AC,평일
6,2940.7,30540,30120,525.7,6,80880,13480,0,0,0,2,20700,10350,0,0,0,0,0,0,0,0,0,8,101580,13480,0,0,0,6,80880,13480,2,20700,10350,5640,0,누락없음,6,2019-09-26,야간,2019-09-26 7:02,목,안겹침,0,5,0,AS,평일
7,447.8,2340,2280,988.7,0,0,0,2,27300,13650,0,0,0,0,0,0,2,140729,110879,0,0,0,4,168029,110879,2,140729,110879,0,0,0,4,168029,110879,1500,0,누락없음,18,2019-09-26,주간,2019-09-25 16:29,수,겹침,0,3,1,C,평일
8,113.6,1320,1200,1072,0,0,0,0,0,0,0,0,0,0,0,0,1,110879,110879,0,0,0,1,110879,110879,1,110879,110879,0,0,0,1,110879,110879,300,0,누락없음,18,2019-09-26,야간,2019-09-26 13:03,목,겹침,0,4,1,C,평일
9,185,1020,960,1051.9,0,0,0,2,55000,27500,0,0,0,0,0,0,2,99200,49600,0,0,0,4,154200,49600,2,99200,49600,0,0,0,4,154200,49600,300,0,누락없음,19,2019-09-26,야간,2019-09-26 14:27,목,겹침,0,4,2,C,평일
10,42.6,180,120,1043.5,2,76550,42900,0,0,0,0,0,0,0,0,0,1,40850,40850,0,0,0,3,117400,42900,1,40850,40850,2,76550,42900,1,40850,40850,600,0,누락없음,20,2019-09-26,주간,2019-09-25 18:08,수,안겹침,1,6,0,AC,평일
11,115.4,840,780,1104.2,0,0,0,0,0,0,2,20700,10350,0,0,0,2,99200,49600,0,0,0,4,119900,49600,2,99200,49600,0,0,0,4,119900,49600,360,0,누락없음,19,2019-09-27,주간,2019-09-27 4:10,금,안겹침,0,4,0,CS,평일
12,396.1,2460,2400,541.4,0,0,0,0,0,0,0,0,0,0,0,0,4,150850,56100,0,0,0,4,150850,56100,4,150850,56100,0,0,0,4,150850,56100,7920,0,누락없음,17,2019-09-27,주간,2019-09-26 4:41,목,안겹침,0,6,0,C,평일
13,2612.1,14220,13980,615,1,17000,17000,5,67130,19300,0,0,0,0,0,0,0,0,0,0,0,0,6,84130,19300,0,0,0,1,17000,17000,5,67130,19300,7740,0,누락없음,20,2019-09-27,주간,2019-09-26 18:59,목,안겹침,0,3,0,AC,평일
14,515.5,3660,3600,937.8,0,0,0,2,34200,17900,0,0,0,0,0,0,0,0,0,0,0,0,2,34200,17900,0,0,0,0,0,0,2,34200,17900,780,0,누락없음,20,2019-09-27,야간,2019-09-27 18:45,금,안겹침,0,6,0,C,평일
15,5883.5,103080,83280,237.8,0,0,0,4,151150,48000,0,0,0,0,0,0,0,0,0,0,0,0,4,151150,48000,0,0,0,0,0,0,4,151150,48000,66780,0,누락없음,17,2019-09-30,주간,2019-09-28 11:01,토,안겹침,0,4,0,C,주말
16,123.4,780,720,824.8,0,0,0,2,63600,32500,1,51600,51600,0,0,0,0,0,0,0,0,0,3,115200,51600,0,0,0,0,0,0,3,115200,51600,480,0,누락없음,17,2019-09-30,야간,2019-09-30 16:46,월,겹침,0,4,1,CS,평일
17,695.6,3600,3540,643.1,0,0,0,0,0,0,0,0,0,0,0,0,0,0,0,0,0,0,1,173703,173703,0,0,0,1,173703,173703,0,0,0,18660,0,강종누락,18,2019-09-30,주간,2019-09-27 1:26,금,안겹침,0,1,0,,평일
18,4448.6,32460,32160,356.2,0,0,0,5,148180,48000,0,0,0,0,0,0,0,0,0,0,0,0,5,148180,48000,0,0,0,0,0,0,5,148180,48000,130200,0,누락없음,19,2019-09-30,주간,2019-09-29 6:05,일,안겹침,0,4,0,C,주말
19,7417.8,104340,77220,357.1,0,0,0,9,124050,20900,0,0,0,0,0,0,0,0,0,0,0,0,9,124050,20900,0,0,0,0,0,0,9,124050,20900,92160,0,누락없음,20,2019-09-30,야간,2019-09-29 5:23,일,안겹침,0,2,0,C,주말
20,3928.6,25140,24480,45.5,0,0,0,5,77380,17500,0,0,0,0,0,0,0,0,0,0,0,0,5,77380,17500,0,0,0,0,0,0,5,77380,17500,312780,2,누락없음,6,2019-10-01,야간,2019-09-30 20:37,월,안겹침,0,8,0,C,주말
21,560.3,3900,3420,1093.9,0,0,0,6,169920,56800,0,0,0,0,0,0,0,0,0,0,0,0,6,169920,56800,0,0,0,0,0,0,6,169920,56800,420,2,누락없음,19,2019-10-01,주간,2019-09-30 18:43,월,겹침,0,5,3,C,평일
22,271.6,1440,1380,784.3,0,0,0,3,25770,8590,0,0,0,0,0,0,4,101400,25350,0,0,0,7,127170,25350,4,101400,25350,4,101400,25350,3,25770,8590,11820,0,누락없음,18,2019-10-01,주간,2019-09-30 13:26,월,안겹침,0,1,0,C,주말
23,2177.6,10620,10500,769.2,0,0,0,5,80800,27000,0,0,0,0,0,0,2,52700,26350,0,0,0,7,133500,27000,2,52700,26350,2,52700,26350,5,80800,27000,1200,0,누락없음,20,2019-10-01,야간,2019-10-01 5:19,화,안겹침,0,9,0,C,평일
24,158.3,1140,1080,944,0,0,0,0,0,0,1,51600,51600,0,0,0,0,0,0,0,0,0,1,51600,51600,0,0,0,0,0,0,1,51600,51600,360,0,누락없음,17,2019-10-01,주간,2019-10-01 6:10,화,안겹침,0,3,0,S,평일
25,134,840,780,861.2,0,0,0,0,0,0,0,0,0,0,0,0,3,171140,120440,0,0,0,3,171140,120440,3,171140,120440,3,171140,120440,0,0,0,360,0,누락없음,17,2019-10-02,야간,2019-10-02 10:24,수,안겹침,0,3,0,C,평일
26,522.4,2640,2580,477,0,0,0,0,0,0,0,0,0,2,48200,24100,1,120440,120440,0,0,0,3,168640,120440,3,168640,120440,3,168640,120440,0,0,0,4980,0,누락없음,17,2019-10-02,주간,2019-10-01 19:26,화,안겹침,0,1,0,AC,평일
27,575.7,2580,2520,819.8,0,0,0,3,74900,48000,0,0,0,0,0,0,0,0,0,0,0,0,3,74900,48000,0,0,0,0,0,0,3,74900,48000,7080,0,누락없음,19,2019-10-02,주간,2019-10-01 16:15,화,안겹침,0,6,0,C,평일
28,2121,13920,13800,569.3,7,94360,13480,2,32370,16185,0,0,0,0,0,0,0,0,0,0,0,0,9,126730,16185,0,0,0,7,94360,13480,2,32370,16185,1860,0,누락없음,6,2019-10-02,야간,2019-10-02 5:50,수,안겹침,0,5,0,AC,평일
29,398,2040,1980,736.7,0,0,0,0,0,0,0,0,0,0,0,0,5,128750,26350,0,0,0,5,128750,26350,5,128750,26350,5,128750,26350,0,0,0,1200,0,누락없음,18,2019-10-02,주간,2019-10-01 17:19,화,겹침,0,7,3,C,평일
30,1462.7,7200,7140,633.1,0,0,0,2,81700,40850,0,0,0,0,0,0,3,79050,26350,0,0,0,6,187100,40850,3,79050,26350,4,105400,26350,2,81700,40850,840,0,강종누락,18,2019-10-03,주간,2019-10-02 15:58,수,겹침,0,5,3,C,평일
31,363.4,3240,2940,1012,0,0,0,1,40850,40850,0,0,0,0,0,0,3,76050,25350,0,0,0,4,116900,40850,3,76050,25350,3,76050,25350,1,40850,40850,780,0,누락없음,18,2019-10-03,야간,2019-10-03 16:14,목,겹침,0,6,4,C,평일
32,615.6,3540,3300,920.9,0,0,0,2,35590,27000,0,0,0,0,0,0,1,26350,26350,0,0,0,3,61940,27000,1,26350,26350,1,26350,26350,2,35590,27000,780,1,누락없음,20,2019-10-03,주간,2019-10-02 6:36,수,겹침,0,7,1,C,평일
33,2599.8,22980,12240,897.7,0,0,0,8,100060,14375,0,0,0,2,38400,19200,0,0,0,0,0,0,10,138460,19200,2,38400,19200,2,38400,19200,8,100060,14375,840,3,누락없음,19,2019-10-03,주간,2019-10-02 18:18,수,안겹침,0,3,0,AC,평일
34,161.3,960,900,1054.2,0,0,0,2,28750,14375,0,0,0,0,0,0,1,173703,173703,0,0,0,3,202453,173703,1,173703,173703,0,0,0,3,202453,173703,540,0,누락없음,19,2019-10-04,주간,2019-10-03 15:52,목,겹침,0,10,2,C,평일
35,807.8,3600,3360,560,0,0,0,3,73220,40850,0,0,0,0,0,0,1,76964,76964,0,0,0,4,150184,76964,1,76964,76964,0,0,0,4,150184,76964,1980,0,누락없음,17,2019-10-04,야간,2019-10-04 3:30,금,안겹침,0,3,0,C,평일
36,1184.5,5880,5520,874.8,0,0,0,5,94920,27000,0,0,0,0,0,0,0,0,0,0,0,0,5,94920,27000,0,0,0,0,0,0,5,94920,27000,1140,1,누락없음,20,2019-10-04,주간,2019-10-03 18:45,목,겹침,0,3,1,C,평일
37,1283.3,7800,7680,147,7,94360,13480,0,0,0,0,0,0,0,0,0,0,0,0,0,0,0,7,94360,13480,0,0,0,7,94360,13480,0,0,0,98160,0,누락없음,6,2019-10-04,야간,2019-10-04 2:42,금,안겹침,0,9,0,A,평일
38,118.3,900,840,899.8,0,0,0,1,40850,40850,0,0,0,0,0,0,2,50700,25350,0,0,0,3,91550,40850,2,50700,25350,2,50700,25350,1,40850,40850,600,0,누락없음,18,2019-10-04,주간,2019-10-04 6:39,금,겹침,0,4,3,C,평일
39,117.9,900,780,1063.9,0,0,0,1,40850,40850,0,0,0,0,0,0,0,0,0,0,0,0,1,40850,40850,0,0,0,0,0,0,1,40850,40850,2580,0,누락없음,18,2019-10-04,야간,2019-10-04 11:35,금,겹침,0,3,1,C,평일
40,3464.7,32280,31020,359.9,0,0,0,5,96170,32500,0,0,0,0,0,0,0,0,0,0,0,0,7,146370,32500,0,0,0,0,0,0,7,146370,32500,129840,0,강종누락,18,2019-10-07,주간,2019-10-06 13:05,일,안겹침,0,1,0,C,주말
41,5092.9,92820,72420,297.5,0,0,0,5,71340,23800,2,23270,12200,0,0,0,0,0,0,0,0,0,8,115460,23800,0,0,0,1,20850,20850,7,94610,23800,81480,0,강종누락,17,2019-10-07,야간,2019-10-06 4:29,일,안겹침,0,4,0,CS,주말
42,148.1,900,840,914.7,0,0,0,1,32500,32500,0,0,0,0,0,0,0,0,0,0,0,0,1,32500,32500,0,0,0,0,0,0,1,32500,32500,480,0,누락없음,18,2019-10-07,야간,2019-10-07 17:16,월,겹침,0,7,1,C,평일
43,313.5,1800,1740,1018.5,0,0,0,0,0,0,3,141900,59000,0,0,0,0,0,0,0,0,0,3,141900,59000,0,0,0,3,141900,59000,0,0,0,540,0,누락없음,20,2019-10-07,야간,2019-10-07 19:03,월,겹침,0,5,3,S,평일
44,7999.8,117180,99660,309.6,0,0,0,2,31300,15650,3,141900,59000,0,0,0,0,0,0,0,0,0,5,173200,59000,0,0,0,3,141900,59000,2,31300,15650,56580,0,누락없음,20,2019-10-07,주간,2019-10-05 6:59,토,안겹침,0,5,0,CS,주말
45,280.7,1440,1380,1019.1,0,0,0,1,173703,173703,0,0,0,0,0,0,0,0,0,0,0,0,1,173703,173703,0,0,0,0,0,0,1,173703,173703,19860,0,누락없음,19,2019-10-07,주간,2019-10-05 0:03,토,겹침,0,3,1,C,주말
46,1215.7,7380,7260,49.6,0,0,0,4,59880,14970,2,22000,11000,0,0,0,0,0,0,0,0,0,6,81880,14970,0,0,0,0,0,0,6,81880,14970,234180,0,누락없음,6,2019-10-08,주간,2019-10-07 14:48,월,안겹침,0,7,0,CS,주말
47,173.5,2280,2220,1011.1,0,0,0,2,29940,14970,2,22000,11000,0,0,0,0,0,0,0,0,0,4,51940,14970,0,0,0,0,0,0,4,51940,14970,240,0,누락없음,6,2019-10-08,야간,2019-10-08 16:59,화,겹침,0,6,2,CS,평일
48,129.5,900,840,1075,0,0,0,1,173703,173703,0,0,0,0,0,0,0,0,0,0,0,0,1,173703,173703,0,0,0,0,0,0,1,173703,173703,240,0,누락없음,19,2019-10-08,주간,2019-10-07 19:35,월,겹침,0,1,1,C,평일
49,3326.5,15780,15240,809.9,0,0,0,3,91540,61600,0,0,0,0,0,0,2,108200,54100,0,0,0,5,199740,61600,2,108200,54100,0,0,0,5,199740,61600,1140,0,누락없음,20,2019-10-08,야간,2019-10-08 6:03,화,안겹침,0,3,0,C,평일
50,3262.5,21060,20700,406.7,0,0,0,10,120230,25350,0,0,0,0,0,0,0,0,0,0,0,0,10,120230,25350,0,0,0,0,0,0,10,120230,25350,1560,0,누락없음,17,2019-10-08,야간,2019-10-08 7:36,화,안겹침,0,8,0,C,평일
51,792.3,6180,4860,947.8,0,0,0,1,32500,32500,1,59000,59000,0,0,0,0,0,0,0,0,0,2,91500,59000,0,0,0,1,59000,59000,1,32500,32500,420,4,누락없음,18,2019-10-08,주간,2019-10-08 4:39,화,안겹침,0,1,0,CS,평일
52,2777.9,19080,18900,515,0,0,0,6,91825,23800,0,0,0,0,0,0,0,0,0,0,0,0,6,91825,23800,0,0,0,0,0,0,6,91825,23800,3240,0,누락없음,6,2019-10-09,야간,2019-10-09 2:22,수,안겹침,0,4,0,C,평일
53,775.5,4380,4020,771.2,0,0,0,0,0,0,0,0,0,0,0,0,2,201215,124251,0,0,0,2,201215,124251,2,201215,124251,1,124251,124251,1,76964,76964,17940,1,누락없음,19,2019-10-09,야간,2019-10-08 13:36,화,안겹침,0,1,0,C,평일
54,162.7,1080,960,746.8,0,0,0,3,91540,61600,0,0,0,0,0,0,0,0,0,0,0,0,3,91540,61600,0,0,0,0,0,0,3,91540,61600,540,0,누락없음,17,2019-10-09,주간,2019-10-09 4:18,수,안겹침,0,10,0,C,평일
55,1218.3,7140,6060,733.3,0,0,0,6,95080,18600,1,59000,59000,0,0,0,0,0,0,0,0,0,7,154080,59000,0,0,0,1,59000,59000,6,95080,18600,720,2,누락없음,18,2019-10-09,주간,2019-10-08 15:33,화,겹침,0,2,1,CS,평일
56,715.1,3660,3600,814.5,0,0,0,1,25350,25350,0,0,0,0,0,0,0,0,0,4,89400,22850,5,114750,25350,4,89400,22850,0,0,0,5,114750,25350,1380,0,누락없음,20,2019-10-09,야간,2019-10-09 7:02,수,안겹침,0,5,0,CS,평일
57,189.5,1440,1260,1057.4,0,0,0,1,23800,23800,0,0,0,0,0,0,1,124251,124251,0,0,0,2,148051,124251,1,124251,124251,1,124251,124251,1,23800,23800,360,1,누락없음,19,2019-10-10,주간,2019-10-10 5:59,목,겹침,0,2,1,C,평일
58,171,960,900,1034.1,0,0,0,0,0,0,0,0,0,0,0,0,1,124251,124251,0,0,0,1,124251,124251,1,124251,124251,1,124251,124251,0,0,0,360,0,누락없음,19,2019-10-10,야간,2019-10-10 17:15,목,겹침,0,2,1,C,평일
59,1220.8,5640,5460,620.8,0,0,0,5,47100,13950,3,38000,12900,0,0,0,0,0,0,1,31600,31600,9,116700,31600,1,31600,31600,0,0,0,9,116700,31600,900,0,누락없음,18,2019-10-10,주간,2019-10-09 18:17,수,안겹침,0,7,0,CS,평일
60,1580.2,10020,9840,516.4,0,0,0,5,32000,6400,3,36600,12200,0,0,0,0,0,0,0,0,0,8,68600,12200,0,0,0,0,0,0,8,68600,12200,4020,0,누락없음,6,2019-10-10,야간,2019-10-10 7:04,목,안겹침,0,6,0,CS,평일
61,646.7,4980,4200,657.6,0,0,0,10,152370,20680,0,0,0,0,0,0,0,0,0,0,0,0,10,152370,20680,0,0,0,0,0,0,10,152370,20680,19500,0,누락없음,17,2019-10-11,주간,2019-10-09 23:26,수,안겹침,0,3,0,C,평일
62,1880.2,12480,12360,539.8,0,0,0,10,82300,8230,0,0,0,0,0,0,0,0,0,0,0,0,10,82300,8230,0,0,0,0,0,0,10,82300,8230,19980,0,누락없음,6,2019-10-11,야간,2019-10-11 4:49,금,안겹침,0,8,0,C,평일
63,2870.6,13620,13440,802.8,0,0,0,9,114490,15650,0,0,0,0,0,0,1,64000,64000,0,0,0,10,178490,64000,1,64000,64000,0,0,0,10,178490,64000,1860,0,누락없음,19,2019-10-11,야간,2019-10-11 2:18,금,안겹침,0,1,0,C,평일
64,494.3,2520,2400,600.1,0,0,0,5,71300,26200,3,36600,12200,0,0,0,0,0,0,0,0,0,8,107900,26200,0,0,0,0,0,0,8,107900,26200,1020,0,누락없음,18,2019-10-11,주간,2019-10-10 18:52,목,겹침,0,9,2,CS,평일
65,2975,30900,28860,403.6,0,0,0,6,76700,25950,0,0,0,0,0,0,0,0,0,0,0,0,6,76700,25950,0,0,0,0,0,0,6,76700,25950,110760,0,누락없음,18,2019-10-14,주간,2019-10-13 1:26,일,안겹침,0,8,0,C,주말
66,3310.9,30000,29400,437.8,0,0,0,2,105000,64000,1,59000,59000,0,0,0,0,0,0,0,0,0,3,164000,64000,0,0,0,1,59000,59000,2,105000,64000,147300,0,누락없음,19,2019-10-14,주간,2019-10-13 15:53,일,안겹침,0,10,0,CS,주말
67,6107.5,99240,81360,299,0,0,0,8,131950,26200,0,0,0,0,0,0,0,0,0,0,0,0,8,131950,26200,0,0,0,0,0,0,8,131950,26200,73500,0,누락없음,17,2019-10-14,주간,2019-10-12 12:58,토,안겹침,0,10,0,C,주말
68,94.4,840,780,979.2,0,0,0,3,92900,41000,0,0,0,0,0,0,0,0,0,0,0,0,3,92900,41000,0,0,0,0,0,0,3,92900,41000,420,0,누락없음,18,2019-10-14,야간,2019-10-14 13:05,월,안겹침,0,6,0,C,평일
69,4000.6,56280,48180,351.9,0,0,0,8,54860,8230,0,0,0,0,0,0,0,0,0,0,0,0,8,54860,8230,0,0,0,0,0,0,8,54860,8230,120180,0,누락없음,6,2019-10-14,야간,2019-10-13 15:36,일,안겹침,0,10,0,C,주말
70,1313.1,7260,7140,445.6,0,0,0,0,0,0,1,59000,59000,0,0,0,0,0,0,0,0,0,1,59000,59000,0,0,0,1,59000,59000,0,0,0,2202480,0,누락없음,13,2019-10-14,야간,2019-10-14 10:01,월,안겹침,0,4,0,S,주말
71,259.7,1680,1620,853.5,0,0,0,0,0,0,1,59000,59000,0,0,0,0,0,0,0,0,0,1,59000,59000,0,0,0,1,59000,59000,0,0,0,480,0,누락없음,13,2019-10-15,주간,2019-10-15 5:47,화,겹침,0,1,1,S,평일
72,86.6,840,780,979.4,0,0,0,3,92900,41000,2,28500,14250,0,0,0,0,0,0,0,0,0,5,121400,41000,0,0,0,2,28500,14250,3,92900,41000,420,0,누락없음,18,2019-10-15,야간,2019-10-15 6:23,화,겹침,0,3,2,CS,평일
73,3020.2,37380,33720,267.4,0,0,0,1,26200,26200,4,64250,22850,0,0,0,0,0,0,0,0,0,5,90450,26200,0,0,0,2,28500,14250,3,61950,26200,364980,3,누락없음,20,2019-10-15,주간,2019-10-14 10:25,월,안겹침,0,5,0,CS,주말
74,299.2,2100,1920,866.5,0,0,0,0,0,0,1,59000,59000,0,0,0,0,0,0,0,0,0,1,59000,59000,0,0,0,1,59000,59000,0,0,0,420,1,누락없음,13,2019-10-15,야간,2019-10-15 11:32,화,겹침,0,1,1,S,평일
75,1973.9,16560,16320,393.8,3,38350,15900,2,12800,6400,0,0,0,0,0,0,0,0,0,2,88200,44100,7,139350,44100,2,88200,44100,5,126550,44100,2,12800,6400,25920,1,누락없음,17,2019-10-15,야간,2019-10-15 1:49,화,안겹침,0,8,0,ACS,평일
76,356.1,2460,2040,915.4,0,0,0,3,116400,64000,0,0,0,0,0,0,0,0,0,0,0,0,3,116400,64000,0,0,0,0,0,0,3,116400,64000,780,1,누락없음,19,2019-10-15,주간,2019-10-14 18:50,월,겹침,0,3,1,C,평일
77,298.7,1860,1800,684.5,0,0,0,5,74800,25950,0,0,0,0,0,0,2,62950,33350,0,0,0,7,137750,33350,2,62950,33350,0,0,0,7,137750,33350,780,0,누락없음,17,2019-10-16,야간,2019-10-16 18:46,수,안겹침,0,7,0,C,평일
78,85,780,660,1032.7,0,0,0,1,17330,17330,0,0,0,0,0,0,3,178937,81737,0,0,0,4,196267,81737,3,178937,81737,0,0,0,4,196267,81737,360,0,누락없음,18,2019-10-16,야간,2019-10-16 3:00,수,안겹침,0,5,0,C,평일
79,245.6,1200,1140,981.2,0,0,0,5,92160,64000,0,0,0,0,0,0,0,0,0,0,0,0,5,92160,64000,0,0,0,0,0,0,5,92160,64000,660,0,누락없음,19,2019-10-16,주간,2019-10-15 18:23,화,겹침,0,3,1,C,평일
80,1054.4,5760,5640,440.4,0,0,0,2,51900,25950,0,0,0,0,0,0,0,0,0,0,0,0,2,51900,25950,0,0,0,0,0,0,2,51900,25950,9420,0,누락없음,13,2019-10-16,주간,2019-10-15 22:58,화,안겹침,0,1,0,C,평일
81,263.5,1560,1500,651.6,0,0,0,2,51900,25950,0,0,0,0,0,0,0,0,0,0,0,0,2,51900,25950,0,0,0,0,0,0,2,51900,25950,840,0,누락없음,13,2019-10-16,야간,2019-10-16 17:34,수,겹침,0,2,2,C,평일
82,2462.3,11880,11040,794.1,0,0,0,8,117330,25950,0,0,0,1,24100,24100,0,0,0,0,0,0,9,141430,25950,1,24100,24100,1,24100,24100,8,117330,25950,5040,1,누락없음,20,2019-10-16,주간,2019-10-15 17:25,화,안겹침,0,5,0,AC,평일
83,424.3,2160,1860,654.3,0,0,0,3,22900,8400,0,0,0,0,0,0,2,62950,33350,2,88200,44100,7,174050,44100,4,151150,44100,2,88200,44100,5,85850,33350,600,1,누락없음,17,2019-10-16,주간,2019-10-16 6:57,수,겹침,0,7,2,CS,평일
84,1114.6,4980,4500,820.9,0,0,0,3,44910,14970,0,0,0,0,0,0,3,131300,50600,0,0,0,6,176210,50600,3,131300,50600,0,0,0,6,176210,50600,480,1,누락없음,17,2019-10-17,야간,2019-10-17 6:53,목,안겹침,0,7,0,C,평일
85,183.6,1380,1320,792.2,0,0,0,2,51900,25950,0,0,0,0,0,0,0,0,0,0,0,0,2,51900,25950,0,0,0,0,0,0,2,51900,25950,480,0,누락없음,13,2019-10-17,주간,2019-10-17 4:34,목,안겹침,0,2,0,C,평일
86,4884.9,48240,47400,166.6,2,80050,42550,2,29940,14970,0,0,0,0,0,0,0,0,0,0,0,0,4,109990,42550,0,0,0,2,80050,42550,2,29940,14970,133440,2,누락없음,6,2019-10-17,야간,2019-10-16 15:23,수,안겹침,0,8,0,AC,평일
87,127.6,900,840,909.7,0,0,0,0,0,0,0,0,0,0,0,0,2,111337,81737,0,0,0,2,111337,81737,2,111337,81737,0,0,0,2,111337,81737,600,0,누락없음,18,2019-10-17,주간,2019-10-17 6:34,목,안겹침,0,4,0,C,평일
88,1097.6,5040,4920,888.6,0,0,0,2,63000,31500,0,0,0,0,0,0,2,91200,51600,0,0,0,4,154200,51600,2,91200,51600,0,0,0,4,154200,51600,960,0,누락없음,20,2019-10-17,주간,2019-10-16 19:17,수,안겹침,0,9,0,C,평일
89,361.9,2340,2220,643.2,0,0,0,2,51900,25950,0,0,0,0,0,0,0,0,0,0,0,0,2,51900,25950,0,0,0,0,0,0,2,51900,25950,900,0,누락없음,13,2019-10-17,야간,2019-10-17 17:06,목,겹침,0,2,2,C,평일
90,2720.4,12840,12600,728.8,0,0,0,9,133910,20050,0,0,0,1,19200,19200,0,0,0,0,0,0,10,153110,20050,1,19200,19200,1,19200,19200,9,133910,20050,7140,0,누락없음,19,2019-10-17,주간,2019-10-16 18:35,수,안겹침,0,5,0,AC,평일
91,294.5,1740,1680,956.1,0,0,0,3,80500,31500,0,0,0,0,0,0,1,51600,51600,0,0,0,4,132100,51600,1,51600,51600,0,0,0,4,132100,51600,600,0,누락없음,20,2019-10-17,야간,2019-10-17 17:16,목,겹침,0,4,3,C,평일
92,1560.9,7380,7320,623.3,0,0,0,0,0,0,0,0,0,0,0,0,2,202195,130110,0,0,0,2,202195,130110,2,202195,130110,1,130110,130110,1,72085,72085,5700,0,누락없음,19,2019-10-18,주간,2019-10-17 14:56,목,안겹침,0,10,0,C,평일
93,4283,38520,38100,364.4,0,0,0,8,123890,19100,2,24400,12200,0,0,0,0,0,0,0,0,0,10,148290,19100,0,0,0,0,0,0,10,148290,19100,2100,1,누락없음,17,2019-10-18,야간,2019-10-18 5:20,금,안겹침,0,6,0,CS,평일
94,705.6,3780,3600,640.6,0,0,0,5,52290,14970,0,0,0,2,43700,21850,2,202195,130110,0,0,0,9,298185,130110,4,245895,130110,3,173810,130110,6,124375,72085,960,0,누락없음,18,2019-10-18,주간,2019-10-17 18:57,목,안겹침,0,2,0,AC,평일
95,249.5,1320,1260,744.5,0,0,0,4,59880,14970,0,0,0,0,0,0,0,0,0,0,0,0,4,59880,14970,0,0,0,0,0,0,4,59880,14970,2340,0,누락없음,18,2019-10-18,야간,2019-10-18 19:53,금,안겹침,0,9,0,C,평일
96,207,1920,1860,980,0,0,0,6,52740,13150,0,0,0,0,0,0,0,0,0,0,0,0,6,52740,13150,0,0,0,0,0,0,6,52740,13150,780,0,누락없음,6,2019-10-18,야간,2019-10-18 4:47,금,안겹침,0,4,0,C,평일
97,783.7,21480,18900,1019.4,2,80050,42550,0,0,0,0,0,0,0,0,0,0,0,0,0,0,0,2,80050,42550,0,0,0,2,80050,42550,0,0,0,6660,1,누락없음,13,2019-10-18,야간,2019-10-18 9:14,금,안겹침,0,2,0,A,평일
98,155.2,1020,960,1003.7,0,0,0,3,47440,17500,0,0,0,1,21850,21850,0,0,0,0,0,0,4,69290,21850,1,21850,21850,1,21850,21850,3,47440,17500,540,0,누락없음,20,2019-10-18,주간,2019-10-18 6:04,금,겹침,0,4,1,AC,평일
99,2995.3,18720,16380,56.1,0,0,0,4,63670,16185,0,0,0,0,0,0,0,0,0,0,0,0,4,63670,16185,0,0,0,0,0,0,4,63670,16185,199560,1,누락없음,18,2019-10-21,야간,2019-10-21 13:57,월,안겹침,0,4,0,C,주말
100,142.7,1260,1200,1158.2,0,0,0,2,107500,63000,0,0,0,0,0,0,0,0,0,0,0,0,2,107500,63000,0,0,0,0,0,0,2,107500,63000,240,0,누락없음,20,2019-10-21,야간,2019-10-21 15:02,월,안겹침,0,4,0,C,주말
101,3364.7,25080,24720,644.1,0,0,0,2,202195,130110,0,0,0,0,0,0,0,0,0,0,0,0,2,202195,130110,0,0,0,1,130110,130110,1,72085,72085,32160,0,누락없음,19,2019-10-21,주간,2019-10-19 4:56,토,겹침,0,2,2,C,주말
102,231.7,1200,1140,1089.4,0,0,0,1,130110,130110,0,0,0,0,0,0,0,0,0,0,0,0,1,130110,130110,0,0,0,1,130110,130110,0,0,0,1080,0,누락없음,19,2019-10-21,야간,2019-10-21 11:21,월,겹침,0,2,1,C,평일
103,4045,24660,22980,61.3,0,0,0,0,0,0,0,0,0,0,0,0,3,84800,35350,0,0,0,3,84800,35350,3,84800,35350,1,27350,27350,2,57450,35350,209940,2,누락없음,13,2019-10-22,주간,2019-10-21 16:29,월,안겹침,0,2,0,C,주말
104,185,1500,1440,987.4,0,0,0,0,0,0,0,0,0,0,0,0,1,35350,35350,0,0,0,1,35350,35350,1,35350,35350,0,0,0,1,35350,35350,420,0,누락없음,13,2019-10-22,야간,2019-10-22 18:03,화,겹침,0,3,1,C,평일
105,471.4,2040,1980,903.2,0,0,0,3,72100,31500,0,0,0,0,0,0,1,91370,91370,0,0,0,4,163470,91370,1,91370,91370,1,9100,9100,3,154370,91370,8040,0,누락없음,19,2019-10-22,야간,2019-10-21 20:43,월,안겹침,0,1,0,C,주말
106,3573.8,16800,16320,507.5,1,19650,19650,4,117940,36000,2,28500,14250,0,0,0,0,0,0,0,0,0,7,166090,36000,0,0,0,2,28500,14250,5,137590,36000,1140,1,누락없음,18,2019-10-22,야간,2019-10-22 6:05,화,안겹침,0,4,0,ACS,평일
107,4323.7,40920,39780,71.6,0,0,0,5,90300,31500,0,0,0,0,0,0,0,0,0,0,0,0,5,90300,31500,0,0,0,3,27300,9100,2,63000,31500,200100,1,누락없음,17,2019-10-22,주간,2019-10-21 10:45,월,안겹침,0,10,0,C,주말
108,256.4,1980,1620,1065.6,0,0,0,2,107500,63000,0,0,0,0,0,0,0,0,0,0,0,0,2,107500,63000,0,0,0,0,0,0,2,107500,63000,420,1,누락없음,20,2019-10-22,주간,2019-10-22 5:10,화,안겹침,0,2,0,C,평일
109,390.9,1860,1800,706,0,0,0,6,117780,31500,0,0,0,0,0,0,0,0,0,0,0,0,6,117780,31500,0,0,0,0,0,0,6,117780,31500,660,0,누락없음,17,2019-10-23,주간,2019-10-22 14:13,화,안겹침,0,5,0,C,평일
110,163.1,1080,960,1021.9,0,0,0,2,63000,31500,0,0,0,0,0,0,1,91370,91370,0,0,0,3,154370,91370,1,91370,91370,0,0,0,3,154370,91370,300,0,누락없음,19,2019-10-23,야간,2019-10-23 15:37,수,안겹침,0,3,0,C,평일
111,2047.6,11100,10800,517.8,0,0,0,4,59880,14970,0,0,0,0,0,0,4,192400,63600,0,0,0,8,252280,63600,4,192400,63600,0,0,0,8,252280,63600,2160,1,누락없음,13,2019-10-23,야간,2019-10-22 21:00,화,안겹침,0,1,0,C,평일
112,619.9,2940,2880,881.8,0,0,0,5,127740,63000,0,0,0,0,0,0,0,0,0,0,0,0,5,127740,63000,0,0,0,0,0,0,5,127740,63000,1320,0,누락없음,20,2019-10-23,주간,2019-10-22 15:29,화,겹침,0,2,1,C,평일
113,1025.3,4980,4920,550,0,0,0,3,78780,36000,0,0,0,3,42750,14250,0,0,0,0,0,0,6,121530,36000,3,42750,14250,0,0,0,6,121530,36000,1740,0,누락없음,18,2019-10-23,야간,2019-10-23 5:41,수,겹침,0,7,1,AC,평일
114,201,1560,1440,1033,0,0,0,0,0,0,2,28500,14250,0,0,0,1,91370,91370,0,0,0,3,119870,91370,1,91370,91370,2,28500,14250,1,91370,91370,420,1,누락없음,19,2019-10-23,주간,2019-10-23 6:12,수,안겹침,0,4,0,CS,평일
115,851.2,3540,3480,491.7,0,0,0,7,104100,14970,0,0,0,0,0,0,0,0,0,0,0,0,7,104100,14970,0,0,0,0,0,0,7,104100,14970,1980,1,누락없음,17,2019-10-24,주간,2019-10-23 19:04,수,안겹침,0,6,0,C,평일
116,409.8,2280,2220,907.6,0,0,0,6,86825,35000,0,0,0,0,0,0,1,35500,35500,0,0,0,7,122325,35500,1,35500,35500,0,0,0,7,122325,35500,1260,0,누락없음,20,2019-10-24,주간,2019-10-23 16:08,수,안겹침,0,5,0,C,평일
117,974.7,5100,5040,549.3,0,0,0,2,21160,10580,0,0,0,1,24100,24100,1,35500,35500,0,0,0,5,100760,35500,2,59600,35500,1,24100,24100,4,76660,35500,1860,0,강종누락,13,2019-10-24,야간,2019-10-24 7:27,목,안겹침,0,8,0,AC,평일
118,129.2,1020,960,1029.3,0,0,0,1,27810,27810,0,0,0,0,0,0,1,91370,91370,0,0,0,2,119180,91370,1,91370,91370,0,0,0,2,119180,91370,360,0,누락없음,19,2019-10-24,주간,2019-10-23 22:17,수,안겹침,0,3,0,C,평일
119,1062.9,5340,4980,523.7,6,80880,13480,1,35000,35000,0,0,0,0,0,0,0,0,0,0,0,0,7,115880,35000,0,0,0,6,80880,13480,1,35000,35000,1620,1,누락없음,18,2019-10-24,야간,2019-10-24 4:25,목,안겹침,0,6,0,AC,평일
120,120.9,1080,1020,1108.9,0,0,0,1,42360,42360,0,0,0,0,0,0,0,0,0,0,0,0,1,42360,42360,0,0,0,0,0,0,1,42360,42360,360,0,누락없음,20,2019-10-25,야간,2019-10-25 16:46,금,겹침,0,9,1,C,평일
121,460.6,2220,2160,954.8,0,0,0,9,138405,42360,0,0,0,0,0,0,0,0,0,0,0,0,9,138405,42360,0,0,0,0,0,0,9,138405,42360,480,0,누락없음,20,2019-10-25,주간,2019-10-24 16:34,목,안겹침,0,7,0,C,평일
122,488,3660,3180,1113,0,0,0,4,71560,27810,1,40000,40000,0,0,0,0,0,0,0,0,0,5,111560,40000,0,0,0,0,0,0,5,111560,40000,15900,2,누락없음,19,2019-10-25,주간,2019-10-24 13:07,목,겹침,0,2,1,CS,평일
123,162.1,960,900,924.5,0,0,0,0,0,0,0,0,0,0,0,0,1,81737,81737,0,0,0,1,81737,81737,1,81737,81737,0,0,0,1,81737,81737,960,0,누락없음,17,2019-10-25,야간,2019-10-24 19:04,목,안겹침,0,7,0,C,평일
124,1136.9,6480,6420,690,0,0,0,0,0,0,2,28500,14250,1,19200,19200,2,135887,81737,0,0,0,6,193587,81737,3,155087,81737,3,47700,19200,3,145887,81737,5040,0,강종누락,18,2019-10-25,야간,2019-10-24 23:13,목,안겹침,0,7,0,ACS,평일
125,1580.7,18840,17760,794.2,0,0,0,1,180000,180000,0,0,0,0,0,0,0,0,0,0,0,0,1,180000,180000,0,0,0,1,180000,180000,0,0,0,24360,0,누락없음,19,2019-10-28,야간,2019-10-25 20:51,금,안겹침,0,5,0,C,평일
126,230.8,1980,1920,726,0,0,0,4,151100,49600,0,0,0,0,0,0,0,0,0,0,0,0,4,151100,49600,0,0,0,0,0,0,4,151100,49600,600,0,누락없음,17,2019-10-28,야간,2019-10-28 18:29,월,안겹침,0,1,0,C,주말
127,247.7,2100,1800,1026.6,0,0,0,1,54150,54150,2,70800,40000,0,0,0,0,0,0,0,0,0,3,124950,54150,0,0,0,1,30800,30800,2,94150,54150,420,1,누락없음,18,2019-10-28,야간,2019-10-28 17:00,월,겹침,0,6,1,CS,주말
128,2358,22200,21960,37.9,0,0,0,2,51900,25950,0,0,0,0,0,0,0,0,0,0,0,0,2,51900,25950,0,0,0,0,0,0,2,51900,25950,249060,1,누락없음,13,2019-10-29,주간,2019-10-28 15:35,월,안겹침,0,5,0,C,주말
129,537.8,2340,2280,900.1,0,0,0,2,52200,26100,0,0,0,0,0,0,2,138685,72085,0,0,0,4,190885,72085,2,138685,72085,1,66600,66600,3,124285,72085,900,0,누락없음,19,2019-10-29,야간,2019-10-28 20:42,월,안겹침,0,1,0,C,주말
130,120.6,1020,960,1074.8,0,0,0,1,19100,19100,0,0,0,0,0,0,0,0,0,0,0,0,1,19100,19100,0,0,0,0,0,0,1,19100,19100,300,0,누락없음,20,2019-10-29,야간,2019-10-29 15:17,화,안겹침,0,8,0,C,평일
131,155.6,1020,900,736.2,0,0,0,1,54150,54150,1,30800,30800,0,0,0,0,0,0,0,0,0,2,84950,54150,0,0,0,1,30800,30800,1,54150,54150,540,0,누락없음,18,2019-10-29,주간,2019-10-29 6:55,화,겹침,0,3,1,CS,평일
132,382.6,1800,1680,977.4,0,0,0,4,74350,25950,0,0,0,4,97400,24350,0,0,0,0,0,0,8,171750,25950,4,97400,24350,4,97400,24350,4,74350,25950,1260,0,누락없음,20,2019-10-29,주간,2019-10-28 16:01,월,안겹침,0,1,0,AC,주말
133,2065.1,9420,8520,562.4,0,0,0,5,107230,54150,0,0,0,0,0,0,0,0,0,0,0,0,5,107230,54150,0,0,0,0,0,0,5,107230,54150,900,1,누락없음,17,2019-10-29,야간,2019-10-29 7:31,화,안겹침,0,4,0,C,평일
134,553.2,4380,3480,916.1,0,0,0,6,61260,25950,0,0,0,0,0,0,0,0,0,0,0,0,6,61260,25950,0,0,0,0,0,0,6,61260,25950,300,1,누락없음,13,2019-10-29,야간,2019-10-29 18:57,화,겹침,0,2,2,C,평일
135,87.1,840,600,939.9,0,0,0,4,102430,54150,0,0,0,0,0,0,0,0,0,0,0,0,4,102430,54150,0,0,0,1,17580,17580,3,84850,54150,360,0,누락없음,18,2019-10-30,주간,2019-10-29 16:39,화,안겹침,0,2,0,C,평일
136,191.4,1260,1200,948.2,0,0,0,2,73350,54150,0,0,0,0,0,0,1,72085,72085,0,0,0,3,145435,72085,1,72085,72085,0,0,0,3,145435,72085,540,1,누락없음,17,2019-10-30,주간,2019-10-30 3:32,수,겹침,0,5,1,C,평일
137,264.9,1320,1260,1041.8,0,0,0,4,108240,37700,0,0,0,0,0,0,2,99200,49600,0,0,0,6,207440,49600,2,99200,49600,0,0,0,6,207440,49600,420,0,누락없음,20,2019-10-30,야간,2019-10-29 22:58,화,안겹침,0,1,0,C,평일
138,578.3,3960,3420,723.1,4,11560,2890,2,51900,25950,0,0,0,0,0,0,0,0,0,0,0,0,6,63460,25950,0,0,0,4,11560,2890,2,51900,25950,2220,1,누락없음,13,2019-10-30,주간,2019-10-30 5:59,수,안겹침,0,6,0,AC,평일
139,3438,16080,15840,741.9,0,0,0,10,149800,17080,0,0,0,0,0,0,0,0,0,0,0,0,10,149800,17080,0,0,0,0,0,0,10,149800,17080,2160,0,누락없음,19,2019-10-30,야간,2019-10-30 6:47,수,안겹침,0,4,0,C,평일
140,1084,5700,5580,502.3,0,0,0,3,35400,11800,0,0,0,0,0,0,4,213400,68600,0,0,0,7,248800,68600,4,213400,68600,0,0,0,7,248800,68600,19140,0,누락없음,13,2019-10-31,주간,2019-10-30 19:11,수,안겹침,0,6,0,C,평일
141,169.2,1380,1380,1010,0,0,0,0,0,0,0,0,0,0,0,0,4,213400,68600,0,0,0,4,213400,68600,4,213400,68600,0,0,0,4,213400,68600,360,0,누락없음,13,2019-10-31,야간,2019-10-31 18:20,목,겹침,0,7,4,C,평일
142,1202.9,5880,5340,886.2,0,0,0,5,165740,53500,0,0,0,2,78200,39100,0,0,0,0,0,0,7,243940,53500,2,78200,39100,3,131700,53500,4,112240,39700,960,1,누락없음,19,2019-10-31,야간,2019-10-31 3:36,목,겹침,0,10,2,AC,평일
143,211.3,1260,1200,716.6,0,0,0,4,145050,54150,0,0,0,0,0,0,0,0,0,0,0,0,4,145050,54150,0,0,0,1,53500,53500,3,91550,54150,660,0,누락없음,17,2019-10-31,주간,2019-10-30 15:26,수,안겹침,0,3,0,C,평일
144,3287.3,17880,16560,466.2,2,38260,19130,4,62700,17350,3,52960,22950,0,0,0,0,0,0,0,0,0,9,153920,22950,0,0,0,2,38260,19130,7,115660,22950,4500,1,누락없음,18,2019-10-31,주간,2019-10-30 15:08,수,안겹침,0,4,0,ACS,평일
145,762.4,3720,3660,841.7,0,0,0,0,0,0,0,0,0,0,0,0,1,71000,71000,4,94400,23600,5,165400,71000,5,165400,71000,5,165400,71000,0,0,0,22440,0,누락없음,20,2019-11-01,주간,2019-10-31 12:05,목,안겹침,0,6,0,CS,평일
146,1803.2,12420,10860,518,0,0,0,2,79400,39700,0,0,0,0,0,0,0,0,0,0,0,0,2,79400,39700,0,0,0,0,0,0,2,79400,39700,24300,4,누락없음,13,2019-11-01,야간,2019-11-01 13:00,금,안겹침,0,4,0,C,평일
147,1203.5,6240,5760,435.2,0,0,0,2,75400,37700,0,0,0,0,0,0,0,0,0,0,0,0,2,75400,37700,0,0,0,0,0,0,2,75400,37700,9360,1,누락없음,18,2019-11-01,주간,2019-10-31 19:16,목,안겹침,0,9,0,C,평일
148,236.8,2760,1740,1028,0,0,0,0,0,0,0,0,0,0,0,0,0,0,0,4,94400,23600,4,94400,23600,4,94400,23600,4,94400,23600,0,0,0,480,1,누락없음,20,2019-11-01,야간,2019-11-01 10:15,금,겹침,0,5,1,S,평일
149,394.9,2040,1980,691.9,0,0,0,2,79400,39700,0,0,0,2,78200,39100,0,0,0,0,0,0,4,157600,39700,2,78200,39100,2,78200,39100,2,79400,39700,24960,0,누락없음,17,2019-11-01,주간,2019-10-31 20:23,목,안겹침,0,4,0,AC,평일
150,6704.3,128700,126180,617.9,0,0,0,6,210080,39700,0,0,0,0,0,0,0,0,0,0,0,0,6,210080,39700,0,0,0,0,0,0,6,210080,39700,40920,0,누락없음,13,2019-11-04,주간,2019-11-02 14:30,토,겹침,0,2,2,C,주말
151,180.7,1140,1080,980.2,0,0,0,3,142500,60500,0,0,0,0,0,0,0,0,0,0,0,0,3,142500,60500,0,0,0,0,0,0,3,142500,60500,360,0,누락없음,18,2019-11-04,야간,2019-11-04 17:04,월,안겹침,0,4,0,C,평일
152,3612.4,27600,26700,485.9,0,0,0,4,177500,60500,0,0,0,0,0,0,0,0,0,0,0,0,4,177500,60500,0,0,0,0,0,0,4,177500,60500,123000,0,누락없음,18,2019-11-04,주간,2019-11-03 4:04,일,안겹침,0,2,0,C,주말
153,3399.2,43620,39300,350.6,0,0,0,3,35400,11800,2,23830,12850,0,0,0,0,0,0,0,0,0,5,59230,12850,0,0,0,1,12850,12850,4,46380,11800,145560,0,누락없음,6,2019-11-04,야간,2019-11-03 18:01,일,안겹침,0,6,0,CS,주말
154,4211.2,30360,30060,540.6,1,20100,20100,7,131190,58500,0,0,0,0,0,0,0,0,0,0,0,0,8,151290,58500,0,0,0,2,78600,58500,6,72690,21100,108060,0,누락없음,19,2019-11-04,주간,2019-11-03 8:41,일,안겹침,0,7,0,AC,주말
155,982.7,8220,5820,885.4,0,0,0,4,54400,13600,0,0,0,0,0,0,0,0,0,0,0,0,4,54400,13600,0,0,0,0,0,0,4,54400,13600,10320,3,누락없음,13,2019-11-04,야간,2019-11-04 17:46,월,안겹침,0,6,0,C,평일
156,3581,48660,34440,379,0,0,0,7,124820,35000,0,0,0,0,0,0,0,0,0,0,0,0,7,124820,35000,0,0,0,0,0,0,7,124820,35000,122880,0,누락없음,20,2019-11-04,야간,2019-11-03 16:21,일,안겹침,0,4,0,C,주말
157,5056.5,116340,82860,292.8,0,0,0,0,0,0,7,114870,25000,0,0,0,0,0,0,0,0,0,7,114870,25000,0,0,0,1,25000,25000,6,89870,16700,56460,0,누락없음,17,2019-11-04,주간,2019-11-02 6:43,토,안겹침,0,4,0,S,주말
158,2290.3,14220,14100,510.2,0,0,0,8,82060,10580,0,0,0,0,0,0,0,0,0,0,0,0,8,82060,10580,0,0,0,0,0,0,8,82060,10580,1920,0,누락없음,6,2019-11-05,야간,2019-11-05 5:28,화,안겹침,0,5,0,C,평일
159,409.5,1740,1680,625,0,0,0,8,123110,26850,0,0,0,0,0,0,0,0,0,0,0,0,8,123110,26850,0,0,0,0,0,0,8,123110,26850,6720,0,누락없음,17,2019-11-05,주간,2019-11-04 15:01,월,안겹침,0,7,0,C,평일
160,1427.3,6540,6120,868.9,0,0,0,4,103410,58500,0,0,0,3,104300,36100,0,0,0,0,0,0,7,207710,58500,3,104300,36100,4,162800,58500,3,44910,14970,1140,1,누락없음,19,2019-11-05,주간,2019-11-04 19:43,월,겹침,0,8,1,AC,평일
161,155.3,1500,1440,880,0,0,0,1,60500,60500,0,0,0,0,0,0,0,0,0,0,0,0,1,60500,60500,0,0,0,0,0,0,1,60500,60500,420,0,누락없음,18,2019-11-05,주간,2019-11-04 22:39,월,안겹침,0,3,0,C,주말
162,156.9,1440,1380,776,0,0,0,4,57300,26850,0,0,0,0,0,0,0,0,0,0,0,0,4,57300,26850,0,0,0,0,0,0,4,57300,26850,360,0,누락없음,17,2019-11-05,야간,2019-11-05 13:54,화,겹침,0,8,3,C,평일
163,607.2,2700,2580,931.5,2,38260,19130,3,64940,35000,0,0,0,0,0,0,0,0,0,0,0,0,5,103200,35000,0,0,0,2,38260,19130,3,64940,35000,720,0,누락없음,20,2019-11-05,야간,2019-11-05 4:13,화,안겹침,0,7,0,AC,평일
164,93.7,900,780,923.2,0,0,0,1,60500,60500,0,0,0,0,0,0,0,0,0,0,0,0,1,60500,60500,0,0,0,0,0,0,1,60500,60500,420,0,누락없음,18,2019-11-06,주간,2019-11-05 15:59,화,겹침,0,1,1,C,평일
165,188.4,1140,1140,871.3,0,0,0,0,0,0,0,0,0,0,0,0,2,110200,55100,0,0,0,2,110200,55100,2,110200,55100,0,0,0,2,110200,55100,540,0,누락없음,13,2019-11-06,야간,2019-11-06 19:01,수,겹침,0,6,2,C,평일
166,3541.5,19560,18360,546.4,0,0,0,0,0,0,0,0,0,0,0,0,6,274900,55100,0,0,0,6,274900,55100,6,274900,55100,0,0,0,6,274900,55100,2220,3,누락없음,13,2019-11-06,주간,2019-11-05 4:55,화,안겹침,0,4,0,C,평일
167,442.5,2100,2040,885.7,0,0,0,4,42320,10580,0,0,0,3,84920,29420,0,0,0,0,0,0,8,152340,29420,3,84920,29420,4,110020,29420,4,42320,10580,1080,0,강종누락,20,2019-11-06,야간,2019-11-05 23:09,화,안겹침,0,5,0,AC,평일
168,415.2,1980,1920,864.8,0,0,0,2,21300,10650,0,0,0,0,0,0,2,114417,81737,0,0,0,4,135717,81737,2,114417,81737,0,0,0,4,135717,81737,1020,0,누락없음,20,2019-11-07,야간,2019-11-07 2:50,목,안겹침,0,8,0,C,평일
169,3919.1,31080,30060,424.5,0,0,0,0,0,0,8,204100,26600,0,0,0,0,0,0,0,0,0,8,204100,26600,0,0,0,5,126100,26100,3,78000,26600,49920,0,누락없음,19,2019-11-07,주간,2019-11-06 9:00,수,안겹침,0,7,0,S,평일
170,557.9,3060,3000,404.7,2,55500,27750,0,0,0,0,0,0,0,0,0,2,127200,63600,0,0,0,4,182700,63600,2,127200,63600,2,55500,27750,2,127200,63600,17100,0,누락없음,18,2019-11-07,주간,2019-11-06 13:32,수,안겹침,0,1,0,AC,평일
171,3745.3,35040,34260,333.7,0,0,0,7,75300,11800,1,24800,24800,0,0,0,0,0,0,0,0,0,8,100100,24800,0,0,0,0,0,0,8,100100,24800,37080,0,누락없음,6,2019-11-07,야간,2019-11-06 15:15,수,안겹침,0,8,0,CS,평일
172,590.9,3120,2940,497.3,0,0,0,0,0,0,0,0,0,1,43600,43600,1,52100,52100,0,0,0,3,131300,52100,3,131300,52100,1,43600,43600,2,87700,52100,21600,0,강종누락,17,2019-11-07,주간,2019-11-06 11:36,수,안겹침,0,4,0,AC,평일
173,634.8,4860,3660,1037,0,0,0,0,0,0,5,126100,26100,1,43600,43600,0,0,0,0,0,0,6,169700,43600,1,43600,43600,6,169700,43600,0,0,0,360,3,누락없음,19,2019-11-07,야간,2019-11-07 16:09,목,겹침,0,8,1,AS,평일
174,3231.1,20400,18600,480.9,0,0,0,25,79310,5180,0,0,0,0,0,0,0,0,0,0,0,0,25,79310,5180,0,0,0,0,0,0,25,79310,5180,14040,1,누락없음,13,2019-11-07,주간,2019-11-07 8:32,목,안겹침,0,2,0,C,평일
175,112.6,900,840,671.8,0,0,0,4,36740,9185,1,12200,12200,0,0,0,0,0,0,0,0,0,5,48940,12200,0,0,0,0,0,0,5,48940,12200,360,0,누락없음,17,2019-11-08,야간,2019-11-08 18:34,금,겹침,0,10,1,CS,평일
176,275.5,1920,1560,716.8,0,0,0,2,40380,31600,0,0,0,1,24100,24100,2,78200,39100,0,0,0,5,142680,39100,3,102300,39100,1,24100,24100,4,118580,39100,420,1,누락없음,18,2019-11-08,주간,2019-11-07 18:50,목,안겹침,0,4,0,AC,평일
177,1712,8400,7320,543,0,0,0,8,93110,19000,1,12200,12200,0,0,0,1,71000,71000,0,0,0,10,176310,71000,1,71000,71000,1,71000,71000,9,105310,19000,4560,2,누락없음,17,2019-11-08,주간,2019-11-07 18:14,목,안겹침,0,3,0,CS,평일
178,135.8,960,900,1052.2,0,0,0,2,21300,10650,0,0,0,1,43600,43600,0,0,0,0,0,0,3,64900,43600,1,43600,43600,1,43600,43600,2,21300,10650,300,0,누락없음,19,2019-11-08,주간,2019-11-07 22:25,목,안겹침,0,6,0,AC,평일
179,2778.3,12600,12240,759.1,0,0,0,6,63480,10580,0,0,0,0,0,0,1,54150,54150,0,0,0,8,145530,54150,2,82050,54150,0,0,0,8,145530,54150,2220,0,강종누락,20,2019-11-08,야간,2019-11-08 6:06,금,안겹침,0,4,0,C,평일
180,3266.6,21000,20580,437.3,0,0,0,8,73480,9185,0,0,0,0,0,0,0,0,0,0,0,0,8,73480,9185,0,0,0,0,0,0,8,73480,9185,6480,0,누락없음,6,2019-11-08,야간,2019-11-08 4:24,금,안겹침,0,8,0,C,평일
181,2896.7,30780,30000,451,0,0,0,4,111800,58500,0,0,0,0,0,0,0,0,0,0,0,0,4,111800,58500,0,0,0,1,58500,58500,3,53300,32000,158040,0,누락없음,17,2019-11-11,야간,2019-11-10 17:37,일,안겹침,0,5,0,C,주말
182,7206.4,137460,104160,355.1,0,0,0,8,73500,11800,0,0,0,0,0,0,0,0,0,0,0,0,9,101400,27900,0,0,0,0,0,0,9,101400,27900,130860,0,강종누락,13,2019-11-11,주간,2019-11-09 7:32,토,안겹침,0,25,0,C,주말
183,3828.9,52440,44940,351.7,0,0,0,4,72800,26200,0,0,0,0,0,0,0,0,0,0,0,0,5,82800,26200,0,0,0,0,0,0,5,82800,26200,134700,0,강종누락,6,2019-11-11,야간,2019-11-10 14:45,일,안겹침,0,8,0,C,주말
184,4590.9,36180,35400,361,0,0,0,4,134150,41100,0,0,0,0,0,0,0,0,0,0,0,0,4,134150,41100,0,0,0,0,0,0,4,134150,41100,141060,0,누락없음,19,2019-11-11,주간,2019-11-10 0:53,일,안겹침,0,3,0,C,주말
185,597.5,3660,3600,821.6,0,0,0,2,117150,63000,0,0,0,0,0,0,0,0,0,0,0,0,2,117150,63000,0,0,0,0,0,0,2,117150,63000,15660,0,누락없음,19,2019-11-11,야간,2019-11-11 10:53,월,안겹침,0,4,0,C,평일
186,4619.7,120300,52200,276.9,1,19200,19200,2,117150,63000,0,0,0,0,0,0,0,0,0,0,0,0,4,150850,63000,0,0,0,2,33700,19200,2,117150,63000,49620,1,강종누락,18,2019-11-11,주간,2019-11-09 7:43,토,안겹침,0,5,0,AC,주말
187,3813,28920,28560,517.8,0,0,0,6,148230,54150,0,0,0,0,0,0,0,0,0,0,0,0,6,148230,54150,0,0,0,0,0,0,6,148230,54150,100140,0,누락없음,20,2019-11-11,주간,2019-11-10 9:23,일,겹침,0,8,1,C,주말
188,115.7,1200,1140,974.7,0,0,0,2,112650,58500,0,0,0,0,0,0,0,0,0,0,0,0,2,112650,58500,0,0,0,1,58500,58500,1,54150,54150,360,0,누락없음,18,2019-11-12,야간,2019-11-12 16:57,화,안겹침,0,3,0,C,평일
189,3293.4,20640,19980,664.9,0,0,0,8,110220,14970,0,0,0,0,0,0,0,0,0,0,0,0,8,110220,14970,0,0,0,0,0,0,8,110220,14970,1080,1,누락없음,6,2019-11-12,야간,2019-11-12 4:49,화,겹침,0,5,2,C,평일
190,221.1,1500,1440,686.6,0,0,0,3,144650,58500,0,0,0,0,0,0,0,0,0,0,0,0,3,144650,58500,0,0,0,1,58500,58500,2,86150,54150,780,0,누락없음,18,2019-11-12,주간,2019-11-11 14:01,월,안겹침,0,4,0,C,평일
191,124.1,840,780,1124.7,0,0,0,2,117150,63000,0,0,0,0,0,0,0,0,0,0,0,0,2,117150,63000,0,0,0,0,0,0,2,117150,63000,360,0,누락없음,19,2019-11-12,주간,2019-11-11 20:44,월,안겹침,0,2,0,C,주말
192,589.4,3240,3060,920.9,0,0,0,2,52400,26200,0,0,0,0,0,0,2,97200,48600,0,0,0,4,149600,48600,2,97200,48600,2,97200,48600,2,52400,26200,480,1,누락없음,17,2019-11-12,야간,2019-11-12 6:24,화,안겹침,0,4,0,C,평일
193,159.8,1320,1140,898.3,0,0,0,0,0,0,0,0,0,0,0,0,4,181900,49600,0,0,0,4,181900,49600,4,181900,49600,0,0,0,4,181900,49600,360,0,누락없음,13,2019-11-12,야간,2019-11-12 18:13,화,겹침,0,5,4,C,평일
194,3274.3,18840,17760,722.2,0,0,0,0,0,0,0,0,0,0,0,0,5,210250,49600,0,0,0,5,210250,49600,5,210250,49600,0,0,0,5,210250,49600,18780,5,누락없음,13,2019-11-12,주간,2019-11-11 19:44,월,안겹침,0,9,0,C,평일
195,4087.1,58620,53820,668.5,1,16375,16375,0,0,0,0,0,0,2,77200,38600,1,81737,81737,0,0,0,4,175312,81737,3,158937,81737,2,77200,38600,2,98112,81737,30420,5,누락없음,20,2019-11-13,주간,2019-11-12 2:44,화,안겹침,1,6,0,AC,평일
196,559,4740,4680,751.5,7,94360,13480,0,0,0,0,0,0,0,0,0,0,0,0,0,0,0,7,94360,13480,0,0,0,7,94360,13480,0,0,0,660,0,누락없음,6,2019-11-13,야간,2019-11-13 6:07,수,안겹침,0,8,0,A,평일
197,701.8,2880,2820,552.1,0,0,0,5,68690,15150,0,0,0,0,0,0,2,97200,48600,0,0,0,7,165890,48600,2,97200,48600,2,97200,48600,5,68690,15150,1140,0,누락없음,17,2019-11-13,야간,2019-11-13 1:51,수,겹침,0,4,1,C,평일
198,147.3,1260,1200,770.4,0,0,0,2,112650,58500,0,0,0,0,0,0,0,0,0,0,0,0,2,112650,58500,0,0,0,1,58500,58500,1,54150,54150,480,0,누락없음,18,2019-11-13,주간,2019-11-12 22:35,화,안겹침,0,2,0,C,평일
199,95.9,840,720,1013.4,0,0,0,2,121500,63000,0,0,0,0,0,0,0,0,0,0,0,0,2,121500,63000,0,0,0,1,58500,58500,1,63000,63000,420,0,누락없음,18,2019-11-13,야간,2019-11-13 14:46,수,겹침,0,2,1,C,평일
200,387.9,2340,2040,1103,0,0,0,2,95000,63000,0,0,0,0,0,0,0,0,0,0,0,0,2,95000,63000,0,0,0,0,0,0,2,95000,63000,1500,1,누락없음,19,2019-11-13,주간,2019-11-12 14:36,화,안겹침,0,2,0,C,평일
201,2165.6,9960,9480,887.1,0,0,0,5,74850,14970,0,0,0,0,0,0,2,58200,29100,0,0,0,7,133050,29100,2,58200,29100,0,0,0,7,133050,29100,13140,1,누락없음,19,2019-11-14,주간,2019-11-13 18:23,수,안겹침,0,2,0,C,평일
202,1115.1,5880,5280,763.9,0,0,0,1,63000,63000,0,0,0,0,0,0,2,65800,32900,0,0,0,3,128800,63000,2,65800,32900,0,0,0,3,128800,63000,14220,0,누락없음,20,2019-11-14,주간,2019-11-13 17:25,수,안겹침,0,4,0,C,평일
203,5726.3,33600,31020,502.4,0,0,0,0,0,0,0,0,0,7,205450,30850,0,0,0,0,0,0,7,205450,30850,7,205450,30850,7,205450,30850,0,0,0,44880,7,누락없음,13,2019-11-14,야간,2019-11-13 10:16,수,안겹침,0,4,0,A,평일
204,143.5,1200,1080,729.7,0,0,0,1,15150,15150,0,0,0,0,0,0,1,48600,48600,0,0,0,2,63750,48600,1,48600,48600,1,48600,48600,1,15150,15150,360,0,누락없음,17,2019-11-14,주간,2019-11-14 6:15,목,안겹침,0,7,0,C,평일
205,1994.3,12240,12000,386.9,6,80880,13480,0,0,0,2,16740,8370,0,0,0,0,0,0,0,0,0,8,97620,13480,0,0,0,8,97620,13480,0,0,0,11820,0,누락없음,6,2019-11-14,야간,2019-11-14 5:52,목,안겹침,0,7,0,AS,평일
206,796.3,3960,3840,409,0,0,0,2,20310,10155,1,16400,16400,1,30100,30100,1,43100,43100,0,0,0,6,160010,50100,3,123300,50100,2,46500,30100,4,113510,50100,10320,0,강종누락,18,2019-11-14,야간,2019-11-13 23:11,수,안겹침,1,2,0,ACS,평일
207,995.7,5700,5520,684,4,78400,19600,1,10155,10155,0,0,0,0,0,0,3,81800,29100,0,0,0,8,170355,29100,3,81800,29100,4,78400,19600,4,91955,29100,23940,1,누락없음,19,2019-11-15,주간,2019-11-14 17:10,목,안겹침,0,7,0,AC,평일
208,1101.4,5160,5100,1132.9,0,0,0,4,101160,64000,0,0,0,0,0,0,2,86200,43100,0,0,0,6,187360,64000,2,86200,43100,0,0,0,6,187360,64000,5340,0,누락없음,20,2019-11-15,주간,2019-11-14 16:36,목,겹침,0,3,1,C,평일
209,175,1080,1020,679.3,1,30100,30100,0,0,0,1,16400,16400,0,0,0,1,43100,43100,0,0,0,3,89600,43100,1,43100,43100,2,46500,30100,1,43100,43100,840,0,누락없음,18,2019-11-15,주간,2019-11-15 6:32,금,겹침,1,6,2,ACS,평일
210,783.8,4080,4020,704,0,0,0,4,84570,38800,2,32800,16400,0,0,0,0,0,0,0,0,0,6,117370,38800,0,0,0,2,32800,16400,4,84570,38800,15780,0,누락없음,17,2019-11-15,야간,2019-11-14 22:40,목,안겹침,0,2,0,CS,평일
211,2521.5,15420,15240,402.6,0,0,0,4,59880,14970,0,0,0,0,0,0,0,0,0,0,0,0,4,59880,14970,0,0,0,0,0,0,4,59880,14970,10740,0,누락없음,6,2019-11-15,야간,2019-11-15 2:40,금,안겹침,0,8,0,C,평일
212,107.7,900,840,1085.3,0,0,0,1,64000,64000,0,0,0,0,0,0,0,0,0,0,0,0,1,64000,64000,0,0,0,0,0,0,1,64000,64000,240,0,누락없음,20,2019-11-15,야간,2019-11-15 14:36,금,겹침,0,6,1,C,평일
213,179.5,1020,960,794.4,1,30100,30100,1,34500,34500,1,16400,16400,0,0,0,0,0,0,0,0,0,3,81000,34500,0,0,0,2,46500,30100,1,34500,34500,540,0,누락없음,18,2019-11-18,야간,2019-11-18 15:32,월,겹침,1,6,2,ACS,평일
214,5326.8,93900,68220,205.6,1,30100,30100,4,115600,35500,0,0,0,0,0,0,0,0,0,0,0,0,6,160200,35500,0,0,0,2,44600,30100,4,115600,35500,43980,0,강종누락,18,2019-11-18,주간,2019-11-16 6:40,토,안겹침,1,3,0,AC,주말
216,5328.7,157080,97980,309.4,0,0,0,4,56415,25950,1,8370,8370,0,0,0,0,0,0,0,0,0,5,64785,25950,0,0,0,1,8370,8370,4,56415,25950,34980,0,누락없음,6,2019-11-18,야간,2019-11-16 7:26,토,안겹침,0,4,0,CS,주말
217,3669.1,30780,30300,424.6,3,68670,22890,2,58850,32900,1,16400,16400,0,0,0,0,0,0,0,0,0,6,143920,32900,0,0,0,4,85070,22890,2,58850,32900,116460,0,누락없음,17,2019-11-18,주간,2019-11-17 10:19,일,안겹침,0,6,0,ACS,주말
218,221.7,1800,1740,814.7,3,68670,22890,2,58850,32900,0,0,0,0,0,0,0,0,0,0,0,0,5,127520,32900,0,0,0,3,68670,22890,2,58850,32900,420,0,누락없음,17,2019-11-18,야간,2019-11-18 14:49,월,겹침,0,6,1,AC,평일
219,1798.5,19380,18960,720.7,0,0,0,3,126400,64000,0,0,0,0,0,0,0,0,0,0,0,0,3,126400,64000,0,0,0,0,0,0,3,126400,64000,89280,0,누락없음,20,2019-11-18,주간,2019-11-17 7:21,일,안겹침,0,1,0,C,주말
220,1911.5,8520,7740,613.6,0,0,0,4,77970,22800,0,0,0,0,0,0,2,77200,38600,0,0,0,6,155170,38600,2,77200,38600,2,77200,38600,4,77970,22800,1080,2,누락없음,17,2019-11-19,야간,2019-11-19 5:43,화,안겹침,0,5,0,C,평일
222,151.3,1020,960,909.4,1,30100,30100,2,51900,25950,0,0,0,0,0,0,0,0,0,0,0,0,3,82000,30100,0,0,0,1,30100,30100,2,51900,25950,360,0,누락없음,18,2019-11-19,주간,2019-11-19 5:35,화,겹침,1,3,1,AC,평일
223,1491,7920,7800,231.1,0,0,0,2,51900,25950,0,0,0,0,0,0,0,0,0,0,0,0,2,51900,25950,0,0,0,0,0,0,2,51900,25950,28920,0,누락없음,13,2019-11-19,야간,2019-11-19 13:32,화,안겹침,0,1,0,C,평일
224,179.2,1080,1020,1004.3,0,0,0,0,0,0,0,0,0,0,0,0,3,168800,59100,0,0,0,3,168800,59100,3,168800,59100,0,0,0,3,168800,59100,6000,0,누락없음,19,2019-11-19,야간,2019-11-19 18:21,화,안겹침,0,3,0,C,평일
225,3061.1,24840,21780,150.8,0,0,0,0,0,0,0,0,0,0,0,0,3,146050,59100,0,0,0,3,146050,59100,3,146050,59100,0,0,0,3,146050,59100,224940,3,누락없음,19,2019-11-19,주간,2019-11-18 6:54,월,안겹침,0,8,0,C,주말
226,686.8,3600,3480,854.5,0,0,0,1,64000,64000,0,0,0,0,0,0,1,57100,57100,0,0,0,2,121100,64000,1,57100,57100,0,0,0,2,121100,64000,1140,0,누락없음,20,2019-11-19,주간,2019-11-18 19:24,월,겹침,0,3,1,C,평일
227,635.2,3900,3480,649.9,0,0,0,6,59940,25950,0,0,0,0,0,0,0,0,0,0,0,0,6,59940,25950,0,0,0,0,0,0,6,59940,25950,660,1,누락없음,13,2019-11-20,주간,2019-11-20 2:46,수,겹침,0,2,2,C,평일
228,576.8,3180,3120,598.7,0,0,0,2,45600,22800,0,0,0,0,0,0,0,0,0,0,0,0,2,45600,22800,0,0,0,0,0,0,2,45600,22800,840,0,누락없음,13,2019-11-20,야간,2019-11-20 20:11,수,안겹침,0,6,0,C,평일
229,1594.1,8520,6660,646.8,0,0,0,0,0,0,0,0,0,6,138850,28350,0,0,0,0,0,0,7,179160,40310,6,138850,28350,6,138850,28350,1,40310,40310,480,3,강종누락,17,2019-11-20,야간,2019-11-20 5:21,수,안겹침,0,6,0,A,평일
231,314.4,2340,1860,1023.5,0,0,0,0,0,0,0,0,0,0,0,0,3,159300,60100,0,0,0,4,169300,60100,3,159300,60100,3,159300,60100,1,10000,10000,540,1,강종누락,20,2019-11-20,야간,2019-11-20 11:27,수,겹침,0,3,1,C,평일
232,207.9,960,900,936.6,0,0,0,0,0,0,0,0,0,0,0,0,3,159300,60100,0,0,0,3,159300,60100,3,159300,60100,3,159300,60100,0,0,0,10860,0,누락없음,20,2019-11-20,주간,2019-11-19 16:49,화,안겹침,0,2,0,C,평일
233,1164.2,5700,5580,451.7,0,0,0,4,60550,15650,1,16400,16400,0,0,0,1,39100,39100,0,0,0,6,116050,39100,1,39100,39100,2,55500,39100,4,60550,15650,4260,0,누락없음,18,2019-11-20,주간,2019-11-19 14:27,화,안겹침,0,3,0,CS,평일
234,92.5,1020,1020,1160,0,0,0,0,0,0,0,0,0,0,0,0,3,134300,57100,0,0,0,3,134300,57100,3,134300,57100,2,77200,38600,1,57100,57100,7560,0,누락없음,19,2019-11-20,주간,2019-11-19 23:07,화,겹침,0,3,1,C,평일
236,2436,12420,12180,721.3,0,0,0,5,70955,26000,3,33140,16400,0,0,0,0,0,0,0,0,0,8,104095,26000,0,0,0,3,33140,16400,5,70955,26000,3180,0,누락없음,20,2019-11-21,야간,2019-11-21 4:23,목,안겹침,0,4,0,CS,평일
237,730.6,3300,3180,646.8,0,0,0,2,65500,42500,0,0,0,0,0,0,1,39100,39100,0,0,0,3,104600,42500,1,39100,39100,2,62100,39100,1,42500,42500,960,0,누락없음,18,2019-11-21,주간,2019-11-20 19:04,수,안겹침,0,6,0,C,평일
238,196.6,1080,1020,637.3,0,0,0,0,0,0,0,0,0,1,28350,28350,1,39100,39100,0,0,0,3,107760,40310,2,67450,39100,2,67450,39100,1,40310,40310,960,0,강종누락,17,2019-11-21,주간,2019-11-21 1:56,목,겹침,0,7,1,AC,평일
239,870.6,4680,4560,547.9,0,0,0,0,0,0,0,0,0,3,84800,36100,3,150300,68100,0,0,0,6,235100,68100,6,235100,68100,3,84800,36100,3,150300,68100,1380,0,누락없음,13,2019-11-21,야간,2019-11-21 4:34,목,안겹침,0,2,0,AC,평일
240,316.9,1620,1560,668,0,0,0,0,0,0,0,0,0,1,16300,16300,1,138882,138882,0,0,0,3,169682,138882,2,155182,138882,2,30800,16300,1,138882,138882,840,0,강종누락,18,2019-11-22,주간,2019-11-21 18:52,목,안겹침,0,3,0,AC,평일
241,155,960,900,1015.8,0,0,0,2,68500,42500,0,0,0,0,0,0,0,0,0,0,0,0,2,68500,42500,0,0,0,0,0,0,2,68500,42500,64140,0,누락없음,19,2019-11-22,주간,2019-11-22 2:22,금,안겹침,0,3,0,C,평일
242,1889.5,10860,8100,418.7,0,0,0,1,58500,58500,0,0,0,4,65200,16300,0,0,0,0,0,0,5,123700,58500,4,65200,16300,5,123700,58500,0,0,0,1620,1,누락없음,17,2019-11-22,주간,2019-11-21 14:40,목,안겹침,0,3,0,AC,평일
243,3096.6,21780,20580,576.9,0,0,0,0,0,0,4,49540,16400,0,0,0,0,0,0,0,0,0,5,59540,16400,0,0,0,4,49540,16400,1,10000,10000,42060,1,강종누락,6,2019-11-22,야간,2019-11-22 5:53,금,안겹침,0,1,0,S,평일
244,251.1,1680,1560,890.8,0,0,0,2,68500,42500,0,0,0,0,0,0,0,0,0,0,0,0,2,68500,42500,0,0,0,0,0,0,2,68500,42500,780,0,누락없음,20,2019-11-22,야간,2019-11-22 15:02,금,안겹침,0,5,0,C,평일
245,138.5,1200,1140,1065.3,0,0,0,2,18800,9400,3,33140,16400,0,0,0,0,0,0,0,0,0,5,51940,16400,0,0,0,3,33140,16400,2,18800,9400,420,0,누락없음,20,2019-11-22,주간,2019-11-22 2:34,금,겹침,0,8,3,CS,평일
246,2204.8,22020,21600,667.4,0,0,0,4,183682,138882,0,0,0,0,0,0,0,0,0,0,0,0,4,183682,138882,0,0,0,0,0,0,4,183682,138882,84540,0,누락없음,17,2019-11-25,주간,2019-11-23 17:24,토,안겹침,0,5,0,C,주말
247,3933.5,67920,54780,352.3,0,0,0,5,50775,10155,1,16400,16400,0,0,0,0,0,0,0,0,0,6,67175,16400,0,0,0,1,16400,16400,5,50775,10155,117060,0,누락없음,6,2019-11-25,야간,2019-11-24 10:16,일,안겹침,0,5,0,CS,주말
248,119.2,1080,1020,886.9,0,0,0,2,62000,36000,0,0,0,0,0,0,0,0,0,0,0,0,2,62000,36000,0,0,0,0,0,0,2,62000,36000,300,0,누락없음,17,2019-11-25,야간,2019-11-25 17:05,월,겹침,0,4,1,C,평일
249,4607.4,33300,32880,393.1,0,0,0,3,127370,55370,2,61600,30800,0,0,0,0,0,0,0,0,0,5,188970,55370,0,0,0,2,61600,30800,3,127370,55370,84960,0,누락없음,20,2019-11-25,주간,2019-11-24 3:34,일,안겹침,0,2,0,CS,주말
250,3174.3,19140,17580,61.1,0,0,0,2,63000,31500,2,61600,30800,0,0,0,0,0,0,0,0,0,4,124600,31500,0,0,0,2,61600,30800,2,63000,31500,243000,2,누락없음,19,2019-11-25,야간,2019-11-25 10:18,월,안겹침,0,2,0,CS,주말
251,7112.9,108360,98040,212.5,3,67680,29420,4,121200,31500,0,0,0,0,0,0,0,0,0,0,0,0,7,188880,31500,0,0,0,3,67680,29420,4,121200,31500,87060,0,누락없음,13,2019-11-25,주간,2019-11-23 7:12,토,겹침,0,6,3,AC,주말
252,432.3,2280,2220,747.9,1,24100,24100,0,0,0,0,0,0,0,0,0,6,202850,38600,0,0,0,7,226950,38600,6,202850,38600,5,171500,38600,2,55450,34350,21240,0,누락없음,13,2019-11-26,야간,2019-11-25 19:46,월,안겹침,0,7,0,AC,평일
253,398.5,2040,1980,932.5,0,0,0,1,26000,26000,3,33140,16400,0,0,0,0,0,0,0,0,0,4,59140,26000,0,0,0,3,33140,16400,1,26000,26000,1020,0,누락없음,17,2019-11-26,야간,2019-11-26 6:05,화,안겹침,0,2,0,CS,평일
255,378.5,2040,1980,852.3,0,0,0,5,93465,31500,0,0,0,0,0,0,0,0,0,0,0,0,5,93465,31500,0,0,0,0,0,0,5,93465,31500,1020,0,누락없음,19,2019-11-26,주간,2019-11-26 2:53,화,겹침,0,4,2,C,평일
256,596.5,2940,2880,857.4,0,0,0,4,111680,55370,1,12200,12200,0,0,0,0,0,0,0,0,0,5,123880,55370,0,0,0,0,0,0,5,123880,55370,1200,0,누락없음,20,2019-11-26,주간,2019-11-25 18:58,월,안겹침,0,5,0,CS,평일
257,108.8,900,840,1084.2,0,0,0,0,0,0,0,0,0,0,0,0,1,71000,71000,0,0,0,1,71000,71000,1,71000,71000,0,0,0,1,71000,71000,360,0,누락없음,19,2019-11-27,야간,2019-11-27 18:54,수,겹침,0,5,1,C,평일
258,226,1320,1260,940.9,0,0,0,4,85835,55370,0,0,0,0,0,0,1,71000,71000,0,0,0,5,156835,71000,1,71000,71000,0,0,0,5,156835,71000,720,0,누락없음,19,2019-11-27,주간,2019-11-26 16:35,화,안겹침,0,5,0,C,평일
259,442.4,3720,3240,459,0,0,0,2,46155,36000,0,0,0,0,0,0,2,98200,49100,0,0,0,4,144355,49100,2,98200,49100,0,0,0,4,144355,49100,1260,3,누락없음,18,2019-11-27,주간,2019-11-26 14:40,화,안겹침,0,3,0,C,평일
261,179.7,1020,960,852.9,0,0,0,0,0,0,0,0,0,0,0,0,5,168500,38600,0,0,0,5,168500,38600,5,168500,38600,4,147400,38600,1,21100,21100,480,0,누락없음,13,2019-11-27,주간,2019-11-27 5:14,수,겹침,0,7,2,C,평일
262,199.8,1560,1500,854.9,0,0,0,0,0,0,0,0,0,0,0,0,3,98300,38600,0,0,0,3,98300,38600,3,98300,38600,2,77200,38600,1,21100,21100,360,0,누락없음,13,2019-11-27,야간,2019-11-27 18:20,수,겹침,0,5,2,C,평일
263,2391,15540,15420,588.3,0,0,0,5,140860,53500,0,0,0,0,0,0,1,23850,23850,0,0,0,6,164710,53500,1,23850,23850,0,0,0,6,164710,53500,1020,0,누락없음,17,2019-11-27,야간,2019-11-27 1:37,수,안겹침,0,4,0,C,평일
264,507.4,3120,2940,781.2,0,0,0,5,50000,10705,0,0,0,0,0,0,0,0,0,0,0,0,5,50000,10705,0,0,0,0,0,0,5,50000,10705,2820,0,누락없음,6,2019-11-28,야간,2019-11-28 7:06,목,안겹침,0,1,0,C,평일
265,103.5,840,780,826.4,0,0,0,2,103000,53500,0,0,0,0,0,0,0,0,0,0,0,0,2,103000,53500,0,0,0,0,0,0,2,103000,53500,360,0,누락없음,17,2019-11-28,야간,2019-11-28 16:11,목,안겹침,0,2,0,C,평일
266,153.6,960,840,806.5,0,0,0,2,103000,53500,0,0,0,0,0,0,0,0,0,0,0,0,2,103000,53500,0,0,0,0,0,0,2,103000,53500,300,0,누락없음,17,2019-11-28,주간,2019-11-28 6:41,목,안겹침,0,6,0,C,평일
267,1061,6120,5220,607.1,2,32220,19600,2,56620,35100,1,16400,16400,0,0,0,0,0,0,0,0,0,5,105240,35100,0,0,0,4,83720,35100,1,21520,21520,1680,1,누락없음,18,2019-11-28,주간,2019-11-27 17:23,수,안겹침,0,4,0,ACS,평일
268,861.7,3840,3720,739.6,0,0,0,1,13950,13950,0,0,0,0,0,0,3,118800,41100,0,0,0,4,132750,41100,3,118800,41100,1,38600,38600,3,94150,41100,7200,0,누락없음,19,2019-11-28,야간,2019-11-27 22:23,수,안겹침,0,1,0,C,평일
269,4282,31140,29700,182.6,0,0,0,4,39860,10400,0,0,0,0,0,0,3,100300,41100,0,0,0,7,140160,41100,3,100300,41100,0,0,0,7,140160,41100,91020,4,누락없음,20,2019-11-28,주간,2019-11-27 15:46,수,겹침,0,5,2,C,평일
270,1083,7560,7380,760.9,0,0,0,2,86000,43000,2,35225,18325,0,0,0,0,0,0,0,0,0,4,121225,43000,0,0,0,0,0,0,4,121225,43000,4800,0,누락없음,19,2019-11-29,야간,2019-11-29 2:43,금,안겹침,0,4,0,CS,평일
271,1284.2,6180,6060,373.7,0,0,0,3,142800,56800,0,0,0,0,0,0,1,18600,18600,0,0,0,4,161400,56800,1,18600,18600,0,0,0,4,161400,56800,5760,0,누락없음,18,2019-11-29,주간,2019-11-28 15:27,목,안겹침,0,5,0,C,평일
272,91.5,1020,1020,1035.4,0,0,0,1,53500,53500,0,0,0,0,0,0,0,0,0,0,0,0,1,53500,53500,0,0,0,0,0,0,1,53500,53500,360,0,누락없음,17,2019-11-29,주간,2019-11-28 20:21,목,겹침,0,2,1,C,평일
273,302.4,1680,1500,390.7,0,0,0,0,0,0,0,0,0,0,0,0,2,51000,25500,0,0,0,2,51000,25500,2,51000,25500,0,0,0,2,51000,25500,4260,0,누락없음,17,2019-11-29,야간,2019-11-29 10:48,금,안겹침,0,1,0,C,평일
274,2081.3,9780,9480,611.4,4,89300,22650,2,25160,13210,0,0,0,0,0,0,2,51000,25500,0,0,0,8,165460,25500,2,51000,25500,4,89300,22650,4,76160,25500,1260,1,누락없음,20,2019-11-29,주간,2019-11-28 18:41,목,겹침,0,7,2,AC,평일
275,10467.7,343800,229620,551.5,0,0,0,2,86000,43000,0,0,0,0,0,0,0,0,0,0,0,0,2,86000,43000,0,0,0,0,0,0,2,86000,43000,5580,6,누락없음,13,2019-12-02,주간,2019-11-28 2:45,목,안겹침,0,3,0,C,평일
276,1572.6,6960,6780,772.6,0,0,0,3,188440,120440,0,0,0,0,0,0,0,0,0,0,0,0,3,188440,120440,0,0,0,0,0,0,3,188440,120440,14040,0,누락없음,19,2019-12-02,주간,2019-11-30 6:59,토,안겹침,0,4,0,C,주말
277,301.9,2280,1860,1033.4,0,0,0,2,68000,36000,0,0,0,0,0,0,0,0,0,0,0,0,2,68000,36000,0,0,0,0,0,0,2,68000,36000,420,1,누락없음,19,2019-12-02,야간,2019-12-02 18:38,월,겹침,0,3,2,C,평일
278,4014.1,72960,57360,331.1,0,0,0,2,143559,110879,0,0,0,0,0,0,0,0,0,0,0,0,2,143559,110879,0,0,0,0,0,0,2,143559,110879,11220,2,누락없음,20,2019-12-02,주간,2019-11-29 18:05,금,안겹침,0,8,0,C,평일
279,5830.7,166800,95100,320.7,0,0,0,6,62510,16000,0,0,0,0,0,0,0,0,0,0,0,0,6,62510,16000,0,0,0,0,0,0,6,62510,16000,54360,0,누락없음,6,2019-12-02,야간,2019-11-29 21:35,금,안겹침,0,5,0,C,평일
280,1587.3,8700,8160,36.6,0,0,0,2,100000,55000,0,0,0,0,0,0,0,0,0,0,0,0,2,100000,55000,0,0,0,0,0,0,2,100000,55000,223920,1,누락없음,18,2019-12-03,주간,2019-12-02 8:13,월,안겹침,0,4,0,C,주말
281,2118.8,8880,8760,826.8,1,17100,17100,4,86100,32300,0,0,0,0,0,0,0,0,0,0,0,0,7,141000,32300,0,0,0,1,17100,17100,6,123900,32300,1500,0,강종누락,19,2019-12-03,야간,2019-12-03 5:20,화,안겹침,0,2,0,AC,평일
282,777.6,4020,3960,572.8,0,0,0,2,86000,43000,0,0,0,0,0,0,0,0,0,0,0,0,2,86000,43000,0,0,0,0,0,0,2,86000,43000,1500,0,누락없음,13,2019-12-03,주간,2019-12-02 19:56,월,겹침,0,2,2,C,주말
283,6455.8,36060,33960,69,0,0,0,0,0,0,3,31640,12200,0,0,0,0,0,0,0,0,0,7,131640,25000,0,0,0,5,108370,25000,2,23270,12200,196860,4,강종누락,17,2019-12-03,주간,2019-12-02 10:22,월,안겹침,0,2,0,S,주말
284,606,3180,3120,463.3,0,0,0,4,53330,16185,2,23270,12200,0,0,0,0,0,0,0,0,0,6,76600,16185,0,0,0,0,0,0,6,76600,16185,7560,0,누락없음,6,2019-12-03,야간,2019-12-03 4:21,화,안겹침,0,6,0,CS,평일
285,870.7,5880,4980,836.6,0,0,0,0,0,0,0,0,0,0,0,0,0,0,0,0,0,0,4,100000,25000,0,0,0,4,100000,25000,0,0,0,6420,4,강종누락,18,2019-12-03,야간,2019-12-03 14:46,화,안겹침,0,2,0,,평일
286,134.7,900,840,955.3,0,0,0,3,70100,32300,0,0,0,0,0,0,0,0,0,0,0,0,3,70100,32300,0,0,0,0,0,0,3,70100,32300,600,0,누락없음,18,2019-12-04,주간,2019-12-04 7:16,수,안겹침,0,4,0,C,평일
287,2634.1,19140,18840,467.6,0,0,0,8,104120,43000,0,0,0,0,0,0,0,0,0,0,0,0,8,104120,43000,0,0,0,0,0,0,8,104120,43000,3300,0,누락없음,13,2019-12-04,주간,2019-12-03 20:09,화,겹침,0,2,2,C,평일
288,1180.5,8160,7980,612.1,0,0,0,5,59240,19600,0,0,0,0,0,0,0,0,0,0,0,0,7,97040,19600,0,0,0,0,0,0,7,97040,19600,9060,0,강종누락,6,2019-12-04,야간,2019-12-04 4:42,수,안겹침,0,6,0,C,평일
289,2574.1,10200,9960,395.2,0,0,0,10,115090,19600,0,0,0,0,0,0,0,0,0,0,0,0,10,115090,19600,0,0,0,0,0,0,10,115090,19600,2340,0,누락없음,17,2019-12-04,주간,2019-12-03 18:48,화,안겹침,0,7,0,C,평일
290,1866.8,9420,8640,917.8,0,0,0,0,0,0,0,0,0,2,60200,30100,1,115585,115585,0,0,0,4,205885,115585,3,175785,115585,4,205885,115585,0,0,0,11640,2,강종누락,19,2019-12-04,야간,2019-12-04 6:17,수,안겹침,0,7,0,AC,평일
291,1065.5,4440,4260,468.7,0,0,0,9,108500,17850,0,0,0,0,0,0,0,0,0,0,0,0,9,108500,17850,0,0,0,0,0,0,9,108500,17850,1260,1,누락없음,17,2019-12-05,주간,2019-12-04 18:56,수,겹침,0,10,2,C,평일
292,1016.3,6720,5820,797.8,0,0,0,5,68210,16450,0,0,0,0,0,0,0,0,0,0,0,0,5,68210,16450,0,0,0,0,0,0,5,68210,16450,15540,2,누락없음,19,2019-12-05,야간,2019-12-05 14:46,목,안겹침,0,2,0,C,평일
293,3190.8,15540,14520,482.7,0,0,0,9,126120,22600,0,0,0,0,0,0,0,0,0,0,0,0,9,126120,22600,0,0,0,0,0,0,9,126120,22600,1500,2,누락없음,18,2019-12-05,주간,2019-12-04 13:56,수,안겹침,0,3,0,C,평일
294,102.6,900,840,1089.8,0,0,0,0,0,0,0,0,0,1,30100,30100,1,115585,115585,0,0,0,2,145685,115585,2,145685,115585,2,145685,115585,0,0,0,11220,0,누락없음,19,2019-12-05,주간,2019-12-05 6:02,목,안겹침,0,4,0,AC,평일
295,1316.3,7560,7020,868.5,0,0,0,0,0,0,0,0,0,1,24100,24100,4,182400,49600,0,0,0,7,246500,49600,5,206500,49600,1,24100,24100,6,222400,49600,6180,2,강종누락,13,2019-12-05,야간,2019-12-04 17:59,수,안겹침,0,8,0,AC,평일
296,2926.5,15420,15120,402,0,0,0,12,91080,7590,0,0,0,0,0,0,0,0,0,0,0,0,12,91080,7590,0,0,0,0,0,0,12,91080,7590,7980,0,누락없음,6,2019-12-05,야간,2019-12-05 4:53,목,안겹침,0,7,0,C,평일
297,1462.6,7500,7320,507,0,0,0,2,63000,31500,0,0,0,0,0,0,2,156540,120440,0,0,0,4,219540,120440,2,156540,120440,0,0,0,4,219540,120440,4080,0,누락없음,13,2019-12-06,야간,2019-12-05 23:52,목,안겹침,0,7,0,C,평일
298,1071.9,6540,6360,559.9,0,0,0,5,55670,16450,0,0,0,0,0,0,0,0,0,0,0,0,5,55670,16450,0,0,0,0,0,0,5,55670,16450,960,0,누락없음,6,2019-12-06,야간,2019-12-06 7:38,금,겹침,0,12,3,C,평일
299,534.5,2580,2460,888.5,0,0,0,0,0,0,2,38785,19550,0,0,0,0,0,0,0,0,0,3,48785,19550,0,0,0,0,0,0,3,48785,19550,780,0,강종누락,19,2019-12-06,야간,2019-12-06 4:18,금,안겹침,0,5,0,S,평일
300,1005.8,4080,3900,568.8,0,0,0,4,53860,16450,2,23270,12200,1,34850,34850,0,0,0,0,0,0,7,111980,34850,1,34850,34850,1,34850,34850,6,77130,16450,660,0,누락없음,17,2019-12-06,주간,2019-12-05 19:11,목,안겹침,0,9,0,ACS,평일
301,1977.2,9060,8940,449.8,0,0,0,8,97940,26200,0,0,0,0,0,0,0,0,0,0,0,0,8,97940,26200,0,0,0,0,0,0,8,97940,26200,2280,0,누락없음,18,2019-12-06,주간,2019-12-05 16:15,목,안겹침,0,9,0,C,평일
302,138.7,600,540,1029.3,0,0,0,3,111500,37500,0,0,0,0,0,0,0,0,0,0,0,0,5,161500,37500,0,0,0,2,50000,25000,3,111500,37500,10740,0,강종누락,19,2019-12-09,야간,2019-12-09 18:40,월,안겹침,0,3,0,C,평일
303,5862.8,119160,65100,341.3,2,43550,23950,3,96230,37500,0,0,0,0,0,0,0,0,0,0,0,0,7,189780,37500,0,0,0,4,93550,25000,3,96230,37500,49800,0,강종누락,18,2019-12-09,주간,2019-12-07 7:48,토,안겹침,0,8,0,AC,주말
304,6409.2,130380,92820,248.8,0,0,0,8,124490,16085,0,0,0,0,0,0,0,0,0,0,0,0,8,124490,16085,0,0,0,0,0,0,8,124490,16085,33360,0,누락없음,6,2019-12-09,주간,2019-12-07 7:30,토,안겹침,0,5,0,C,주말
306,2829,32820,27600,548.9,0,0,0,3,193440,120440,0,0,0,0,0,0,0,0,0,0,0,0,3,193440,120440,0,0,0,0,0,0,3,193440,120440,29100,1,누락없음,17,2019-12-09,주간,2019-12-07 7:37,토,안겹침,0,7,0,C,주말
307,3157.7,27240,26820,594.5,0,0,0,3,168000,105000,0,0,0,0,0,0,0,0,0,0,0,0,3,168000,105000,0,0,0,1,105000,105000,2,63000,31500,75600,0,누락없음,19,2019-12-09,주간,2019-12-08 2:11,일,안겹침,0,3,0,C,주말
308,178.8,1800,1740,987.5,0,0,0,6,127340,31500,0,0,0,0,0,0,0,0,0,0,0,0,6,127340,31500,0,0,0,0,0,0,6,127340,31500,300,0,누락없음,6,2019-12-09,야간,2019-12-09 14:22,월,안겹침,0,8,0,C,평일
310,5934,47220,45180,45.9,0,0,0,1,35000,35000,0,0,0,0,0,0,2,98950,67100,0,0,0,5,183950,67100,2,98950,67100,4,116850,35000,1,67100,67100,199920,4,강종누락,13,2019-12-10,야간,2019-12-09 13:58,월,안겹침,0,4,0,C,주말
311,767,4140,4020,568.2,0,0,0,6,62880,10480,0,0,0,0,0,0,0,0,0,0,0,0,6,62880,10480,0,0,0,0,0,0,6,62880,10480,1020,0,누락없음,6,2019-12-10,야간,2019-12-10 6:14,화,안겹침,0,6,0,C,평일
312,546.6,2340,2280,965.3,0,0,0,3,68200,36000,0,0,0,0,0,0,1,91370,91370,0,0,0,4,159570,91370,1,91370,91370,0,0,0,4,159570,91370,660,0,누락없음,19,2019-12-10,야간,2019-12-10 1:10,화,안겹침,0,5,0,C,평일
313,796.2,3840,3780,511.4,2,43550,23950,2,86230,65000,0,0,0,0,0,0,0,0,0,0,0,0,4,129780,65000,0,0,0,2,43550,23950,2,86230,65000,2400,0,누락없음,18,2019-12-10,주간,2019-12-09 19:42,월,겹침,0,7,1,AC,평일
314,476.8,2520,2460,882.4,0,0,0,2,52400,26200,2,23270,12200,0,0,0,0,0,0,0,0,0,4,75670,26200,0,0,0,0,0,0,4,75670,26200,2940,0,누락없음,18,2019-12-11,주간,2019-12-10 16:37,화,안겹침,0,4,0,CS,평일
315,304,2340,1920,726.2,0,0,0,2,141500,105000,0,0,0,0,0,0,0,0,0,0,0,0,2,141500,105000,0,0,0,1,105000,105000,1,36500,36500,600,1,누락없음,17,2019-12-11,주간,2019-12-10 16:24,화,겹침,0,2,1,C,평일
316,2801,17220,16560,788.5,0,0,0,5,51270,10950,0,0,0,0,0,0,0,0,0,0,0,0,7,71270,10950,0,0,0,0,0,0,7,71270,10950,600,1,강종누락,6,2019-12-11,야간,2019-12-11 6:53,수,안겹침,0,6,0,C,평일
317,194.3,1080,900,871.1,0,0,0,0,0,0,0,0,0,0,0,0,2,123220,91370,0,0,0,2,123220,91370,2,123220,91370,1,31850,31850,1,91370,91370,420,0,누락없음,13,2019-12-11,주간,2019-12-10 22:11,화,안겹침,0,5,0,C,평일
318,754,5040,4620,1088.6,0,0,0,3,143937,81737,0,0,0,0,0,0,0,0,0,0,0,0,3,143937,81737,0,0,0,0,0,0,3,143937,81737,16620,1,누락없음,19,2019-12-11,야간,2019-12-11 6:14,수,겹침,0,4,1,C,평일
319,477.1,2040,1980,951.6,0,0,0,5,65425,26200,0,0,0,0,0,0,1,27850,27850,0,0,0,6,93275,27850,1,27850,27850,0,0,0,6,93275,27850,960,0,누락없음,19,2019-12-12,야간,2019-12-12 3:27,목,안겹침,0,3,0,C,평일
320,767.6,4140,4020,677.9,0,0,0,5,51370,11950,0,0,0,0,0,0,0,0,0,0,0,0,5,51370,11950,0,0,0,0,0,0,5,51370,11950,420,0,누락없음,6,2019-12-12,야간,2019-12-12 6:18,목,안겹침,0,7,0,C,평일
321,217.6,1260,1200,655.4,0,0,0,2,107937,81737,0,0,0,1,22100,22100,0,0,0,0,0,0,3,130037,81737,1,22100,22100,1,22100,22100,2,107937,81737,1020,0,누락없음,18,2019-12-12,주간,2019-12-11 18:47,수,겹침,0,4,1,AC,평일
322,205.4,1500,1440,865.3,0,0,0,1,31850,31850,0,0,0,3,66300,22100,2,79200,39600,0,0,0,6,177350,39600,5,145500,39600,4,98150,31850,2,79200,39600,480,0,누락없음,13,2019-12-12,주간,2019-12-11 19:20,수,겹침,0,2,1,AC,평일
323,120.4,960,840,812.5,0,0,0,2,141500,105000,0,0,0,0,0,0,0,0,0,0,0,0,2,141500,105000,0,0,0,1,105000,105000,1,36500,36500,240,0,누락없음,17,2019-12-12,주간,2019-12-11 10:02,수,겹침,0,2,1,C,평일
324,1713.3,7860,7800,576.8,0,0,0,7,56805,8115,0,0,0,0,0,0,0,0,0,0,0,0,7,56805,8115,0,0,0,0,0,0,7,56805,8115,14760,0,누락없음,19,2019-12-13,야간,2019-12-13 6:00,금,안겹침,0,6,0,C,평일
325,1029.6,4740,4620,469.9,0,0,0,3,84000,73500,0,0,0,0,0,0,0,0,0,0,0,0,3,84000,73500,0,0,0,0,0,0,3,84000,73500,1800,0,누락없음,18,2019-12-13,주간,2019-12-12 17:19,목,안겹침,0,3,0,C,평일
326,291.5,1860,1800,775.1,0,0,0,1,31850,31850,0,0,0,0,0,0,2,79200,39600,0,0,0,3,111050,39600,2,79200,39600,1,31850,31850,2,79200,39600,780,0,누락없음,13,2019-12-13,주간,2019-12-12 18:37,목,안겹침,0,6,0,C,평일
327,543.7,2700,2640,343.8,0,0,0,6,89055,25950,0,0,0,0,0,0,0,0,0,0,0,0,6,89055,25950,0,0,0,0,0,0,6,89055,25950,4920,0,누락없음,17,2019-12-13,주간,2019-12-12 16:10,목,안겹침,0,2,0,C,평일
328,3554.5,32760,31920,354.6,4,65200,16300,1,32000,32000,1,16400,16400,0,0,0,0,0,0,0,0,0,6,113600,32000,0,0,0,5,81600,16400,1,32000,32000,177720,0,누락없음,18,2019-12-16,야간,2019-12-15 17:46,일,안겹침,0,3,0,ACS,주말
329,2148.4,12480,12360,32.1,0,0,0,2,51900,25950,0,0,0,0,0,0,0,0,0,0,0,0,2,51900,25950,0,0,0,0,0,0,2,51900,25950,255720,0,누락없음,13,2019-12-16,야간,2019-12-16 9:34,월,안겹침,0,3,0,C,주말
330,5517.6,133200,106440,249,0,0,0,1,51965,51965,0,0,0,0,0,0,0,0,0,0,0,0,1,51965,51965,0,0,0,1,51965,51965,0,0,0,89640,0,누락없음,6,2019-12-16,주간,2019-12-14 6:55,토,안겹침,0,5,0,C,주말
331,227.4,1380,1320,957.3,0,0,0,2,90000,45000,2,32800,16400,0,0,0,0,0,0,0,0,0,4,122800,45000,0,0,0,2,32800,16400,2,90000,45000,660,0,누락없음,19,2019-12-16,야간,2019-12-16 16:28,월,겹침,0,6,4,CS,평일
332,3234.5,27060,26520,548.1,0,0,0,5,157570,73500,0,0,0,0,0,0,0,0,0,0,0,0,5,157570,73500,0,0,0,0,0,0,5,157570,73500,156840,0,누락없음,17,2019-12-16,주간,2019-12-15 10:50,일,안겹침,0,6,0,C,주말
333,5074.9,52440,51720,428.4,0,0,0,3,142500,52500,3,49200,16400,0,0,0,0,0,0,0,0,0,6,191700,52500,0,0,0,3,49200,16400,3,142500,52500,112680,0,누락없음,19,2019-12-16,주간,2019-12-15 5:07,일,안겹침,0,7,0,CS,주말
334,483.2,2340,2160,547.8,0,0,0,4,190600,73500,0,0,0,0,0,0,0,0,0,0,0,0,4,190600,73500,0,0,0,0,0,0,4,190600,73500,1500,0,누락없음,17,2019-12-17,주간,2019-12-16 15:55,월,겹침,0,5,1,C,평일
335,502.9,2520,2400,565.2,0,0,0,6,63620,25950,0,0,0,0,0,0,0,0,0,0,0,0,6,63620,25950,0,0,0,0,0,0,6,63620,25950,1260,0,누락없음,13,2019-12-17,주간,2019-12-17 4:19,화,안겹침,0,2,0,C,평일
336,1775.2,8400,8280,798.3,0,0,0,6,154300,32300,0,0,0,0,0,0,0,0,0,0,0,0,6,154300,32300,0,0,0,0,0,0,6,154300,32300,1500,0,누락없음,19,2019-12-17,야간,2019-12-17 3:49,화,안겹침,0,4,0,C,평일
337,4007,93240,22800,588.3,0,0,0,7,61720,9300,0,0,0,0,0,0,0,0,0,0,0,0,7,61720,9300,0,0,0,0,0,0,7,61720,9300,3960,1,누락없음,6,2019-12-17,야간,2019-12-16 8:56,월,안겹침,0,1,0,C,평일
338,403.8,3660,2940,899.3,2,32600,16300,2,68000,36000,0,0,0,0,0,0,0,0,0,0,0,0,4,100600,36000,0,0,0,2,32600,16300,2,68000,36000,300,2,누락없음,18,2019-12-17,주간,2019-12-17 1:03,화,겹침,0,6,1,AC,평일
339,262.2,1620,1560,835.4,0,0,0,1,52500,52500,0,0,0,0,0,0,0,0,0,0,0,0,1,52500,52500,0,0,0,0,0,0,1,52500,52500,540,0,누락없음,13,2019-12-18,주간,2019-12-17 16:51,화,안겹침,0,6,0,C,평일
340,135.8,1020,900,793.7,0,0,0,1,31000,31000,0,0,0,0,0,0,1,91370,91370,0,0,0,2,122370,91370,1,91370,91370,0,0,0,2,122370,91370,480,0,누락없음,18,2019-12-18,주간,2019-12-17 19:02,화,안겹침,0,4,0,C,평일
341,1444.3,9480,9240,854.4,0,0,0,3,63010,32300,0,0,0,0,0,0,1,40100,40100,0,0,0,4,103110,40100,1,40100,40100,0,0,0,4,103110,40100,2700,0,누락없음,19,2019-12-18,야간,2019-12-18 6:21,수,겹침,0,6,1,C,평일
342,13877,409740,272220,9.3,4,8800,2200,0,0,0,0,0,0,0,0,0,3,179300,69600,0,0,0,7,188100,69600,3,179300,69600,4,8800,2200,3,179300,69600,962040,5,누락없음,20,2019-12-18,야간,2019-12-13 16:58,금,안겹침,0,2,0,AC,평일
343,2881.3,16680,16200,505.4,0,0,0,6,62880,10480,0,0,0,0,0,0,0,0,0,0,0,0,8,86880,12000,0,0,0,0,0,0,8,86880,12000,4920,1,강종누락,6,2019-12-18,야간,2019-12-18 2:21,수,안겹침,0,7,0,C,평일
344,834.2,3420,3360,617,0,0,0,7,84660,32300,0,0,0,0,0,0,0,0,0,0,0,0,7,84660,32300,0,0,0,0,0,0,7,84660,32300,1080,0,누락없음,17,2019-12-18,주간,2019-12-17 16:41,화,안겹침,0,4,0,C,평일
345,1363,6240,6060,524.2,4,78400,19600,4,36290,9855,0,0,0,0,0,0,0,0,0,0,0,0,8,114690,19600,0,0,0,4,78400,19600,4,36290,9855,1860,0,누락없음,18,2019-12-19,주간,2019-12-18 18:28,수,안겹침,0,2,0,AC,평일
346,2430.9,12900,12660,382.3,0,0,0,8,82135,13150,0,0,0,0,0,0,0,0,0,0,0,0,8,82135,13150,0,0,0,0,0,0,8,82135,13150,14220,0,누락없음,6,2019-12-19,야간,2019-12-19 6:10,목,안겹침,0,8,0,C,평일
347,219.7,1320,1200,566.2,0,0,0,1,19100,19100,0,0,0,0,0,0,2,139200,69600,0,0,0,3,158300,69600,2,139200,69600,0,0,0,3,158300,69600,1440,0,누락없음,20,2019-12-19,주간,2019-12-19 4:19,목,겹침,0,7,2,C,평일
348,1349.7,22200,21720,574.7,0,0,0,1,52500,52500,0,0,0,0,0,0,0,0,0,0,0,0,1,52500,52500,0,0,0,0,0,0,1,52500,52500,1140,0,누락없음,13,2019-12-19,주간,2019-12-18 19:55,수,겹침,0,1,1,C,평일
349,1066.2,38160,7080,370.9,2,33000,16500,0,0,0,0,0,0,1,38600,38600,1,69600,69600,0,0,0,5,155360,69600,2,108200,69600,2,52760,38600,3,102600,69600,6480,2,강종누락,17,2019-12-19,야간,2019-12-18 17:05,수,안겹침,0,7,0,AC,평일
350,947.1,4500,4380,645.1,0,0,0,0,0,0,0,0,0,0,0,0,2,90700,56600,0,0,0,4,174900,56600,2,90700,56600,2,84200,51600,2,90700,56600,22080,0,강종누락,19,2019-12-20,주간,2019-12-19 11:38,목,안겹침,0,4,0,C,평일
351,499.8,2520,2460,1063.9,2,39200,19600,0,0,0,0,0,0,1,32850,32850,2,82200,41100,0,0,0,5,154250,41100,3,115050,41100,3,72050,32850,2,82200,41100,840,0,누락없음,18,2019-12-20,주간,2019-12-19 16:45,목,겹침,0,8,2,AC,평일
352,825.4,3900,3840,684,0,0,0,3,69620,31100,0,0,0,0,0,0,0,0,0,0,0,0,4,83780,31100,0,0,0,1,14160,14160,3,69620,31100,13740,0,강종누락,20,2019-12-20,주간,2019-12-19 14:19,목,안겹침,0,3,0,C,평일
353,5363.8,41760,40920,156.3,2,39510,26250,3,115750,71400,0,0,0,0,0,0,0,0,0,0,0,0,5,155260,71400,0,0,0,4,83860,26250,1,71400,71400,220680,0,누락없음,19,2019-12-24,주간,2019-12-23 8:06,월,안겹침,0,4,0,AC,주말
354,4041.5,27900,26880,20.6,1,31050,31050,0,0,0,0,0,0,0,0,0,2,165979,110879,0,0,0,3,197029,110879,2,165979,110879,1,31050,31050,2,165979,110879,322980,1,누락없음,20,2019-12-24,야간,2019-12-24 6:46,화,안겹침,0,4,0,AC,평일
355,238.8,1620,1560,858.2,0,0,0,0,0,0,0,0,0,0,0,0,3,138300,55100,0,0,0,3,138300,55100,3,138300,55100,2,83200,43600,1,55100,55100,420,0,누락없음,13,2019-12-24,야간,2019-12-24 18:07,화,안겹침,0,3,0,C,평일
356,1352.7,8340,8160,645.3,0,0,0,0,0,0,0,0,0,0,0,0,0,0,0,0,0,0,2,30000,15000,0,0,0,0,0,0,2,30000,15000,540,2,강종누락,6,2019-12-24,야간,2019-12-24 13:13,화,안겹침,0,8,0,,평일
357,133.4,900,840,1056.4,0,0,0,3,145400,71400,0,0,0,0,0,0,0,0,0,0,0,0,3,145400,71400,0,0,0,0,0,0,3,145400,71400,2100,0,누락없음,19,2019-12-24,야간,2019-12-24 14:59,화,안겹침,0,5,0,C,평일
358,7578.7,212040,119700,246,1,31050,31050,2,74000,46500,0,0,0,0,0,0,0,0,0,0,0,0,3,105050,46500,0,0,0,1,31050,31050,2,74000,46500,52680,2,누락없음,13,2019-12-24,주간,2019-12-21 7:50,토,안겹침,0,1,0,AC,주말
359,166.2,960,900,730.2,0,0,0,0,0,0,0,0,0,0,0,0,3,194079,110879,0,0,0,3,194079,110879,3,194079,110879,2,83200,43600,1,110879,110879,660,0,누락없음,20,2019-12-25,주간,2019-12-25 6:37,수,겹침,0,3,1,C,평일
360,139.1,900,840,885.2,0,0,0,1,71400,71400,0,0,0,0,0,0,0,0,0,0,0,0,1,71400,71400,0,0,0,0,0,0,1,71400,71400,540,0,누락없음,13,2019-12-25,야간,2019-12-25 13:18,수,안겹침,0,2,0,C,평일
361,2871.9,17220,17040,533.6,4,70500,18500,2,40000,20000,0,0,0,0,0,0,0,0,0,0,0,0,6,110500,20000,0,0,0,4,70500,18500,2,40000,20000,900,0,누락없음,6,2019-12-25,야간,2019-12-25 2:19,수,안겹침,0,2,0,AC,평일
362,447.9,1980,1920,955.3,0,0,0,2,52470,36000,0,0,0,0,0,0,1,55100,55100,0,0,0,3,107570,55100,1,55100,55100,0,0,0,3,107570,55100,720,0,누락없음,19,2019-12-25,야간,2019-12-25 6:40,수,안겹침,0,3,0,C,평일
363,371.9,1800,1740,649.9,0,0,0,1,71400,71400,0,0,0,0,0,0,1,55100,55100,0,0,0,2,126500,71400,1,55100,55100,0,0,0,2,126500,71400,2400,0,누락없음,13,2019-12-25,주간,2019-12-25 1:36,수,겹침,0,3,1,C,평일
364,2454.8,41700,41100,537.6,0,0,0,1,71400,71400,0,0,0,0,0,0,0,0,0,0,0,0,1,71400,71400,0,0,0,0,0,0,1,71400,71400,1680,0,누락없음,13,2019-12-26,야간,2019-12-26 3:05,목,겹침,0,1,1,C,평일
365,98.8,900,840,980.3,0,0,0,1,36000,36000,0,0,0,0,0,0,1,110879,110879,0,0,0,2,146879,110879,1,110879,110879,0,0,0,2,146879,110879,300,0,누락없음,20,2019-12-26,주간,2019-12-25 15:04,수,안겹침,0,3,0,C,평일
366,142.5,1620,1500,911.5,0,0,0,5,103600,21600,0,0,0,0,0,0,0,0,0,0,0,0,5,103600,21600,0,0,0,0,0,0,5,103600,21600,240,0,누락없음,6,2019-12-26,야간,2019-12-26 2:29,목,안겹침,0,6,0,C,평일
367,499,2340,2280,924.5,2,33500,18500,1,36000,36000,0,0,0,0,0,0,0,0,0,0,0,0,4,123100,53600,0,0,0,3,87100,53600,1,36000,36000,11340,0,강종누락,19,2019-12-26,야간,2019-12-26 4:40,목,안겹침,0,3,0,AC,평일
368,1755.7,32400,30660,567.5,0,0,0,1,71400,71400,0,0,0,0,0,0,0,0,0,0,0,0,1,71400,71400,0,0,0,0,0,0,1,71400,71400,840,0,누락없음,13,2019-12-27,야간,2019-12-27 5:25,금,겹침,0,1,1,C,평일
369,974.9,5220,5040,548.4,0,0,0,3,58920,30500,0,0,0,0,0,0,0,0,0,0,0,0,3,58920,30500,0,0,0,0,0,0,3,58920,30500,960,0,누락없음,6,2019-12-27,야간,2019-12-27 2:27,금,안겹침,0,5,0,C,평일
370,140.3,1020,960,1024,0,0,0,2,57600,36000,0,0,0,0,0,0,0,0,0,0,0,0,2,57600,36000,0,0,0,0,0,0,2,57600,36000,9180,0,누락없음,19,2019-12-27,주간,2019-12-27 6:00,금,안겹침,0,4,0,C,평일
371,136,1440,1320,786.2,0,0,0,1,36000,36000,0,0,0,0,0,0,2,71000,35500,0,0,0,3,107000,36000,2,71000,35500,0,0,0,3,107000,36000,3480,0,누락없음,20,2019-12-27,야간,2019-12-27 17:17,금,안겹침,0,4,0,C,평일
372,5777.7,136740,89400,182.2,0,0,0,1,173703,173703,0,0,0,0,0,0,0,0,0,0,0,0,1,173703,173703,0,0,0,0,0,0,1,173703,173703,232740,2,누락없음,18,2019-12-27,주간,2019-12-23 8:08,월,안겹침,0,5,0,C,주말
373,1039.9,5400,5040,586.2,0,0,0,1,7420,7420,0,0,0,0,0,0,3,113100,42100,0,0,0,4,120520,42100,3,113100,42100,0,0,0,4,120520,42100,1200,1,누락없음,20,2019-12-27,주간,2019-12-26 18:21,목,안겹침,0,2,0,C,평일
374,832,3660,3540,941,0,0,0,7,115400,30500,0,0,0,0,0,0,0,0,0,0,0,0,7,115400,30500,0,0,0,0,0,0,7,115400,30500,780,0,누락없음,19,2019-12-28,주간,2019-12-27 17:25,금,안겹침,0,2,0,C,평일
375,2726.8,13680,12600,382.3,0,0,0,7,59960,11250,1,10800,10800,0,0,0,0,0,0,0,0,0,8,70760,11250,0,0,0,0,0,0,8,70760,11250,22380,3,누락없음,18,2019-12-28,주간,2019-12-27 14:49,금,안겹침,0,1,0,CS,평일
376,658,3660,3600,730.8,0,0,0,4,56600,14150,0,0,0,0,0,0,0,0,0,0,0,0,4,56600,14150,0,0,0,0,0,0,4,56600,14150,2760,0,누락없음,6,2019-12-28,야간,2019-12-27 23:03,금,안겹침,0,3,0,C,평일
377,595.7,2940,2880,759,0,0,0,1,30500,30500,1,10800,10800,0,0,0,1,36000,36000,0,0,0,3,77300,36000,1,36000,36000,0,0,0,3,77300,36000,6720,0,누락없음,20,2019-12-28,야간,2019-12-28 7:08,토,안겹침,0,3,0,CS,주말
