,°¡¿­·Î ¹øÈ£,½ÃÀÛ½Ã°£,Á¾·á½Ã°£,°¡½º»ç¿ë·®,Type,¼ÒÀç list,ÀÛ¾÷ÀÏÀÚ,ÁÖ/¾ß°£,in,out,cycle,ÆòÀÏ/ÁÖ¸»,drop_flag,gradient,part_types,temp diff,time diff,°¡½º»ç¿ë·®(¸¶Áö¸· ±¸°£),°¡¿­¿Ï·á ¿Âµµ,°¡¿­Áß ¸¶Áö¸· ¹®´ÝÈù ½Ã°£,°¡¿­Áß ¹®¿­¸² È½¼ö,»¬½Ã°£,½ÃÀÛ¿Âµµ,½ÇÁ¦ ½ÃÀÛ½Ã°£,¿ø·¡½ÃÀÛÁ¡¿Âµµ,ÀÌÀü Á¾·á½Ã°£,Á¾·á¿Âµµ,ÃÖÁ¾ °¡¿­½ÃÀÛ ¿Âµµ,Æò±Õ¿Âµµ,°ãÄ§¼ö·®,Á÷Àü »çÀÌÅ¬ ¼ÒÀç ¼ö·®,°ãÄ§¿©ºÎ
0,5,2019-07-01 08:45:00,2019-07-01 08:46:00,5.0,hold,[''],,,[],[],0.0,,0.0,,,,,,,,,,1286.3,,,,1284.4,,1285.35,0,0.0,¾È°ãÄ§
1,5,2019-07-01 09:47:00,2019-07-01 09:52:00,0.0,hold,[''],,,[],[],0.0,,0.0,,,,,,,,,,1288.5,,,,1271.8,,1280.3,4,4.0,°ãÄ§
2,5,2019-07-01 11:52:00,2019-07-01 13:00:00,189.5999999996274,hold,[''],,,[],[],0.0,,0.0,,,,,,,,,,1266.1,,,,1258.4,,1252.1159420289853,4,4.0,°ãÄ§
3,5,2019-07-01 13:21:00,2019-07-01 13:26:00,18.199999999254945,hold,[''],,,[],[],0.0,,0.0,,,,,,,,,,1272.9,,,,1272.0,,1272.5,4,4.0,°ãÄ§
4,5,2019-07-02 03:35:00,2019-07-02 06:44:00,587.1999999992547,hold,[''],2019-07-02,ÁÖ°£,[],[],1.0,,0.0,,,,,,,,,,1252.1,,,,1269.7,,1268.085789473684,4,4.0,°ãÄ§
5,5,2019-07-02 09:02:00,2019-07-02 11:35:00,344.20000000111764,hold,[''],2019-07-02,ÁÖ°£,[],[],1.0,,0.0,,,,,,,,,,1253.7,,,,1255.6,,1255.4493506493507,4,4.0,°ãÄ§
6,5,2019-07-02 11:50:00,2019-07-02 13:18:00,211.2999999988824,hold,[''],2019-07-02,ÁÖ°£,[],[],1.0,,0.0,,,,,,,,,,1257.9,,,,1254.6,,1252.2876404494384,4,4.0,°ãÄ§
7,5,2019-07-02 13:32:00,2019-07-02 13:40:00,19.80000000074505,hold,[''],2019-07-02,ÁÖ°£,[],[],1.0,,0.0,,,,,,,,,,1254.2,,,,1253.1,,1252.8,4,4.0,°ãÄ§
8,5,2019-07-03 09:37:00,2019-07-03 09:47:00,43.30000000074506,hold,[''],2019-07-03,ÁÖ°£,[],[],2.0,,0.0,,,,,,,,,,1286.5,,,,1272.0,,1278.1727272727271,4,4.0,°ãÄ§
9,5,2019-07-03 10:38:00,2019-07-03 11:13:00,167.2000000011176,hold,[''],2019-07-03,ÁÖ°£,[],[],2.0,,0.0,,,,,,,,,,1288.0,,,,1272.4,,1206.1111111111113,4,4.0,°ãÄ§
10,5,2019-07-03 12:13:00,2019-07-03 12:56:00,150.09999999962747,hold,[''],2019-07-03,ÁÖ°£,[],[],2.0,,0.0,,,,,,,,,,1271.4,,,,1271.1,,1271.2522727272724,4,4.0,°ãÄ§
11,5,2019-07-03 13:15:00,2019-07-03 13:33:00,50.19999999925494,hold,[''],2019-07-03,ÁÖ°£,[],[],2.0,,0.0,,,,,,,,,,1271.2,,,,1272.3,,1271.178947368421,4,4.0,°ãÄ§
12,5,2019-07-03 20:40:00,2019-07-04 07:52:00,1779.10000000149,hold,[''],2019-07-04,ÁÖ°£,[],[],3.0,,0.0,,,,,,,,,,1252.2,,,,1258.3,,1253.3164933135215,4,4.0,°ãÄ§
13,5,2019-07-04 08:08:00,2019-07-04 08:45:00,87.0,hold,[''],2019-07-04,ÁÖ°£,[],[],3.0,,0.0,,,,,,,,,,1257.0,,,,1256.2,,1253.9552631578947,4,4.0,°ãÄ§
14,5,2019-07-04 09:06:00,2019-07-04 09:44:00,0.0,hold,[''],2019-07-04,ÁÖ°£,[],[],3.0,,0.0,,,,,,,,,,1270.9,,,,1252.0,,1252.7102564102565,4,4.0,°ãÄ§
15,5,2019-07-04 10:04:00,2019-07-04 10:20:00,0.0,hold,[''],2019-07-04,ÁÖ°£,[],[],3.0,,0.0,,,,,,,,,,1271.4,,,,1272.2,,1267.4470588235295,4,4.0,°ãÄ§
16,5,2019-07-04 10:44:00,2019-07-04 10:52:00,34.5,hold,[''],2019-07-04,ÁÖ°£,[],[],3.0,,0.0,,,,,,,,,,1287.9,,,,1270.9,,1277.7,4,4.0,°ãÄ§
17,5,2019-07-04 11:19:00,2019-07-04 11:26:00,29.5,hold,[''],2019-07-04,ÁÖ°£,[],[],3.0,,0.0,,,,,,,,,,1287.0,,,,1271.2,,1277.75,4,4.0,°ãÄ§
18,5,2019-07-04 12:23:00,2019-07-04 12:58:00,120.30000000074509,hold,[''],2019-07-04,ÁÖ°£,[],[],3.0,,0.0,,,,,,,,,,1271.8,,,,1270.9,,1271.3722222222225,4,4.0,°ãÄ§
19,5,2019-07-04 13:28:00,2019-07-04 13:32:00,14.799999998882413,hold,[''],2019-07-04,ÁÖ°£,[],[],3.0,,0.0,,,,,,,,,,1272.6,,,,1271.6,,1272.16,4,4.0,°ãÄ§
20,5,2019-07-05 03:44:00,2019-07-05 03:48:00,26.699999999254945,hold,[''],2019-07-05,ÁÖ°£,[],[],4.0,,0.0,,,,,,,,,,1253.0,,,,1252.0,,1252.4,4,4.0,°ãÄ§
21,5,2019-07-05 04:06:00,2019-07-05 04:12:00,43.19999999925494,hold,[''],2019-07-05,ÁÖ°£,[],[],4.0,,0.0,,,,,,,,,,1264.1,,,,1253.9,,1257.4857142857145,4,4.0,°ãÄ§
22,5,2019-07-05 05:00:00,2019-07-05 09:08:00,938.4000000003723,hold,[''],2019-07-05,ÁÖ°£,[],[],4.0,,0.0,,,,,,,,,,1252.5,,,,1270.9,,1266.0590361445782,4,4.0,°ãÄ§
23,5,2019-07-05 09:24:00,2019-07-05 09:46:00,66.40000000037253,hold,[''],2019-07-05,ÁÖ°£,[],[],4.0,,0.0,,,,,,,,,,1273.3,,,,1271.5,,1271.6739130434785,4,4.0,°ãÄ§
24,5,2019-07-05 10:01:00,2019-07-05 10:19:00,53.30000000074506,hold,[''],2019-07-05,ÁÖ°£,[],[],4.0,,0.0,,,,,,,,,,1275.8,,,,1271.3,,1272.3684210526314,4,4.0,°ãÄ§
25,5,2019-07-05 10:45:00,2019-07-05 10:51:00,18.299999998882413,hold,[''],2019-07-05,ÁÖ°£,[],[],4.0,,0.0,,,,,,,,,,1271.3,,,,1271.1,,1271.1714285714286,4,4.0,°ãÄ§
26,5,2019-07-09 20:33:00,2019-07-09 20:43:00,31.800000000745047,hold,[''],2019-07-09,¾ß°£,[],[],5.0,,0.0,,,,,,,,,,1275.7,,,,1271.9,,1272.9818181818182,4,4.0,°ãÄ§
27,5,2019-07-09 21:24:00,2019-07-09 21:42:00,61.90000000037254,hold,[''],2019-07-09,¾ß°£,[],[],5.0,,0.0,,,,,,,,,,1282.7,,,,1271.5,,1273.2,4,4.0,°ãÄ§
28,5,2019-07-09 21:56:00,2019-07-09 22:20:00,78.5,hold,[''],2019-07-09,¾ß°£,[],[],5.0,,0.0,,,,,,,,,,1278.2,,,,1272.8,,1272.588,4,4.0,°ãÄ§
29,5,2019-07-10 20:36:00,2019-07-10 20:39:00,10.099999999627473,hold,[''],2019-07-10,¾ß°£,[],[],6.0,,0.0,,,,,,,,,,1271.8,,,,1271.5,,1271.575,4,4.0,°ãÄ§
30,5,2019-07-10 20:55:00,2019-07-10 21:07:00,41.800000000745065,hold,[''],2019-07-10,¾ß°£,[],[],6.0,,0.0,,,,,,,,,,1286.4,,,,1271.3,,1274.8384615384614,4,4.0,°ãÄ§
31,5,2019-07-10 21:19:00,2019-07-10 21:45:00,95.20000000111759,hold,[''],2019-07-10,¾ß°£,[],[],6.0,,0.0,,,,,,,,,,1220.0,,,,1270.7,,1262.448148148148,4,4.0,°ãÄ§
32,5,2019-07-10 22:06:00,2019-07-10 22:15:00,25.09999999962747,hold,[''],2019-07-10,¾ß°£,[],[],6.0,,0.0,,,,,,,,,,1272.1,,,,1271.4,,1271.2599999999998,4,4.0,°ãÄ§
33,5,2019-07-10 22:29:00,2019-07-10 22:43:00,43.5,hold,[''],2019-07-10,¾ß°£,[],[],6.0,,0.0,,,,,,,,,,1283.6,,,,1270.8,,1273.4999999999998,4,4.0,°ãÄ§
34,5,2019-07-10 23:04:00,2019-07-10 23:09:00,16.699999999254945,hold,[''],2019-07-10,¾ß°£,[],[],6.0,,0.0,,,,,,,,,,1272.4,,,,1271.1,,1271.9333333333334,4,4.0,°ãÄ§
35,5,2019-07-10 23:35:00,2019-07-10 23:40:00,13.299999998882413,hold,[''],2019-07-10,¾ß°£,[],[],6.0,,0.0,,,,,,,,,,1270.3,,,,1272.1,,1271.2833333333335,4,4.0,°ãÄ§
36,5,2019-07-11 20:27:00,2019-07-11 20:31:00,14.900000000372527,hold,[''],2019-07-11,¾ß°£,[],[],7.0,,0.0,,,,,,,,,,1273.0,,,,1274.5,,1274.14,4,4.0,°ãÄ§
37,5,2019-07-11 20:46:00,2019-07-11 21:03:00,84.20000000111759,hold,[''],2019-07-11,¾ß°£,[],[],7.0,,0.0,,,,,,,,,,1283.1,,,,1291.4,,1227.1166666666668,4,4.0,°ãÄ§
38,5,2019-07-11 21:28:00,2019-07-11 21:35:00,23.300000000745047,hold,[''],2019-07-11,¾ß°£,[],[],7.0,,0.0,,,,,,,,,,1272.2,,,,1271.1,,1271.575,4,4.0,°ãÄ§
39,5,2019-07-11 21:47:00,2019-07-11 21:55:00,30.0,hold,[''],2019-07-11,¾ß°£,[],[],7.0,,0.0,,,,,,,,,,1286.7,,,,1272.4,,1277.8111111111114,4,4.0,°ãÄ§
40,5,2019-07-12 07:05:00,2019-07-12 07:15:00,86.0,hold,[''],2019-07-12,¾ß°£,[],[],8.0,,0.0,,,,,,,,,,992.8,,,,1001.8,,997.4909090909093,4,4.0,°ãÄ§
41,5,2019-07-12 12:52:00,2019-07-12 20:39:00,1897.8000000007446,hold,[''],2019-07-12,¾ß°£,[],[],8.0,,0.0,,,,,,,,,,1255.2,,,,1255.7,,1251.5517094017093,4,4.0,°ãÄ§
42,5,2019-07-12 20:54:00,2019-07-12 21:06:00,34.799999998882406,hold,[''],2019-07-12,¾ß°£,[],[],8.0,,0.0,,,,,,,,,,1254.8,,,,1252.1,,1252.6538461538462,4,4.0,°ãÄ§
43,5,2019-07-12 21:26:00,2019-07-12 21:35:00,41.09999999962747,hold,[''],2019-07-12,¾ß°£,[],[],8.0,,0.0,,,,,,,,,,1265.6,,,,1251.6,,1258.77,4,4.0,°ãÄ§
44,5,2019-07-12 21:56:00,2019-07-12 22:06:00,39.5,hold,[''],2019-07-12,¾ß°£,[],[],8.0,,0.0,,,,,,,,,,1267.6,,,,1251.5,,1256.9545454545455,4,4.0,°ãÄ§
45,5,2019-07-12 22:29:00,2019-07-12 22:37:00,26.40000000037253,hold,[''],2019-07-12,¾ß°£,[],[],8.0,,0.0,,,,,,,,,,1251.4,,,,1251.9,,1251.3111111111114,4,4.0,°ãÄ§
46,5,2019-07-12 23:01:00,2019-07-12 23:07:00,23.199999999254945,hold,[''],2019-07-12,¾ß°£,[],[],8.0,,0.0,,,,,,,,,,1252.3,,,,1251.2,,1251.9285714285713,4,4.0,°ãÄ§
47,5,2019-07-12 23:23:00,2019-07-12 23:33:00,34.89999999850989,hold,[''],2019-07-12,¾ß°£,[],[],8.0,,0.0,,,,,,,,,,1263.7,,,,1252.5,,1254.6,4,4.0,°ãÄ§
48,5,2019-07-13 00:11:00,2019-07-13 02:48:00,380.3000000007452,hold,[''],2019-07-12,¾ß°£,[],[],8.0,,0.0,,,,,,,,,,1252.0,,,,1251.0,,1250.4917721518984,4,4.0,°ãÄ§
49,5,2019-07-13 03:17:00,2019-07-13 04:47:00,200.6999999992549,hold,[''],2019-07-12,¾ß°£,[],[],8.0,,0.0,,,,,,,,,,1253.0,,,,1251.7,,1250.559340659341,4,4.0,°ãÄ§
50,5,2019-07-13 04:58:00,2019-07-13 05:00:00,8.300000000745058,hold,[''],2019-07-12,¾ß°£,[],[],8.0,,0.0,,,,,,,,,,1255.1,,,,1256.1,,1255.8333333333333,4,4.0,°ãÄ§
51,5,2019-07-15 15:55:00,2019-07-15 15:56:00,3.300000000745058,hold,[''],2019-07-15,ÁÖ°£,[],[],9.0,,0.0,,,,,,,,,,1276.5,,,,1276.5,,1276.5,4,4.0,°ãÄ§
52,5,2019-07-15 16:27:00,2019-07-15 16:33:00,23.20000000111759,hold,[''],2019-07-15,ÁÖ°£,[],[],9.0,,0.0,,,,,,,,,,1253.4,,,,1279.4,,1265.2428571428572,4,4.0,°ãÄ§
53,5,2019-07-15 16:46:00,2019-07-15 16:56:00,33.19999999925494,hold,[''],2019-07-15,ÁÖ°£,[],[],9.0,,0.0,,,,,,,,,,1290.9,,,,1271.7,,1276.3454545454547,4,4.0,°ãÄ§
54,5,2019-07-15 17:25:00,2019-07-15 17:55:00,81.29999999888241,hold,[''],2019-07-15,ÁÖ°£,[],[],9.0,,0.0,,,,,,,,,,1269.4,,,,1272.0,,1271.0419354838714,4,4.0,°ãÄ§
55,5,2019-07-15 18:11:00,2019-07-15 18:18:00,21.60000000149012,hold,[''],2019-07-15,ÁÖ°£,[],[],9.0,,0.0,,,,,,,,,,1291.5,,,,1273.1,,1277.8625000000004,4,4.0,°ãÄ§
56,5,2019-07-15 18:34:00,2019-07-15 18:39:00,18.30000000074505,hold,[''],2019-07-15,ÁÖ°£,[],[],9.0,,0.0,,,,,,,,,,1284.7,,,,1274.8,,1276.7833333333333,4,4.0,°ãÄ§
57,5,2019-07-15 21:01:00,2019-07-15 21:02:00,8.199999999254942,hold,[''],2019-07-17,ÁÖ°£,[],[],10.0,,0.0,,,,,,,,,,1234.7,,,,1248.4,,1241.5500000000004,4,4.0,°ãÄ§
58,5,2019-07-15 22:40:00,2019-07-16 03:41:00,1024.5,hold,[''],2019-07-17,ÁÖ°£,[],[],10.0,,0.0,,,,,,,,,,1276.3,,,,1271.1,,1270.1006622516554,4,4.0,°ãÄ§
59,5,2019-07-16 04:13:00,2019-07-16 04:28:00,43.69999999925494,hold,[''],2019-07-17,ÁÖ°£,[],[],10.0,,0.0,,,,,,,,,,1269.0,,,,1269.3,,1262.225,4,4.0,°ãÄ§
60,5,2019-07-16 06:57:00,2019-07-16 14:30:00,663.9000000003724,hold,[''],2019-07-17,ÁÖ°£,[],[],10.0,,0.0,,,,,,,,,,436.4,,,,1191.6,,459.29823788546247,4,4.0,°ãÄ§
61,5,2019-07-16 14:42:00,2019-07-16 17:27:00,816.4000000003723,hold,[''],2019-07-17,ÁÖ°£,[],[],10.0,,0.0,,,,,,,,,,669.1,,,,1252.7,,878.3192771084339,4,4.0,°ãÄ§
62,5,2019-07-16 18:28:00,2019-07-17 08:42:00,4379.300000000745,hold,[''],2019-07-17,ÁÖ°£,[],[],10.0,,0.0,,,,,,,,,,1256.4,,,,1270.9,,1172.0677192982455,4,4.0,°ãÄ§
63,5,2019-07-17 09:28:00,2019-07-17 09:29:00,6.599999999627472,hold,[''],2019-07-17,ÁÖ°£,[],[],10.0,,0.0,,,,,,,,,,1285.0,,,,1286.5,,1285.75,4,4.0,°ãÄ§
64,5,2019-07-18 08:45:00,2019-07-18 09:06:00,70.20000000111759,hold,[''],2019-07-18,ÁÖ°£,[],[],11.0,,0.0,,,,,,,,,,1275.8,,,,1271.5,,1272.8681818181822,4,4.0,°ãÄ§
65,5,2019-07-18 09:22:00,2019-07-18 09:26:00,16.699999999254945,hold,[''],2019-07-18,ÁÖ°£,[],[],11.0,,0.0,,,,,,,,,,1276.2,,,,1275.1,,1275.6799999999996,4,4.0,°ãÄ§
66,5,2019-07-18 09:46:00,2019-07-18 09:47:00,5.0,hold,[''],2019-07-18,ÁÖ°£,[],[],11.0,,0.0,,,,,,,,,,1276.0,,,,1275.4,,1275.7,4,4.0,°ãÄ§
67,5,2019-07-18 10:04:00,2019-07-18 10:07:00,15.0,hold,[''],2019-07-18,ÁÖ°£,[],[],11.0,,0.0,,,,,,,,,,1282.1,,,,1278.7,,1280.35,4,4.0,°ãÄ§
68,5,2019-08-07 09:34:00,2019-08-07 09:46:00,88.29999999888241,hold,['191101-19326-157'],2019-08-07,¾ß°£,[],[],12.0,,0.0,,,,,,,,,,1228.1,,,,1238.1,,1233.2461538461537,4,4.0,°ãÄ§
69,5,2019-08-07 11:58:00,2019-08-07 23:33:00,2085.4000000003725,hold,[''],2019-08-07,¾ß°£,[],[],12.0,,0.0,,,,,,,,,,1256.6,,,,1320.5,,1257.5974137931034,4,20.0,°ãÄ§
70,5,2019-08-07 23:41:00,2019-08-08 03:07:00,303.6000000014901,hold,[''],2019-08-07,¾ß°£,[],[],12.0,,0.0,,,,,,,,,,1291.7,,,,1251.5,,1252.8086956521734,4,4.0,°ãÄ§
71,5,2019-08-08 03:19:00,2019-08-08 03:21:00,6.599999999627472,hold,[''],2019-08-07,¾ß°£,[],[],12.0,,0.0,,,,,,,,,,1252.0,,,,1253.8,,1253.1,4,4.0,°ãÄ§
72,5,2019-08-08 03:51:00,2019-08-08 03:56:00,18.30000000074505,hold,[''],2019-08-07,¾ß°£,[],[],12.0,,0.0,,,,,,,,,,1256.9,,,,1255.2,,1255.1333333333334,4,4.0,°ãÄ§
73,5,2019-08-08 04:21:00,2019-08-08 05:35:00,159.90000000037253,hold,[''],2019-08-07,¾ß°£,[],[],12.0,,0.0,,,,,,,,,,1249.1,,,,1251.7,,1250.1253333333332,4,4.0,°ãÄ§
74,5,2019-08-13 05:17:00,2019-08-13 10:16:00,943.5999999996277,hold,[''],2019-08-13,ÁÖ°£,[],[],14.0,,0.0,,,,,,,,,,1232.4,,,,1250.7,,1238.1513333333335,4,4.0,°ãÄ§
75,5,2019-08-13 10:36:00,2019-08-13 10:40:00,11.400000000372527,hold,[''],2019-08-13,ÁÖ°£,[],[],14.0,,0.0,,,,,,,,,,1249.2,,,,1251.5,,1250.9599999999996,4,4.0,°ãÄ§
76,5,2019-08-13 11:24:00,2019-08-13 12:56:00,232.4000000003726,hold,[''],2019-08-13,ÁÖ°£,[],[],14.0,,0.0,,,,,,,,,,1247.6,,,,1251.1,,1250.8021505376344,4,4.0,°ãÄ§
77,5,2019-08-13 13:28:00,2019-08-13 14:09:00,110.0,hold,[''],2019-08-13,ÁÖ°£,[],[],14.0,,0.0,,,,,,,,,,1250.9,,,,1251.3,,1251.3500000000004,4,4.0,°ãÄ§
78,5,2019-08-14 09:20:00,2019-08-14 09:28:00,24.5,hold,[''],2019-08-14,ÁÖ°£,[],[],15.0,,0.0,,,,,,,,,,1269.0,,,,1252.5,,1259.0555555555557,4,4.0,°ãÄ§
79,5,2019-08-14 09:45:00,2019-08-14 09:46:00,3.199999999254942,hold,[''],2019-08-14,ÁÖ°£,[],[],15.0,,0.0,,,,,,,,,,1256.2,,,,1255.5,,1255.85,4,4.0,°ãÄ§
80,5,2019-08-14 10:06:00,2019-08-14 10:43:00,134.80000000074506,hold,[''],2019-08-14,ÁÖ°£,[],[],15.0,,0.0,,,,,,,,,,1266.3,,,,1251.4,,1230.7421052631578,4,4.0,°ãÄ§
81,5,2019-08-14 10:57:00,2019-08-14 11:05:00,30.79999999888241,hold,[''],2019-08-14,ÁÖ°£,[],[],15.0,,0.0,,,,,,,,,,1268.8,,,,1250.4,,1260.6666666666667,4,4.0,°ãÄ§
82,5,2019-08-14 11:38:00,2019-08-14 12:59:00,165.59999999962747,hold,[''],2019-08-14,ÁÖ°£,[],[],15.0,,0.0,,,,,,,,,,1251.3,,,,1249.6,,1250.9573170731708,4,4.0,°ãÄ§
83,5,2019-08-14 23:59:00,2019-08-15 02:01:00,365.09999999962747,hold,[''],2019-08-15,ÁÖ°£,[],[],16.0,,0.0,,,,,,,,,,1249.8,,,,1250.4,,1250.6585365853662,4,4.0,°ãÄ§
84,5,2019-08-15 02:36:00,2019-08-15 09:14:00,829.5999999996277,hold,"['190716-15622-004', '190726-19234-010', '190726-19234-010', '190726-19234-018']",2019-08-15,ÁÖ°£,[],[],16.0,,0.0,,,,,,,,,,1245.9,,,,1252.2,,1250.7005012531329,10,4.0,°ãÄ§
85,5,2019-08-15 09:33:00,2019-08-15 10:49:00,173.0999999996274,hold,[''],2019-08-15,ÁÖ°£,[],[],16.0,,0.0,,,,,,,,,,1252.4,,,,1272.0,,1260.748051948052,4,80.0,°ãÄ§
86,5,2019-08-15 11:23:00,2019-08-15 11:28:00,17.899999998509887,hold,[''],2019-08-15,ÁÖ°£,[],[],16.0,,0.0,,,,,,,,,,1288.8,,,,1271.5,,1278.2,4,4.0,°ãÄ§
87,5,2019-08-15 11:46:00,2019-08-15 13:02:00,189.5,hold,[''],2019-08-15,ÁÖ°£,[],[],16.0,,0.0,,,,,,,,,,1290.8,,,,1271.6,,1271.5597402597402,4,4.0,°ãÄ§
88,5,2019-08-15 13:16:00,2019-08-15 13:25:00,31.0,hold,[''],2019-08-15,ÁÖ°£,[],[],16.0,,0.0,,,,,,,,,,1288.6,,,,1268.8,,1277.6,4,4.0,°ãÄ§
89,5,2019-08-15 14:03:00,2019-08-15 14:08:00,19.5,hold,[''],2019-08-15,ÁÖ°£,[],[],16.0,,0.0,,,,,,,,,,1290.3,,,,1272.9,,1280.6166666666666,4,4.0,°ãÄ§
90,5,2019-08-15 23:41:00,2019-08-16 02:00:00,389.09999999962747,hold,[''],2019-08-16,ÁÖ°£,[],[],17.0,,0.0,,,,,,,,,,1269.8,,,,1271.0,,1270.688571428571,4,4.0,°ãÄ§
91,5,2019-08-16 02:23:00,2019-08-16 02:32:00,24.60000000149012,hold,[''],2019-08-16,ÁÖ°£,[],[],17.0,,0.0,,,,,,,,,,1271.4,,,,1271.4,,1271.0400000000004,4,4.0,°ãÄ§
92,5,2019-08-16 03:01:00,2019-08-16 06:17:00,476.6999999992548,hold,[''],2019-08-16,ÁÖ°£,[],[],17.0,,0.0,,,,,,,,,,1286.6,,,,1269.8,,1271.0,4,4.0,°ãÄ§
93,5,2019-08-16 07:08:00,2019-08-16 13:03:00,694.5999999996277,hold,[''],2019-08-16,ÁÖ°£,[],[],17.0,,0.0,,,,,,,,,,1271.2,,,,1252.7,,1263.071348314607,4,4.0,°ãÄ§
94,5,2019-08-16 13:39:00,2019-08-16 14:20:00,81.0,hold,[''],2019-08-16,ÁÖ°£,[],[],17.0,,0.0,,,,,,,,,,1247.1,,,,1250.6,,1251.154761904762,4,4.0,°ãÄ§
95,5,2019-08-16 14:50:00,2019-08-16 15:43:00,104.0,hold,['190626-19503-006'],2019-08-16,ÁÖ°£,[],[],17.0,,0.0,,,,,,,,,,1248.0,,,,1251.9,,1250.824074074074,4,4.0,°ãÄ§
96,5,2019-08-19 14:01:00,2019-08-19 20:20:00,765.4000000003723,hold,[''],2019-08-19,¾ß°£,[],[],18.0,,0.0,,,,,,,,,,1252.3,,,,1249.7,,1250.776052631579,4,20.0,°ãÄ§
97,5,2019-08-19 20:45:00,2019-08-19 20:54:00,26.59999999962747,hold,[''],2019-08-19,¾ß°£,[],[],18.0,,0.0,,,,,,,,,,1270.4,,,,1271.6,,1271.06,4,4.0,°ãÄ§
98,5,2019-08-19 21:28:00,2019-08-19 23:15:00,266.40000000037253,hold,[''],2019-08-19,¾ß°£,[],[],18.0,,0.0,,,,,,,,,,1271.4,,,,1272.6,,1270.8185185185184,4,4.0,°ãÄ§
99,5,2019-08-20 00:03:00,2019-08-20 01:52:00,245.30000000074506,hold,[''],2019-08-19,¾ß°£,[],[],18.0,,0.0,,,,,,,,,,1265.2,,,,1270.9,,1270.0999999999995,4,4.0,°ãÄ§
100,5,2019-08-20 02:11:00,2019-08-20 02:37:00,100.79999999888241,hold,[''],2019-08-19,¾ß°£,[],[],18.0,,0.0,,,,,,,,,,1290.6,,,,1269.6,,1225.448148148148,4,4.0,°ãÄ§
101,5,2019-08-20 09:50:00,2019-08-20 20:24:00,1968.4000000003725,hold,[''],2019-08-21,¾ß°£,[],[],19.0,,0.0,,,,,,,,,,1158.8,,,,1250.1,,1242.8417322834646,4,4.0,°ãÄ§
102,5,2019-08-20 20:39:00,2019-08-20 21:01:00,46.40000000037254,hold,[''],2019-08-21,¾ß°£,[],[],19.0,,0.0,,,,,,,,,,1256.4,,,,1251.2,,1251.9826086956525,4,4.0,°ãÄ§
103,5,2019-08-20 21:17:00,2019-08-20 21:34:00,38.09999999962747,hold,[''],2019-08-21,¾ß°£,[],[],19.0,,0.0,,,,,,,,,,1257.7,,,,1251.6,,1252.5777777777778,4,4.0,°ãÄ§
104,5,2019-08-20 21:49:00,2019-08-20 22:06:00,43.09999999962746,hold,[''],2019-08-21,¾ß°£,[],[],19.0,,0.0,,,,,,,,,,1256.8,,,,1251.3,,1252.5,4,4.0,°ãÄ§
105,5,2019-08-20 22:20:00,2019-08-20 22:40:00,48.0,hold,[''],2019-08-21,¾ß°£,[],[],19.0,,0.0,,,,,,,,,,1258.0,,,,1251.9,,1253.1285714285714,4,4.0,°ãÄ§
106,5,2019-08-20 23:04:00,2019-08-20 23:12:00,18.199999999254945,hold,[''],2019-08-21,¾ß°£,[],[],19.0,,0.0,,,,,,,,,,1251.0,,,,1251.4,,1251.1888888888886,4,4.0,°ãÄ§
107,5,2019-08-21 00:04:00,2019-08-21 02:05:00,300.20000000111764,hold,[''],2019-08-21,¾ß°£,[],[],19.0,,0.0,,,,,,,,,,1270.9,,,,1270.4,,1270.0540983606554,4,4.0,°ãÄ§
108,5,2019-08-23 10:20:00,2019-08-23 10:29:00,13.199999999254944,hold,[''],2019-08-23,¾ß°£,[],[],20.0,,0.0,,,,,,,,,,1105.3,,,,1096.0,,1097.1,4,4.0,°ãÄ§
109,5,2019-08-23 11:18:00,2019-08-23 11:33:00,95.30000000074509,hold,[''],2019-08-23,¾ß°£,[],[],20.0,,0.0,,,,,,,,,,1201.3,,,,1215.7,,1206.975,4,4.0,°ãÄ§
110,5,2019-08-23 12:51:00,2019-08-23 20:44:00,1541.0999999996275,hold,[''],2019-08-23,¾ß°£,[],[],20.0,,0.0,,,,,,,,,,1251.1,,,,1271.6,,1252.7345991561185,4,4.0,°ãÄ§
111,5,2019-08-26 07:48:00,2019-08-26 10:30:00,387.09999999962747,hold,[''],2019-08-26,ÁÖ°£,[],[],21.0,,0.0,,,,,,,,,,1267.7,,,,1251.7,,1250.4963190184046,4,4.0,°ãÄ§
112,5,2019-08-26 21:56:00,2019-08-27 08:31:00,1875.7999999988824,hold,[''],2019-08-27,ÁÖ°£,[],[],22.0,,0.0,,,,,,,,,,1255.5,,,,1249.7,,1249.8468553459118,4,4.0,°ãÄ§
113,5,2019-08-27 08:46:00,2019-08-27 09:13:00,61.5,hold,[''],2019-08-27,ÁÖ°£,[],[],22.0,,0.0,,,,,,,,,,1254.7,,,,1250.4,,1250.6785714285713,4,4.0,°ãÄ§
114,5,2019-08-27 09:36:00,2019-08-27 10:57:00,170.5,hold,[''],2019-08-27,ÁÖ°£,[],[],22.0,,0.0,,,,,,,,,,1247.3,,,,1249.7,,1249.848780487805,4,4.0,°ãÄ§
115,5,2019-08-27 11:38:00,2019-08-27 13:00:00,182.5999999996274,hold,[''],2019-08-27,ÁÖ°£,[],[],22.0,,0.0,,,,,,,,,,1249.8,,,,1250.5,,1249.9493975903613,4,4.0,°ãÄ§
116,5,2019-08-27 13:15:00,2019-08-27 13:33:00,46.5,hold,[''],2019-08-27,ÁÖ°£,[],[],22.0,,0.0,,,,,,,,,,1269.4,,,,1250.2,,1252.3052631578944,4,4.0,°ãÄ§
117,5,2019-08-27 14:01:00,2019-08-27 14:07:00,15.0,hold,[''],2019-08-27,ÁÖ°£,[],[],22.0,,0.0,,,,,,,,,,1246.3,,,,1248.8,,1247.9428571428573,4,4.0,°ãÄ§
118,5,2019-08-27 14:37:00,2019-08-27 14:54:00,41.40000000037253,hold,[''],2019-08-27,ÁÖ°£,[],[],22.0,,0.0,,,,,,,,,,1249.6,,,,1251.9,,1250.1111111111113,4,4.0,°ãÄ§
119,5,2019-08-27 15:26:00,2019-08-27 15:29:00,19.799999998882413,hold,[''],2019-08-27,ÁÖ°£,[],[],22.0,,0.0,,,,,,,,,,1019.3,,,,1029.2,,1024.3,4,4.0,°ãÄ§
120,5,2019-08-28 09:05:00,2019-08-28 09:29:00,54.59999999962746,hold,[''],2019-08-28,ÁÖ°£,[],[],23.0,,0.0,,,,,,,,,,1256.1,,,,1250.7,,1251.78,4,4.0,°ãÄ§
121,5,2019-08-28 09:55:00,2019-08-28 10:06:00,24.90000000037253,hold,[''],2019-08-28,ÁÖ°£,[],[],23.0,,0.0,,,,,,,,,,1245.5,,,,1250.7,,1249.1333333333334,4,4.0,°ãÄ§
122,5,2019-08-28 10:32:00,2019-08-28 10:43:00,24.800000000745047,hold,[''],2019-08-28,ÁÖ°£,[],[],23.0,,0.0,,,,,,,,,,1250.2,,,,1251.2,,1250.9000000000005,4,4.0,°ãÄ§
123,5,2019-08-28 11:01:00,2019-08-28 12:58:00,254.4000000003726,hold,"['190204-19180-727', '190204-19180-728', '190204-19180-729', '190204-19180-725']",2019-08-28,ÁÖ°£,[],[],23.0,,0.0,,,,,,,,,,1269.2,,,,1251.3,,1251.0881355932195,10,4.0,°ãÄ§
124,5,2019-08-30 03:34:00,2019-08-30 15:11:00,1797.1999999992554,hold,"['190724-13134-015', '190724-13134-015', '190724-13134-015', '190724-13134-013']",2019-08-30,ÁÖ°£,[],[],24.0,,0.0,,,,,,,,,,1259.8,,,,1272.7,,1252.1378223495701,71,80.0,°ãÄ§
125,5,2019-08-30 15:27:00,2019-08-30 15:37:00,29.40000000037253,hold,[''],2019-08-30,ÁÖ°£,[],[],24.0,,0.0,,,,,,,,,,1272.5,,,,1273.4,,1273.2818181818182,4,80.0,°ãÄ§
126,5,2019-08-30 15:51:00,2019-08-30 16:01:00,29.5,hold,[''],2019-08-30,ÁÖ°£,[],[],24.0,,0.0,,,,,,,,,,1283.0,,,,1272.2,,1274.1,4,4.0,°ãÄ§
127,5,2019-08-30 16:32:00,2019-08-30 16:36:00,11.5,hold,[''],2019-08-30,ÁÖ°£,[],[],24.0,,0.0,,,,,,,,,,1271.5,,,,1273.5,,1272.7,4,4.0,°ãÄ§
128,5,2019-08-30 17:07:00,2019-08-30 17:56:00,110.0,hold,[''],2019-08-30,ÁÖ°£,[],[],24.0,,0.0,,,,,,,,,,1269.4,,,,1251.5,,1259.13,4,4.0,°ãÄ§
129,5,2019-09-04 09:13:00,2019-09-04 09:39:00,66.5,hold,[''],2019-09-04,ÁÖ°£,[],[],25.0,,0.0,,,,,,,,,,1284.9,,,,1271.4,,1273.011111111111,4,4.0,°ãÄ§
130,5,2019-09-04 10:48:00,2019-09-04 11:35:00,224.39999999850983,hold,[''],2019-09-04,ÁÖ°£,[],[],25.0,,0.0,,,,,,,,,,1185.0,,,,1281.9,,1185.8166666666666,4,4.0,°ãÄ§
131,5,2019-09-04 12:09:00,2019-09-04 13:35:00,258.5,hold,[''],2019-09-04,ÁÖ°£,[],[],25.0,,0.0,,,,,,,,,,1271.1,,,,1272.0,,1271.2114942528738,4,4.0,°ãÄ§
132,5,2019-09-05 11:34:00,2019-09-05 12:57:00,189.4000000003726,hold,[''],2019-09-05,ÁÖ°£,[],[],26.0,,0.0,,,,,,,,,,1287.0,,,,1272.0,,1271.952380952381,4,4.0,°ãÄ§
133,5,2019-09-05 13:15:00,2019-09-05 13:17:00,6.5,hold,[''],2019-09-05,ÁÖ°£,[],[],26.0,,0.0,,,,,,,,,,1290.7,,,,1291.7,,1291.4666666666665,4,4.0,°ãÄ§
134,5,2019-09-05 15:00:00,2019-09-05 15:01:00,0.0,hold,[''],2019-09-05,ÁÖ°£,[],[],26.0,,0.0,,,,,,,,,,1114.2,,,,1114.2,,1114.2,4,4.0,°ãÄ§
135,5,2019-09-06 02:51:00,2019-09-06 03:29:00,143.09999999962747,hold,[''],2019-09-06,ÁÖ°£,[],[],27.0,,0.0,,,,,,,,,,1285.1,,,,1271.7,,1272.6564102564105,4,4.0,°ãÄ§
136,5,2019-09-06 04:03:00,2019-09-06 10:08:00,776.5,hold,[''],2019-09-06,ÁÖ°£,[],[],27.0,,0.0,,,,,,,,,,1265.6,,,,1271.2,,1271.2368852459015,4,4.0,°ãÄ§
137,5,2019-09-06 10:31:00,2019-09-06 10:44:00,36.0,hold,[''],2019-09-06,ÁÖ°£,[],[],27.0,,0.0,,,,,,,,,,1289.7,,,,1271.9,,1275.35,4,4.0,°ãÄ§
138,5,2019-09-06 11:12:00,2019-09-06 13:03:00,264.80000000074506,hold,[''],2019-09-06,ÁÖ°£,[],[],27.0,,0.0,,,,,,,,,,1286.2,,,,1271.9,,1270.61875,4,4.0,°ãÄ§
139,5,2019-09-06 13:20:00,2019-09-06 13:32:00,26.20000000111759,hold,[''],2019-09-06,ÁÖ°£,[],[],27.0,,0.0,,,,,,,,,,1289.0,,,,1270.9,,1277.4461538461542,4,4.0,°ãÄ§
140,5,2019-09-06 14:00:00,2019-09-06 14:02:00,11.399999998509884,hold,[''],2019-09-06,ÁÖ°£,[],[],27.0,,0.0,,,,,,,,,,1285.2,,,,1287.1,,1286.3666666666666,4,4.0,°ãÄ§
141,5,2019-09-07 05:10:00,2019-09-07 08:26:00,429.3999999985099,hold,"['190709-19503-001', '190813-19968-001', '190813-19968-001', '190813-19968-001', '190813-19968-001', '190710-17720-001']",2019-09-07,ÁÖ°£,[],[],28.0,,0.0,,,,,,,,,,1252.2,,,,1270.8,,1253.1385786802032,14,4.0,°ãÄ§
142,5,2019-09-07 09:02:00,2019-09-07 13:00:00,442.59999999962747,hold,[''],2019-09-07,ÁÖ°£,[],[],28.0,,0.0,,,,,,,,,,1247.9,,,,1250.2,,1250.0246861924686,4,120.0,°ãÄ§
143,5,2019-09-07 13:22:00,2019-09-07 13:36:00,29.60000000149012,hold,[''],2019-09-07,ÁÖ°£,[],[],28.0,,0.0,,,,,,,,,,1252.8,,,,1250.9,,1250.5133333333335,4,4.0,°ãÄ§
144,5,2019-09-07 13:55:00,2019-09-07 14:02:00,23.0,hold,[''],2019-09-07,ÁÖ°£,[],[],28.0,,0.0,,,,,,,,,,1275.6,,,,1251.7,,1256.8875,4,4.0,°ãÄ§
145,5,2019-09-07 14:26:00,2019-09-07 14:56:00,83.40000000037253,hold,[''],2019-09-07,ÁÖ°£,[],[],28.0,,0.0,,,,,,,,,,1262.9,,,,1251.4,,1252.3032258064516,4,4.0,°ãÄ§
146,5,2019-09-07 15:23:00,2019-09-07 16:29:00,179.5999999996274,hold,[''],2019-09-07,ÁÖ°£,[],[],28.0,,0.0,,,,,,,,,,1269.5,,,,1270.9,,1269.8253731343284,4,4.0,°ãÄ§
147,5,2019-09-07 16:55:00,2019-09-07 17:53:00,142.59999999962747,hold,[''],2019-09-07,ÁÖ°£,[],[],28.0,,0.0,,,,,,,,,,1265.1,,,,1272.0,,1269.9898305084748,4,4.0,°ãÄ§
148,5,2019-09-07 22:29:00,2019-09-08 08:55:00,1446.7000000011176,hold,[''],2019-09-08,ÁÖ°£,[],[],29.0,,0.0,,,,,,,,,,1262.0,,,,1271.0,,1251.478628389155,4,4.0,°ãÄ§
149,5,2019-09-08 09:16:00,2019-09-08 09:32:00,49.69999999925494,hold,[''],2019-09-08,ÁÖ°£,[],[],29.0,,0.0,,,,,,,,,,1283.2,,,,1272.3,,1274.3823529411764,4,4.0,°ãÄ§
150,5,2019-09-08 09:53:00,2019-09-08 10:11:00,53.09999999962746,hold,[''],2019-09-08,ÁÖ°£,[],[],29.0,,0.0,,,,,,,,,,1283.8,,,,1272.5,,1273.157894736842,4,4.0,°ãÄ§
151,5,2019-09-08 10:35:00,2019-09-08 10:45:00,28.20000000111759,hold,[''],2019-09-08,ÁÖ°£,[],[],29.0,,0.0,,,,,,,,,,1267.6,,,,1272.5,,1270.5272727272727,4,4.0,°ãÄ§
152,5,2019-09-08 11:02:00,2019-09-08 11:13:00,29.79999999888241,hold,[''],2019-09-08,ÁÖ°£,[],[],29.0,,0.0,,,,,,,,,,1285.4,,,,1269.5,,1274.6333333333334,4,4.0,°ãÄ§
153,5,2019-09-08 12:12:00,2019-09-08 13:11:00,180.2000000011176,hold,[''],2019-09-08,ÁÖ°£,[],[],29.0,,0.0,,,,,,,,,,1281.5,,,,1270.9,,1271.6466666666665,4,4.0,°ãÄ§
154,5,2019-09-08 13:33:00,2019-09-08 13:35:00,13.099999999627473,hold,[''],2019-09-08,ÁÖ°£,[],[],29.0,,0.0,,,,,,,,,,1290.2,,,,1291.5,,1291.0666666666666,4,4.0,°ãÄ§
155,5,2019-09-08 14:13:00,2019-09-08 14:24:00,32.69999999925494,hold,[''],2019-09-08,ÁÖ°£,[],[],29.0,,0.0,,,,,,,,,,1270.6,,,,1271.3,,1271.0416666666667,4,4.0,°ãÄ§
156,5,2019-09-08 14:53:00,2019-09-08 14:55:00,8.099999999627473,hold,[''],2019-09-08,ÁÖ°£,[],[],29.0,,0.0,,,,,,,,,,1283.4,,,,1283.1,,1283.2,4,4.0,°ãÄ§
157,5,2019-09-09 14:08:00,2019-09-09 14:57:00,121.0,hold,[''],2019-09-09,ÁÖ°£,[],[],31.0,,0.0,,,,,,,,,,1272.6,,,,1271.6,,1270.9419999999998,4,4.0,°ãÄ§
158,5,2019-09-09 15:41:00,2019-09-09 15:42:00,5.0,hold,[''],2019-09-09,ÁÖ°£,[],[],31.0,,0.0,,,,,,,,,,1290.3,,,,1290.6,,1290.4499999999996,4,4.0,°ãÄ§
159,5,2019-09-09 16:32:00,2019-09-09 16:42:00,26.300000000745047,hold,[''],2019-09-09,ÁÖ°£,[],[],31.0,,0.0,,,,,,,,,,1269.7,,,,1270.7,,1270.4818181818182,4,4.0,°ãÄ§
160,5,2019-09-09 17:01:00,2019-09-09 18:21:00,205.5999999996274,hold,[''],2019-09-09,ÁÖ°£,[],[],31.0,,0.0,,,,,,,,,,1285.3,,,,1270.9,,1271.1654320987657,4,4.0,°ãÄ§
161,5,2019-09-10 10:21:00,2019-09-10 10:47:00,64.29999999888241,hold,[''],2019-09-10,ÁÖ°£,[],[],32.0,,0.0,,,,,,,,,,1270.0,,,,1272.9,,1271.2222222222224,4,4.0,°ãÄ§
162,5,2019-09-10 11:02:00,2019-09-10 13:03:00,278.59999999962747,hold,[''],2019-09-10,ÁÖ°£,[],[],32.0,,0.0,,,,,,,,,,1287.3,,,,1273.1,,1271.8090163934428,4,4.0,°ãÄ§
163,5,2019-09-11 00:09:00,2019-09-11 05:06:00,942.2999999988824,hold,[''],2019-09-11,ÁÖ°£,[],[],33.0,,0.0,,,,,,,,,,1258.0,,,,1251.8,,1251.3597315436239,4,4.0,°ãÄ§
164,5,2019-09-11 05:39:00,2019-09-11 09:05:00,503.5,hold,"['190911-051', '190618-19028-014', '190618-19028-014']",2019-09-11,ÁÖ°£,[],[],33.0,,0.0,,,,,,,,,,1269.7,,,,1272.2,,1257.3391304347826,8,4.0,°ãÄ§
165,5,2019-09-11 10:41:00,2019-09-11 10:43:00,9.900000000372527,hold,[''],2019-09-11,ÁÖ°£,[],[],33.0,,0.0,,,,,,,,,,1281.6,,,,1283.2,,1282.6666666666667,4,54.0,°ãÄ§
166,5,2019-09-11 11:18:00,2019-09-11 12:55:00,274.90000000037253,hold,[''],2019-09-11,ÁÖ°£,[],[],33.0,,0.0,,,,,,,,,,1284.7,,,,1271.6,,1271.8561224489802,4,4.0,°ãÄ§
167,5,2019-09-11 13:08:00,2019-09-11 13:10:00,8.200000001117589,hold,[''],2019-09-11,ÁÖ°£,[],[],33.0,,0.0,,,,,,,,,,1288.5,,,,1286.3,,1287.5666666666666,4,4.0,°ãÄ§
168,5,2019-09-11 13:23:00,2019-09-11 13:25:00,8.299999998882411,hold,"['190911-051', '190817-15007-006_1']",2019-09-11,ÁÖ°£,[],[],33.0,,0.0,,,,,,,,,,1287.2,,,,1285.0,,1286.1666666666667,6,4.0,°ãÄ§
169,5,2019-09-16 20:30:00,2019-09-16 20:58:00,84.0,hold,[''],2019-09-16,¾ß°£,[],[],34.0,,0.0,,,,,,,,,,1273.8,,,,1271.3,,1264.0931034482758,4,36.0,°ãÄ§
170,5,2019-09-16 21:33:00,2019-09-16 21:35:00,8.400000000372527,hold,[''],2019-09-16,¾ß°£,[],[],34.0,,0.0,,,,,,,,,,1286.6,,,,1287.2,,1287.1,4,4.0,°ãÄ§
171,5,2019-09-16 21:55:00,2019-09-16 21:57:00,10.0,hold,[''],2019-09-16,¾ß°£,[],[],34.0,,0.0,,,,,,,,,,1285.7,,,,1286.5,,1286.4,4,4.0,°ãÄ§
172,5,2019-09-16 22:19:00,2019-09-16 22:33:00,46.90000000037254,hold,[''],2019-09-16,¾ß°£,[],[],34.0,,0.0,,,,,,,,,,1285.2,,,,1268.5,,1274.6133333333335,4,4.0,°ãÄ§
173,5,2019-09-17 20:33:00,2019-09-17 20:47:00,63.69999999925494,hold,[''],2019-09-17,¾ß°£,[],[],35.0,,0.0,,,,,,,,,,1285.0,,,,1283.1,,1235.3266666666668,4,4.0,°ãÄ§
174,5,2019-09-17 21:07:00,2019-09-17 21:21:00,33.69999999925494,hold,[''],2019-09-17,¾ß°£,[],[],35.0,,0.0,,,,,,,,,,1285.1,,,,1270.4,,1274.4133333333334,4,4.0,°ãÄ§
175,5,2019-09-17 21:41:00,2019-09-17 21:58:00,53.90000000037254,hold,[''],2019-09-17,¾ß°£,[],[],35.0,,0.0,,,,,,,,,,1285.3,,,,1272.3,,1274.511111111111,4,4.0,°ãÄ§
176,5,2019-09-18 15:57:00,2019-09-18 16:19:00,117.29999999888241,hold,[''],2019-09-18,¾ß°£,[],[],36.0,,0.0,,,,,,,,,,1252.0,,,,1251.0,,1250.9565217391305,4,4.0,°ãÄ§
177,5,2019-09-18 16:50:00,2019-09-18 20:12:00,768.9000000003723,hold,[''],2019-09-18,¾ß°£,[],[],36.0,,0.0,,,,,,,,,,1262.3,,,,1299.2,,1252.9266009852215,4,4.0,°ãÄ§
178,5,2019-09-18 20:35:00,2019-09-18 20:37:00,6.700000001117588,hold,[''],2019-09-18,¾ß°£,[],[],36.0,,0.0,,,,,,,,,,1292.6,,,,1299.0,,1296.0333333333333,4,4.0,°ãÄ§
179,5,2019-09-18 20:55:00,2019-09-18 20:56:00,5.0,hold,[''],2019-09-18,¾ß°£,[],[],36.0,,0.0,,,,,,,,,,1280.1,,,,1279.9,,1280.0,4,4.0,°ãÄ§
180,5,2019-09-18 21:14:00,2019-09-18 21:27:00,46.69999999925494,hold,[''],2019-09-18,¾ß°£,[],[],36.0,,0.0,,,,,,,,,,1284.7,,,,1267.6,,1275.0857142857142,4,4.0,°ãÄ§
181,5,2019-09-18 21:44:00,2019-09-18 22:04:00,58.5,hold,[''],2019-09-18,¾ß°£,[],[],36.0,,0.0,,,,,,,,,,1286.7,,,,1270.7,,1272.0714285714287,4,4.0,°ãÄ§
182,5,2019-09-18 22:30:00,2019-09-18 22:34:00,18.30000000074505,hold,[''],2019-09-18,¾ß°£,[],[],36.0,,0.0,,,,,,,,,,1281.5,,,,1282.0,,1282.24,4,4.0,°ãÄ§
183,5,2019-09-18 23:05:00,2019-09-18 23:13:00,21.800000000745047,hold,[''],2019-09-18,¾ß°£,[],[],36.0,,0.0,,,,,,,,,,1267.6,,,,1270.7,,1269.0444444444447,4,4.0,°ãÄ§
184,5,2019-09-18 23:47:00,2019-09-19 01:59:00,349.8000000007452,hold,[''],2019-09-18,¾ß°£,[],[],36.0,,0.0,,,,,,,,,,1282.4,,,,1270.7,,1270.630827067669,4,4.0,°ãÄ§
185,5,2019-09-20 03:34:00,2019-09-20 03:36:00,10.0,hold,[''],2019-09-19,¾ß°£,[],[],37.0,,0.0,,,,,,,,,,1289.4,,,,1288.4,,1289.2666666666667,4,4.0,°ãÄ§
186,5,2019-09-20 20:56:00,2019-09-20 21:22:00,120.19999999925491,hold,[''],2019-09-20,¾ß°£,[],[],38.0,,0.0,,,,,,,,,,1287.3,,,,1279.6,,1179.4333333333334,4,4.0,°ãÄ§
187,5,2019-09-23 10:08:00,2019-09-23 10:30:00,97.09999999962747,hold,[''],2019-09-23,ÁÖ°£,[],[],39.0,,0.0,,,,,,,,,,1258.5,,,,1261.8,,1176.5739130434786,4,4.0,°ãÄ§
188,5,2019-09-23 12:17:00,2019-09-23 13:01:00,153.10000000149012,hold,[''],2019-09-23,ÁÖ°£,[],[],39.0,,0.0,,,,,,,,,,1279.8,,,,1270.9,,1271.0755555555556,4,4.0,°ãÄ§
189,5,2019-09-23 13:09:00,2019-09-23 13:15:00,0.0,hold,[''],2019-09-23,ÁÖ°£,[],[],39.0,,0.0,,,,,,,,,,921.7,,,,929.2,,934.0714285714287,4,4.0,°ãÄ§
190,5,2019-09-24 13:52:00,2019-09-24 14:09:00,53.09999999962746,hold,[''],2019-09-24,ÁÖ°£,[],[],40.0,,0.0,,,,,,,,,,1287.1,,,,1269.5,,1273.9611111111112,4,4.0,°ãÄ§
191,5,2019-09-24 14:39:00,2019-09-24 14:46:00,18.200000001117587,hold,[''],2019-09-24,ÁÖ°£,[],[],40.0,,0.0,,,,,,,,,,1271.0,,,,1270.2,,1270.4375,4,4.0,°ãÄ§
192,5,2019-09-24 15:19:00,2019-09-24 15:25:00,18.299999998882413,hold,[''],2019-09-24,ÁÖ°£,[],[],40.0,,0.0,,,,,,,,,,1268.9,,,,1271.4,,1270.0857142857146,4,4.0,°ãÄ§
193,5,2019-09-24 15:46:00,2019-09-24 16:00:00,35.0,hold,[''],2019-09-24,ÁÖ°£,[],[],40.0,,0.0,,,,,,,,,,1285.2,,,,1270.0,,1273.3333333333333,4,4.0,°ãÄ§
194,5,2019-09-24 16:22:00,2019-09-24 16:47:00,75.19999999925494,hold,"['200204-19180-030_1', '200204-19180-025_1', '200204-19180-026_1', '200204-19180-027_1', '200204-19180-028_1', '200204-19180-029_1']",2019-09-24,ÁÖ°£,[],[],40.0,,0.0,,,,,,,,,,1284.3,,,,1270.8,,1272.4730769230769,14,4.0,°ãÄ§
195,5,2019-09-27 23:33:00,2019-09-28 04:47:00,1218.7000000011176,hold,[''],2019-09-27,¾ß°£,[],[],41.0,,0.0,,,,,,,,,,1250.1,,,,1249.8,,1249.9955555555555,4,132.0,°ãÄ§
196,5,2019-09-28 05:59:00,2019-09-28 06:26:00,95.30000000074509,hold,[''],2019-09-27,¾ß°£,[],[],41.0,,0.0,,,,,,,,,,1250.0,,,,1250.1,,1249.9107142857142,4,4.0,°ãÄ§
197,5,2019-09-30 12:25:00,2019-09-30 12:59:00,160.69999999925494,hold,[''],2019-09-30,ÁÖ°£,[],[],42.0,,0.0,,,,,,,,,,1261.4,,,,1250.1,,1251.56,4,4.0,°ãÄ§
198,5,2019-09-30 13:18:00,2019-09-30 13:19:00,6.600000001490116,hold,[''],2019-09-30,ÁÖ°£,[],[],42.0,,0.0,,,,,,,,,,1268.1,,,,1267.5,,1267.8,4,4.0,°ãÄ§
199,5,2019-09-30 14:51:00,2019-09-30 16:34:00,317.40000000037253,hold,[''],2019-09-30,ÁÖ°£,[],[],42.0,,0.0,,,,,,,,,,1248.8,,,,1250.2,,1249.889423076923,4,4.0,°ãÄ§
200,5,2019-09-30 16:46:00,2019-09-30 16:48:00,10.0,hold,[''],2019-09-30,ÁÖ°£,[],[],42.0,,0.0,,,,,,,,,,1254.2,,,,1254.2,,1254.4,4,4.0,°ãÄ§
201,5,2019-09-30 17:34:00,2019-09-30 17:56:00,61.7000000011176,hold,[''],2019-09-30,ÁÖ°£,[],[],42.0,,0.0,,,,,,,,,,1251.3,,,,1251.6,,1250.386956521739,4,4.0,°ãÄ§
202,5,2019-10-01 13:14:00,2019-10-01 13:37:00,78.90000000037253,hold,[''],2019-10-01,ÁÖ°£,[],[],43.0,,0.0,,,,,,,,,,1247.8,,,,1186.3,,1044.2708333333333,4,4.0,°ãÄ§
203,5,2019-10-01 14:21:00,2019-10-01 15:39:00,237.4000000003726,hold,[''],2019-10-01,ÁÖ°£,[],[],43.0,,0.0,,,,,,,,,,1241.6,,,,1229.8,,1230.3025316455694,4,4.0,°ãÄ§
204,5,2019-10-01 15:58:00,2019-10-01 16:04:00,21.799999998882413,hold,[''],2019-10-01,ÁÖ°£,[],[],43.0,,0.0,,,,,,,,,,1253.3,,,,1232.1,,1236.9571428571428,4,4.0,°ãÄ§
205,5,2019-10-01 16:31:00,2019-10-01 16:40:00,23.5,hold,[''],2019-10-01,ÁÖ°£,[],[],43.0,,0.0,,,,,,,,,,1227.0,,,,1230.1,,1229.36,4,4.0,°ãÄ§
206,5,2019-10-01 16:53:00,2019-10-01 16:59:00,25.300000000745047,hold,[''],2019-10-01,ÁÖ°£,[],[],43.0,,0.0,,,,,,,,,,1248.8,,,,1235.9,,1243.4285714285713,4,4.0,°ãÄ§
207,5,2019-10-01 17:25:00,2019-10-01 17:57:00,106.19999999925491,hold,[''],2019-10-01,ÁÖ°£,[],[],43.0,,0.0,,,,,,,,,,1247.5,,,,1229.8,,1231.557575757576,4,4.0,°ãÄ§
208,5,2019-10-02 11:16:00,2019-10-02 12:58:00,287.8999999985099,hold,[''],2019-10-02,ÁÖ°£,[],[],44.0,,0.0,,,,,,,,,,1270.7,,,,1251.8,,1244.0398058252424,4,4.0,°ãÄ§
209,5,2019-10-02 13:19:00,2019-10-02 13:22:00,8.299999998882411,hold,[''],2019-10-02,ÁÖ°£,[],[],44.0,,0.0,,,,,,,,,,1247.4,,,,1251.0,,1249.5749999999996,4,4.0,°ãÄ§
210,5,2019-10-03 09:22:00,2019-10-03 09:44:00,54.59999999962746,hold,[''],2019-10-03,ÁÖ°£,[],[],45.0,,0.0,,,,,,,,,,1263.7,,,,1251.0,,1251.9956521739132,4,4.0,°ãÄ§
211,5,2019-10-03 10:10:00,2019-10-03 10:16:00,14.800000000745056,hold,[''],2019-10-03,ÁÖ°£,[],[],45.0,,0.0,,,,,,,,,,1248.5,,,,1250.7,,1249.9428571428573,4,4.0,°ãÄ§
212,5,2019-10-03 10:43:00,2019-10-03 10:50:00,16.5,hold,[''],2019-10-03,ÁÖ°£,[],[],45.0,,0.0,,,,,,,,,,1251.2,,,,1251.6,,1251.0375,4,4.0,°ãÄ§
213,5,2019-10-03 11:08:00,2019-10-03 12:57:00,274.59999999962747,hold,[''],2019-10-03,ÁÖ°£,[],[],45.0,,0.0,,,,,,,,,,1225.4,,,,1252.5,,1250.8981818181815,4,4.0,°ãÄ§
214,5,2019-10-04 08:47:00,2019-10-04 08:52:00,13.400000000372527,hold,"['200204-19180-062', '200204-19180-059']",2019-10-04,ÁÖ°£,[],[],46.0,,0.0,,,,,,,,,,1249.2,,,,1251.2,,1251.15,6,4.0,°ãÄ§
215,5,2019-10-04 09:13:00,2019-10-04 09:19:00,16.800000000745055,hold,[''],2019-10-04,ÁÖ°£,[],[],46.0,,0.0,,,,,,,,,,1250.8,,,,1251.4,,1250.8,4,40.0,°ãÄ§
216,5,2019-10-04 10:07:00,2019-10-04 10:13:00,21.60000000149012,hold,"['200204-19180-063', '200204-19180-059']",2019-10-04,ÁÖ°£,[],[],46.0,,0.0,,,,,,,,,,1273.5,,,,1272.9,,1273.4285714285713,6,4.0,°ãÄ§
217,5,2019-10-07 15:50:00,2019-10-07 15:58:00,38.800000000745065,hold,[''],2019-10-07,ÁÖ°£,[],[],47.0,,0.0,,,,,,,,,,1274.2,,,,1281.3,,1277.2222222222224,4,40.0,°ãÄ§
218,5,2019-10-07 16:32:00,2019-10-07 16:34:00,6.800000000745058,hold,[''],2019-10-07,ÁÖ°£,[],[],47.0,,0.0,,,,,,,,,,1280.0,,,,1277.6,,1278.5666666666666,4,4.0,°ãÄ§
219,5,2019-10-08 15:11:00,2019-10-08 15:24:00,30.09999999962747,hold,[''],2019-10-08,ÁÖ°£,[],[],48.0,,0.0,,,,,,,,,,1286.5,,,,1271.3,,1272.7142857142858,4,4.0,°ãÄ§
220,5,2019-10-08 15:57:00,2019-10-08 15:59:00,6.599999999627472,hold,[''],2019-10-08,ÁÖ°£,[],[],48.0,,0.0,,,,,,,,,,1287.2,,,,1286.5,,1287.0666666666666,4,4.0,°ãÄ§
221,5,2019-10-08 16:35:00,2019-10-08 16:47:00,30.0,hold,[''],2019-10-08,ÁÖ°£,[],[],48.0,,0.0,,,,,,,,,,1269.3,,,,1271.8,,1271.2000000000005,4,4.0,°ãÄ§
222,5,2019-10-08 17:15:00,2019-10-08 17:57:00,105.79999999888241,hold,[''],2019-10-08,ÁÖ°£,[],[],48.0,,0.0,,,,,,,,,,1269.7,,,,1275.7,,1271.3069767441862,4,4.0,°ãÄ§
223,5,2019-10-09 04:16:00,2019-10-09 04:26:00,53.0,hold,[''],2019-10-09,ÁÖ°£,[],[],49.0,,0.0,,,,,,,,,,1265.7,,,,1251.1,,1257.609090909091,4,4.0,°ãÄ§
224,5,2019-10-09 04:54:00,2019-10-09 05:44:00,149.60000000149012,hold,[''],2019-10-09,ÁÖ°£,[],[],49.0,,0.0,,,,,,,,,,1249.0,,,,1250.4,,1250.4509803921567,4,4.0,°ãÄ§
225,5,2019-10-09 06:11:00,2019-10-09 08:57:00,477.0,hold,[],2019-10-09,ÁÖ°£,[],[],49.0,,0.0,,,,,,,,,,1268.3,,,,1271.8,,1256.8179640718565,2,4.0,°ãÄ§
226,5,2019-10-09 09:27:00,2019-10-09 10:02:00,85.30000000074506,hold,[''],2019-10-09,ÁÖ°£,[],[],49.0,,0.0,,,,,,,,,,1270.8,,,,1270.9,,1271.1805555555557,2,2.0,°ãÄ§
227,5,2019-10-09 12:17:00,2019-10-09 15:03:00,519.1000000014901,hold,[''],2019-10-09,ÁÖ°£,[],[],49.0,,0.0,,,,,,,,,,1278.3,,,,1273.2,,1271.6449101796404,4,4.0,°ãÄ§
228,5,2019-10-09 15:20:00,2019-10-09 15:42:00,63.80000000074506,hold,[''],2019-10-09,ÁÖ°£,[],[],49.0,,0.0,,,,,,,,,,1281.1,,,,1273.1,,1272.5521739130436,4,4.0,°ãÄ§
229,5,2019-10-09 15:58:00,2019-10-09 16:37:00,106.0,hold,[''],2019-10-09,ÁÖ°£,[],[],49.0,,0.0,,,,,,,,,,1285.2,,,,1271.8,,1272.52,4,4.0,°ãÄ§
230,5,2019-10-09 17:15:00,2019-10-09 18:00:00,122.0,hold,[''],2019-10-09,ÁÖ°£,[],[],49.0,,0.0,,,,,,,,,,1270.2,,,,1273.0,,1271.3782608695653,4,4.0,°ãÄ§
231,5,2019-10-10 10:12:00,2019-10-10 10:16:00,16.90000000037253,hold,[''],2019-10-10,ÁÖ°£,[],[],50.0,,0.0,,,,,,,,,,1284.3,,,,1283.4,,1283.8200000000004,4,4.0,°ãÄ§
232,5,2019-10-10 10:58:00,2019-10-10 11:00:00,11.700000001117587,hold,[''],2019-10-10,ÁÖ°£,[],[],50.0,,0.0,,,,,,,,,,1281.8,,,,1283.7,,1283.2666666666667,4,4.0,°ãÄ§
233,5,2019-10-10 12:22:00,2019-10-10 13:01:00,139.40000000037253,hold,[''],2019-10-10,ÁÖ°£,[],[],50.0,,0.0,,,,,,,,,,1283.9,,,,1271.2,,1272.0375,4,4.0,°ãÄ§
234,5,2019-10-10 13:19:00,2019-10-10 13:45:00,33.19999999925494,hold,[''],2019-10-10,ÁÖ°£,[],[],50.0,,0.0,,,,,,,,,,1040.6,,,,1172.4,,1051.8740740740739,4,4.0,°ãÄ§
235,5,2019-10-10 15:29:00,2019-10-10 15:55:00,102.0,hold,[''],2019-10-10,ÁÖ°£,[],[],50.0,,0.0,,,,,,,,,,1240.2,,,,1232.3,,1232.8074074074075,4,4.0,°ãÄ§
236,5,2019-10-10 16:19:00,2019-10-10 16:40:00,63.59999999962746,hold,[''],2019-10-10,ÁÖ°£,[],[],50.0,,0.0,,,,,,,,,,1229.4,,,,1230.6,,1230.931818181818,4,4.0,°ãÄ§
237,5,2019-10-11 15:15:00,2019-10-11 15:23:00,29.79999999888241,hold,[''],2019-10-11,ÁÖ°£,[],[],51.0,,0.0,,,,,,,,,,1264.4,,,,1253.3,,1259.0111111111114,4,4.0,°ãÄ§
238,5,2019-10-11 15:47:00,2019-10-11 15:56:00,24.90000000037253,hold,[''],2019-10-11,ÁÖ°£,[],[],51.0,,0.0,,,,,,,,,,1249.9,,,,1252.1,,1248.78,4,4.0,°ãÄ§
239,5,2019-10-11 16:11:00,2019-10-11 16:17:00,21.5,hold,[''],2019-10-11,ÁÖ°£,[],[],51.0,,0.0,,,,,,,,,,1268.9,,,,1253.6,,1260.7714285714287,4,4.0,°ãÄ§
240,5,2019-10-11 16:37:00,2019-10-11 16:48:00,36.59999999962747,hold,[''],2019-10-11,ÁÖ°£,[],[],51.0,,0.0,,,,,,,,,,1270.8,,,,1248.4,,1256.7083333333333,4,4.0,°ãÄ§
241,5,2019-10-11 17:14:00,2019-10-11 17:55:00,103.79999999888241,hold,[''],2019-10-11,ÁÖ°£,[],[],51.0,,0.0,,,,,,,,,,1247.8,,,,1252.5,,1250.8476190476192,4,4.0,°ãÄ§
242,5,2019-10-11 18:22:00,2019-10-11 18:25:00,8.400000000372527,hold,[''],2019-10-11,ÁÖ°£,[],[],51.0,,0.0,,,,,,,,,,1249.0,,,,1250.6,,1250.125,4,4.0,°ãÄ§
243,5,2019-10-11 18:51:00,2019-10-11 18:57:00,15.199999999254944,hold,[''],2019-10-11,ÁÖ°£,[],[],51.0,,0.0,,,,,,,,,,1248.9,,,,1252.4,,1250.3285714285714,4,4.0,°ãÄ§
244,5,2019-10-14 09:02:00,2019-10-14 09:12:00,32.30000000074506,hold,[''],2019-10-14,ÁÖ°£,[],[],52.0,,0.0,,,,,,,,,,1268.0,,,,1252.0,,1254.790909090909,4,4.0,°ãÄ§
245,5,2019-10-14 09:27:00,2019-10-14 09:40:00,49.09999999962746,hold,[''],2019-10-14,ÁÖ°£,[],[],52.0,,0.0,,,,,,,,,,1267.9,,,,1250.6,,1257.05,4,4.0,°ãÄ§
246,5,2019-10-14 09:55:00,2019-10-14 10:03:00,28.70000000111759,hold,[''],2019-10-14,ÁÖ°£,[],[],52.0,,0.0,,,,,,,,,,1269.1,,,,1251.9,,1258.5,4,4.0,°ãÄ§
247,5,2019-10-15 08:37:00,2019-10-15 10:08:00,264.30000000074506,hold,[''],2019-10-15,ÁÖ°£,[],[],53.0,,0.0,,,,,,,,,,1207.4,,,,1250.4,,1248.348913043478,4,4.0,°ãÄ§
248,5,2019-10-15 10:22:00,2019-10-15 10:32:00,27.399999998509887,hold,[''],2019-10-15,ÁÖ°£,[],[],53.0,,0.0,,,,,,,,,,1255.4,,,,1251.6,,1252.2363636363634,4,4.0,°ãÄ§
249,5,2019-10-15 11:01:00,2019-10-15 11:17:00,42.90000000037253,hold,[''],2019-10-15,ÁÖ°£,[],[],53.0,,0.0,,,,,,,,,,1251.2,,,,1251.6,,1251.0235294117647,4,4.0,°ãÄ§
250,5,2019-10-15 12:01:00,2019-10-15 13:00:00,209.0999999996274,hold,[''],2019-10-15,ÁÖ°£,[],[],53.0,,0.0,,,,,,,,,,1262.6,,,,1250.8,,1251.3716666666671,4,4.0,°ãÄ§
251,5,2019-10-15 13:14:00,2019-10-15 13:16:00,11.900000000372527,hold,[''],2019-10-15,ÁÖ°£,[],[],53.0,,0.0,,,,,,,,,,1267.5,,,,1269.4,,1268.7666666666667,4,4.0,°ãÄ§
252,5,2019-10-15 13:37:00,2019-10-15 13:38:00,3.400000000372529,hold,[''],2019-10-15,ÁÖ°£,[],[],53.0,,0.0,,,,,,,,,,1267.2,,,,1266.0,,1266.6,4,4.0,°ãÄ§
253,5,2019-10-15 14:06:00,2019-10-15 14:30:00,70.20000000111759,hold,[''],2019-10-15,ÁÖ°£,[],[],53.0,,0.0,,,,,,,,,,1249.9,,,,1251.6,,1250.684,4,4.0,°ãÄ§
254,5,2019-10-15 14:49:00,2019-10-15 14:52:00,10.199999999254944,hold,[''],2019-10-15,ÁÖ°£,[],[],53.0,,0.0,,,,,,,,,,1266.7,,,,1260.3,,1262.85,4,4.0,°ãÄ§
255,5,2019-10-15 15:45:00,2019-10-15 15:54:00,29.0,hold,[''],2019-10-15,ÁÖ°£,[],[],53.0,,0.0,,,,,,,,,,1250.9,,,,1253.6,,1251.58,4,4.0,°ãÄ§
256,5,2019-10-15 16:24:00,2019-10-15 16:30:00,27.199999999254945,hold,[''],2019-10-15,ÁÖ°£,[],[],53.0,,0.0,,,,,,,,,,1255.1,,,,1261.8,,1257.2142857142858,4,4.0,°ãÄ§
257,5,2019-10-15 16:51:00,2019-10-15 17:51:00,177.80000000074506,hold,[''],2019-10-15,ÁÖ°£,[],[],53.0,,0.0,,,,,,,,,,1268.8,,,,1253.1,,1252.0229508196726,4,4.0,°ãÄ§
258,5,2019-10-15 18:17:00,2019-10-15 18:23:00,17.199999999254945,hold,[''],2019-10-15,ÁÖ°£,[],[],53.0,,0.0,,,,,,,,,,1252.7,,,,1253.2,,1251.857142857143,4,4.0,°ãÄ§
259,5,2019-10-15 18:56:00,2019-10-15 19:00:00,13.800000000745056,hold,[''],2019-10-15,ÁÖ°£,[],[],53.0,,0.0,,,,,,,,,,1246.7,,,,1250.4,,1248.5,4,4.0,°ãÄ§
260,5,2019-10-15 19:13:00,2019-10-15 19:19:00,17.09999999962747,hold,[''],2019-10-15,ÁÖ°£,[],[],53.0,,0.0,,,,,,,,,,1235.2,,,,978.9,,1157.9142857142854,4,4.0,°ãÄ§
261,5,2019-10-16 09:27:00,2019-10-16 11:17:00,289.19999999925494,hold,[''],2019-10-16,ÁÖ°£,[],[],54.0,,0.0,,,,,,,,,,1230.7,,,,1251.8,,1234.4189189189187,4,4.0,°ãÄ§
262,5,2019-10-16 12:00:00,2019-10-16 15:10:00,493.3000000007452,hold,[''],2019-10-16,ÁÖ°£,[],[],54.0,,0.0,,,,,,,,,,1249.4,,,,1251.4,,1250.6324607329846,4,4.0,°ãÄ§
263,5,2019-10-16 15:26:00,2019-10-16 15:52:00,74.79999999888241,hold,[''],2019-10-16,ÁÖ°£,[],[],54.0,,0.0,,,,,,,,,,1270.9,,,,1253.0,,1252.988888888889,4,4.0,°ãÄ§
264,5,2019-10-16 16:16:00,2019-10-16 16:41:00,76.30000000074506,hold,[''],2019-10-16,ÁÖ°£,[],[],54.0,,0.0,,,,,,,,,,1269.2,,,,1252.6,,1253.4692307692308,4,4.0,°ãÄ§
265,5,2019-10-17 16:36:00,2019-10-17 16:45:00,27.10000000149012,hold,[''],2019-10-17,ÁÖ°£,[],[],55.0,,0.0,,,,,,,,,,1268.5,,,,1251.0,,1255.36,4,4.0,°ãÄ§
266,5,2019-10-17 16:59:00,2019-10-17 17:52:00,137.7000000011176,hold,[''],2019-10-17,ÁÖ°£,[],[],55.0,,0.0,,,,,,,,,,1271.5,,,,1251.9,,1251.6907407407405,4,4.0,°ãÄ§
267,5,2019-10-17 18:09:00,2019-10-17 18:14:00,22.0,hold,[''],2019-10-17,ÁÖ°£,[],[],55.0,,0.0,,,,,,,,,,1267.2,,,,1260.9,,1265.35,4,4.0,°ãÄ§
268,5,2019-10-18 11:20:00,2019-10-18 11:30:00,35.799999998882406,hold,[''],2019-10-18,ÁÖ°£,[],[],56.0,,0.0,,,,,,,,,,1267.0,,,,1248.9,,1255.2454545454545,4,4.0,°ãÄ§
269,5,2019-10-18 11:58:00,2019-10-18 16:06:00,581.1999999992547,hold,"['190909-12500-005', '200204-19180-116', '200204-19180-115', '200204-19180-114', '200204-19180-113', '200204-19180-112', '200204-19180-111']",2019-10-18,ÁÖ°£,[],[],56.0,,0.0,,,,,,,,,,1246.0,,,,1251.1,,1250.7072289156627,16,4.0,°ãÄ§
270,5,2019-10-18 16:23:00,2019-10-18 16:49:00,109.90000000037253,hold,"['190909-12500-005', '190909-12500-009', '200204-19180-115', '200204-19180-114', '200204-19180-113', '200204-19180-112', '200204-19180-111']",2019-10-18,ÁÖ°£,[],[],56.0,,0.0,,,,,,,,,,1270.3,,,,1270.2,,1198.9222222222222,140,140.0,°ãÄ§
271,5,2019-10-18 17:23:00,2019-10-18 17:57:00,88.20000000111759,hold,"['190909-12500-005', '190909-12500-009', '200204-19180-114', '200204-19180-113', '200204-19180-112', '200204-19180-111']",2019-10-18,ÁÖ°£,[],[],56.0,,0.0,,,,,,,,,,1251.0,,,,1251.5,,1250.4171428571428,120,140.0,°ãÄ§
272,5,2019-10-18 18:34:00,2019-10-18 18:35:00,5.0,hold,"['190909-12500-005', '190909-12500-009', '200204-19180-112', '200204-19180-111']",2019-10-18,ÁÖ°£,[],[],56.0,,0.0,,,,,,,,,,1219.1,,,,1232.3,,1225.6999999999996,80,120.0,°ãÄ§
273,5,2019-10-22 09:53:00,2019-10-22 11:15:00,445.9000000003725,hold,[''],2019-10-22,¾ß°£,[],[],57.0,,0.0,,,,,,,,,,1255.5,,,,1251.5,,1251.3,4,80.0,°ãÄ§
274,5,2019-10-22 11:28:00,2019-10-22 21:20:00,1642.2000000011176,hold,[''],2019-10-22,¾ß°£,[],[],57.0,,0.0,,,,,,,,,,1256.2,,,,1251.3,,1250.6441821247893,4,4.0,°ãÄ§
275,5,2019-10-22 21:41:00,2019-10-22 22:01:00,51.299999998882406,hold,[''],2019-10-22,¾ß°£,[],[],57.0,,0.0,,,,,,,,,,1250.4,,,,1251.0,,1250.7,4,4.0,°ãÄ§
276,5,2019-10-22 22:14:00,2019-10-22 22:38:00,61.59999999962746,hold,"['200204-19180-133', '200204-19180-138']",2019-10-22,¾ß°£,[],[],57.0,,0.0,,,,,,,,,,1256.6,,,,1249.1,,1251.396,6,4.0,°ãÄ§
277,5,2019-10-22 23:03:00,2019-10-22 23:15:00,30.79999999888241,hold,"['200204-19180-133', '200204-19180-137', '200204-19180-138']",2019-10-22,¾ß°£,[],[],57.0,,0.0,,,,,,,,,,1243.4,,,,1251.3,,1248.976923076923,59,40.0,°ãÄ§
278,5,2019-10-22 23:44:00,2019-10-23 01:12:00,245.30000000074506,hold,"['200204-19180-133', '200204-19180-136', '200204-19180-137', '200204-19180-138']",2019-10-22,¾ß°£,[],[],57.0,,0.0,,,,,,,,,,1263.9,,,,1249.6,,1249.9876404494382,79,60.0,°ãÄ§
279,5,2019-10-23 01:37:00,2019-10-23 01:50:00,36.0,hold,"['200204-19180-133', '200204-19180-135', '200204-19180-136', '200204-19180-137', '200204-19180-138']",2019-10-22,¾ß°£,[],[],57.0,,0.0,,,,,,,,,,1250.9,,,,1252.1,,1250.8785714285714,99,80.0,°ãÄ§
280,5,2019-10-23 20:52:00,2019-10-23 20:54:00,11.899999998509884,hold,[''],2019-10-23,¾ß°£,[],[],58.0,,0.0,,,,,,,,,,1287.6,,,,1286.8,,1287.3666666666668,4,100.0,°ãÄ§
281,5,2019-10-23 21:07:00,2019-10-23 21:17:00,42.699999999254935,hold,"['191001-19800-008', '190219-19800-041', '190820-19448-064', '190820-19448-063', '190820-19448-063', '190820-19448-062', '190820-19448-062', '191001-19800-004']",2019-10-23,¾ß°£,[],[],58.0,,0.0,,,,,,,,,,1274.7,,,,1272.2,,1274.209090909091,18,4.0,°ãÄ§
282,5,2019-10-23 21:33:00,2019-10-23 21:34:00,3.400000000372529,hold,"['191001-19800-008', '190219-19800-041', '190820-19448-064', '190820-19448-063', '190820-19448-062', '190820-19448-062', '191001-19800-004']",2019-10-23,¾ß°£,[],[],58.0,,0.0,,,,,,,,,,1288.0,,,,1287.1,,1287.55,140,160.0,°ãÄ§
283,5,2019-10-23 22:12:00,2019-10-23 22:14:00,13.700000001117587,hold,"['191001-19800-008', '190219-19800-041', '190820-19448-064', '190820-19448-062', '191001-19800-004']",2019-10-23,¾ß°£,[],[],58.0,,0.0,,,,,,,,,,1283.5,,,,1285.1,,1284.7666666666667,100,140.0,°ãÄ§
284,5,2019-10-23 22:34:00,2019-10-23 22:36:00,10.200000001117589,hold,[''],2019-10-23,¾ß°£,[],[],58.0,,0.0,,,,,,,,,,1285.7,,,,1284.1,,1285.1666666666667,4,100.0,°ãÄ§
285,5,2019-10-23 23:06:00,2019-10-23 23:17:00,30.90000000037253,hold,"['191001-19800-008', '190219-19800-041', '191001-19800-006', '190820-19448-064', '190820-19448-064', '190820-19448-063', '190820-19448-063', '190820-19448-062', '191001-19800-004']",2019-10-23,¾ß°£,[],[],58.0,,0.0,,,,,,,,,,1270.3,,,,1270.5,,1270.525,20,4.0,°ãÄ§
286,5,2019-10-23 23:39:00,2019-10-24 01:12:00,256.0,hold,[''],2019-10-23,¾ß°£,[],[],58.0,,0.0,,,,,,,,,,1280.4,,,,1272.2,,1270.7648936170212,4,180.0,°ãÄ§
287,5,2019-10-24 01:41:00,2019-10-24 01:57:00,46.299999998882406,hold,"['191001-19800-008', '190219-19800-041', '190820-19448-064', '190820-19448-064', '190820-19448-063', '190820-19448-063', '190820-19448-062', '190820-19448-062', '191001-19800-004']",2019-10-23,¾ß°£,[],[],58.0,,0.0,,,,,,,,,,1270.4,,,,1271.0,,1270.8470588235296,20,4.0,°ãÄ§
288,5,2019-10-24 04:18:00,2019-10-24 21:15:00,4223.5,hold,[''],2019-10-24,¾ß°£,[],[],59.0,,0.0,,,,,,,,,,964.2,,,,1250.7,,1216.8325147347741,4,180.0,°ãÄ§
289,5,2019-10-24 22:00:00,2019-10-24 22:02:00,11.800000000745056,hold,[''],2019-10-24,¾ß°£,[],[],59.0,,0.0,,,,,,,,,,1267.6,,,,1266.1,,1267.2333333333333,4,4.0,°ãÄ§
290,5,2019-10-24 22:25:00,2019-10-24 22:39:00,44.0,hold,[''],2019-10-24,¾ß°£,[],[],59.0,,0.0,,,,,,,,,,1270.0,,,,1249.7,,1254.5666666666666,4,4.0,°ãÄ§
291,5,2019-10-24 23:43:00,2019-10-25 01:01:00,227.80000000074506,hold,[''],2019-10-24,¾ß°£,[],[],59.0,,0.0,,,,,,,,,,1264.2,,,,1250.1,,1251.5379746835442,4,4.0,°ãÄ§
292,5,2019-10-25 20:51:00,2019-10-25 21:00:00,27.09999999962747,hold,[''],2019-10-25,¾ß°£,[],[],60.0,,0.0,,,,,,,,,,1270.5,,,,1271.5,,1270.63,4,4.0,°ãÄ§
293,5,2019-10-25 21:32:00,2019-10-25 21:34:00,8.5,hold,"['°¡¿­·Î´ÙÀÌ', '191009-01502-009', '190829-01502-027', '190829-01502-026']",2019-10-25,¾ß°£,[],[],60.0,,0.0,,,,,,,,,,1275.2,,,,1277.4,,1276.2333333333333,10,4.0,°ãÄ§
294,5,2019-10-25 22:54:00,2019-10-25 22:56:00,13.599999999627473,hold,[''],2019-10-25,¾ß°£,[],[],60.0,,0.0,,,,,,,,,,1190.3,,,,1212.6,,1202.1333333333334,4,69.0,°ãÄ§
295,5,2019-10-28 22:24:00,2019-10-29 01:30:00,562.2000000011176,hold,[''],2019-10-28,¾ß°£,[],[],61.0,,0.0,,,,,,,,,,1281.2,,,,1271.5,,1270.8673796791445,4,4.0,°ãÄ§
296,5,2019-10-29 01:48:00,2019-10-29 01:50:00,12.0,hold,[''],2019-10-28,¾ß°£,[],[],61.0,,0.0,,,,,,,,,,1281.1,,,,1283.0,,1282.4666666666665,4,4.0,°ãÄ§
297,5,2019-10-30 13:15:00,2019-10-30 13:38:00,64.5,hold,[''],2019-10-30,ÁÖ°£,[],[],62.0,,0.0,,,,,,,,,,1268.2,,,,1251.8,,1253.775,4,4.0,°ãÄ§
298,5,2019-10-30 20:30:00,2019-10-31 07:26:00,1766.8000000007446,hold,[''],2019-10-31,ÁÖ°£,[],[],63.0,,0.0,,,,,,,,,,1258.0,,,,1251.0,,1250.6668188736685,4,4.0,°ãÄ§
299,5,2019-10-31 07:44:00,2019-10-31 08:05:00,58.7000000011176,hold,[''],2019-10-31,ÁÖ°£,[],[],63.0,,0.0,,,,,,,,,,1253.7,,,,1250.1,,1251.1727272727271,4,4.0,°ãÄ§
300,5,2019-10-31 08:20:00,2019-10-31 08:37:00,48.2000000011176,hold,[''],2019-10-31,ÁÖ°£,[],[],63.0,,0.0,,,,,,,,,,1254.0,,,,1251.2,,1251.9333333333334,4,4.0,°ãÄ§
301,5,2019-10-31 08:52:00,2019-10-31 09:09:00,47.90000000037254,hold,[''],2019-10-31,ÁÖ°£,[],[],63.0,,0.0,,,,,,,,,,1267.5,,,,1252.3,,1253.2666666666667,4,4.0,°ãÄ§
302,5,2019-10-31 09:33:00,2019-10-31 09:43:00,23.899999998509887,hold,[''],2019-10-31,ÁÖ°£,[],[],63.0,,0.0,,,,,,,,,,1247.4,,,,1251.4,,1249.9363636363635,4,4.0,°ãÄ§
303,5,2019-10-31 10:09:00,2019-10-31 10:17:00,20.5,hold,[''],2019-10-31,ÁÖ°£,[],[],63.0,,0.0,,,,,,,,,,1249.9,,,,1252.2,,1250.6666666666667,4,4.0,°ãÄ§
304,5,2019-10-31 10:33:00,2019-10-31 10:48:00,46.0,hold,[''],2019-10-31,ÁÖ°£,[],[],63.0,,0.0,,,,,,,,,,1267.5,,,,1251.3,,1254.36875,4,4.0,°ãÄ§
305,5,2019-11-01 09:38:00,2019-11-01 10:00:00,79.69999999925494,hold,"['191101-051', '191025-13134-004', '191025-13134-004']",2019-11-01,ÁÖ°£,[],[],64.0,,0.0,,,,,,,,,,1282.0,,,,1271.3,,1273.4260869565214,8,4.0,°ãÄ§
306,5,2019-11-01 10:18:00,2019-11-01 10:20:00,6.699999999254942,hold,"['191101-051', '191025-13134-004', '191025-13134-004', '190831-15444-001']",2019-11-01,ÁÖ°£,[],[],64.0,,0.0,,,,,,,,,,1284.4,,,,1284.1,,1284.5,73,54.0,°ãÄ§
307,5,2019-11-01 10:54:00,2019-11-01 11:02:00,23.70000000111759,hold,"['191101-051', '191025-13134-004', '191025-13134-004', '191025-13134-004', '190831-15444-001', '190820-15008-003']",2019-11-01,ÁÖ°£,[],[],64.0,,0.0,,,,,,,,,,1200.1,,,,1225.3,,1198.6999999999996,114,74.0,°ãÄ§
308,5,2019-11-05 05:53:00,2019-11-05 10:17:00,1130.3000000007448,hold,[''],2019-11-05,ÁÖ°£,[],[],65.0,,0.0,,,,,,,,,,1250.8,,,,1271.2,,1260.272830188679,4,114.0,°ãÄ§
309,5,2019-11-05 10:41:00,2019-11-05 10:48:00,40.600000001490116,hold,[''],2019-11-05,ÁÖ°£,[],[],65.0,,0.0,,,,,,,,,,1272.6,,,,1280.0,,1276.2375,4,4.0,°ãÄ§
310,5,2019-11-05 11:26:00,2019-11-05 13:02:00,320.30000000074506,hold,[''],2019-11-05,ÁÖ°£,[],[],65.0,,0.0,,,,,,,,,,1270.8,,,,1271.1,,1270.7855670103093,4,4.0,°ãÄ§
311,5,2019-11-05 13:25:00,2019-11-05 13:32:00,32.09999999962747,hold,[''],2019-11-05,ÁÖ°£,[],[],65.0,,0.0,,,,,,,,,,1277.1,,,,1283.5,,1280.525,4,4.0,°ãÄ§
312,5,2019-11-05 14:02:00,2019-11-05 14:09:00,32.0,hold,[''],2019-11-05,ÁÖ°£,[],[],65.0,,0.0,,,,,,,,,,1274.4,,,,1281.7,,1277.45,4,4.0,°ãÄ§
313,5,2019-11-06 15:23:00,2019-11-06 15:35:00,33.90000000037253,hold,[''],2019-11-06,ÁÖ°£,[],[],66.0,,0.0,,,,,,,,,,1261.5,,,,1272.4,,1269.3076923076926,4,4.0,°ãÄ§
314,5,2019-11-06 15:52:00,2019-11-06 15:58:00,15.300000000745056,hold,[''],2019-11-06,ÁÖ°£,[],[],66.0,,0.0,,,,,,,,,,1286.0,,,,1268.4,,1276.9285714285713,4,4.0,°ãÄ§
315,5,2019-11-06 16:45:00,2019-11-06 16:50:00,13.599999999627473,hold,[''],2019-11-06,ÁÖ°£,[],[],66.0,,0.0,,,,,,,,,,1271.2,,,,1271.1,,1271.0666666666666,4,4.0,°ãÄ§
316,5,2019-11-06 17:09:00,2019-11-06 18:03:00,155.69999999925494,hold,[''],2019-11-06,ÁÖ°£,[],[],66.0,,0.0,,,,,,,,,,1283.1,,,,1270.6,,1271.541818181818,4,4.0,°ãÄ§
317,5,2019-11-07 14:43:00,2019-11-07 15:56:00,166.30000000074506,hold,[''],2019-11-07,ÁÖ°£,[],[],67.0,,0.0,,,,,,,,,,1268.8,,,,1272.5,,1271.2054054054054,4,4.0,°ãÄ§
318,5,2019-11-07 16:03:00,2019-11-07 16:20:00,72.70000000111759,hold,[''],2019-11-07,ÁÖ°£,[],[],67.0,,0.0,,,,,,,,,,1229.2,,,,1288.2,,1209.6500000000005,4,4.0,°ãÄ§
319,5,2019-11-07 17:06:00,2019-11-07 18:00:00,138.59999999962747,hold,[''],2019-11-07,ÁÖ°£,[],[],67.0,,0.0,,,,,,,,,,1271.6,,,,1271.0,,1270.9254545454546,4,4.0,°ãÄ§
320,5,2019-11-08 13:48:00,2019-11-08 13:50:00,8.400000000372527,hold,[''],2019-11-08,ÁÖ°£,[],[],68.0,,0.0,,,,,,,,,,1274.6,,,,1276.2,,1275.5666666666666,4,4.0,°ãÄ§
321,5,2019-11-08 14:03:00,2019-11-08 14:05:00,8.400000000372527,hold,[''],2019-11-08,ÁÖ°£,[],[],68.0,,0.0,,,,,,,,,,1286.7,,,,1287.4,,1287.3333333333335,4,4.0,°ãÄ§
322,5,2019-11-08 14:33:00,2019-11-08 15:59:00,237.5999999996274,hold,[''],2019-11-08,ÁÖ°£,[],[],68.0,,0.0,,,,,,,,,,1237.0,,,,1272.3,,1269.6620689655174,4,4.0,°ãÄ§
323,5,2019-11-11 08:28:00,2019-11-11 08:33:00,19.0,hold,[''],2019-11-11,ÁÖ°£,[],[],69.0,,0.0,,,,,,,,,,1286.2,,,,1274.2,,1279.6166666666666,4,4.0,°ãÄ§
324,5,2019-11-11 09:02:00,2019-11-11 09:06:00,13.799999998882413,hold,[''],2019-11-11,ÁÖ°£,[],[],69.0,,0.0,,,,,,,,,,1272.0,,,,1275.3,,1272.24,4,4.0,°ãÄ§
325,5,2019-11-11 11:09:00,2019-11-11 14:18:00,574.0999999996276,hold,[''],2019-11-11,ÁÖ°£,[],[],69.0,,0.0,,,,,,,,,,1278.7,,,,1272.2,,1271.085789473684,4,4.0,°ãÄ§
326,5,2019-11-11 14:32:00,2019-11-11 14:36:00,16.90000000037253,hold,[''],2019-11-11,ÁÖ°£,[],[],69.0,,0.0,,,,,,,,,,1282.9,,,,1280.1,,1280.6600000000005,4,4.0,°ãÄ§
327,5,2019-11-11 18:11:00,2019-11-11 18:35:00,70.29999999888241,hold,[''],2019-11-11,ÁÖ°£,[],[],69.0,,0.0,,,,,,,,,,1270.0,,,,1273.7,,1272.312,4,4.0,°ãÄ§
328,5,2019-11-12 16:09:00,2019-11-12 16:15:00,15.300000000745056,hold,[''],2019-11-12,ÁÖ°£,[],[],70.0,,0.0,,,,,,,,,,1250.6,,,,1253.8,,1251.0285714285715,4,4.0,°ãÄ§
329,5,2019-11-12 16:35:00,2019-11-12 16:44:00,24.0,hold,[''],2019-11-12,ÁÖ°£,[],[],70.0,,0.0,,,,,,,,,,1251.5,,,,1253.3,,1252.89,4,4.0,°ãÄ§
330,5,2019-11-12 17:01:00,2019-11-12 17:52:00,118.30000000074509,hold,[''],2019-11-12,ÁÖ°£,[],[],70.0,,0.0,,,,,,,,,,1253.0,,,,1252.4,,1251.146153846154,4,4.0,°ãÄ§
331,5,2019-11-12 18:12:00,2019-11-12 18:16:00,17.199999999254945,hold,[''],2019-11-12,ÁÖ°£,[],[],70.0,,0.0,,,,,,,,,,1265.0,,,,1262.4,,1263.28,4,4.0,°ãÄ§
332,5,2019-11-14 17:31:00,2019-11-14 17:59:00,69.80000000074506,hold,[''],2019-11-14,ÁÖ°£,[],[],72.0,,0.0,,,,,,,,,,1244.9,,,,1252.0,,1250.151724137931,4,4.0,°ãÄ§
333,5,2019-11-14 18:12:00,2019-11-14 18:22:00,31.40000000037253,hold,[''],2019-11-14,ÁÖ°£,[],[],72.0,,0.0,,,,,,,,,,1269.6,,,,1247.0,,1253.5090909090907,4,4.0,°ãÄ§
334,5,2019-11-15 09:32:00,2019-11-15 09:53:00,93.39999999850988,hold,"['200105-19180-169', '200105-19180-168', '200105-19180-167', '200105-19180-166', '200105-19180-165']",2019-11-15,ÁÖ°£,[],[],73.0,,0.0,,,,,,,,,,1286.5,,,,1285.6,,1230.8227272727272,12,4.0,°ãÄ§
335,5,2019-11-18 22:21:00,2019-11-18 22:27:00,43.59999999962746,hold,[''],2019-11-18,¾ß°£,[],[],74.0,,0.0,,,,,,,,,,1278.0,,,,1282.1,,1280.5857142857146,4,100.0,°ãÄ§
336,5,2019-11-18 22:56:00,2019-11-18 23:08:00,43.7000000011176,hold,[''],2019-11-18,¾ß°£,[],[],74.0,,0.0,,,,,,,,,,1284.3,,,,1271.6,,1274.4461538461535,4,4.0,°ãÄ§
337,5,2019-11-19 22:12:00,2019-11-19 22:35:00,51.5,hold,"['200204-19180-224', '200204-19180-225', '200204-19180-226', '200204-19180-227', '200204-19180-228', '200204-19180-229']",2019-11-19,¾ß°£,[],[],75.0,,0.0,,,,,,,,,,1254.4,,,,1252.3,,1251.425,14,4.0,°ãÄ§
338,5,2019-11-19 22:50:00,2019-11-19 23:09:00,46.299999998882406,hold,"['200204-19180-224', '200204-19180-225', '200204-19180-226', '200204-19180-227', '200204-19180-228']",2019-11-19,¾ß°£,[],[],75.0,,0.0,,,,,,,,,,1254.3,,,,1251.4,,1251.4050000000002,100,120.0,°ãÄ§
339,5,2019-11-19 23:36:00,2019-11-20 00:59:00,184.0999999996274,hold,"['200204-19180-224', '200204-19180-225', '200204-19180-226', '200204-19180-227']",2019-11-19,¾ß°£,[],[],75.0,,0.0,,,,,,,,,,1250.9,,,,1250.5,,1250.0773809523807,80,100.0,°ãÄ§
340,5,2019-11-20 01:25:00,2019-11-20 01:30:00,12.5,hold,[''],2019-11-19,¾ß°£,[],[],75.0,,0.0,,,,,,,,,,1245.2,,,,1250.4,,1247.3833333333332,4,80.0,°ãÄ§
341,5,2019-11-20 01:45:00,2019-11-20 02:01:00,44.7000000011176,hold,[''],2019-11-19,¾ß°£,[],[],75.0,,0.0,,,,,,,,,,1270.2,,,,1250.4,,1253.5470588235296,4,4.0,°ãÄ§
342,5,2019-11-20 23:01:00,2019-11-21 02:02:00,422.0,hold,[''],2019-11-20,¾ß°£,[],[],76.0,,0.0,,,,,,,,,,1276.1,,,,1271.2,,1270.3824175824175,4,4.0,°ãÄ§
343,5,2019-11-21 02:31:00,2019-11-21 03:36:00,142.19999999925494,hold,[''],2019-11-20,¾ß°£,[],[],76.0,,0.0,,,,,,,,,,1270.0,,,,1270.3,,1270.2454545454548,4,4.0,°ãÄ§
344,5,2019-11-21 03:52:00,2019-11-21 04:04:00,27.0,hold,[''],2019-11-20,¾ß°£,[],[],76.0,,0.0,,,,,,,,,,1287.8,,,,1268.1,,1275.4076923076925,4,4.0,°ãÄ§
345,5,2019-11-21 15:07:00,2019-11-21 18:34:00,449.4000000003725,hold,"['191025-19234-040', '191025-19234-040', '191025-19234-040', '191025-19234-039', '191025-19234-039', '191025-19234-039', '191025-19581-001_1']",2019-11-21,¾ß°£,[],[],77.0,,0.0,,,,,,,,,,1252.6,,,,1252.7,,1250.7466346153847,16,4.0,°ãÄ§
346,5,2019-11-21 19:56:00,2019-11-21 20:40:00,150.90000000037253,hold,[''],2019-11-21,¾ß°£,[],[],77.0,,0.0,,,,,,,,,,1251.2,,,,1271.4,,1265.7444444444445,4,142.0,°ãÄ§
347,5,2019-11-21 21:04:00,2019-11-21 22:03:00,166.90000000037253,hold,[''],2019-11-21,¾ß°£,[],[],77.0,,0.0,,,,,,,,,,1271.3,,,,1272.0,,1271.73,4,4.0,°ãÄ§
348,5,2019-11-21 22:28:00,2019-11-21 22:46:00,47.5,hold,"['191025-19234-040', '191025-19234-040', '191025-19234-040', '191025-19234-039', '191025-19234-039', '191025-19234-039']",2019-11-21,¾ß°£,[],[],77.0,,0.0,,,,,,,,,,1270.8,,,,1271.3,,1271.0210526315784,14,4.0,°ãÄ§
349,5,2019-11-21 23:44:00,2019-11-22 02:13:00,380.0,hold,[''],2019-11-21,¾ß°£,[],[],77.0,,0.0,,,,,,,,,,1269.9,,,,1272.6,,1270.9893333333334,4,120.0,°ãÄ§
350,5,2019-11-22 06:50:00,2019-11-22 07:12:00,77.0,hold,"['191025-19234-040', '191025-19234-039', '191025-19234-039', '191025-19234-039']",2019-11-21,¾ß°£,[],[],77.0,,0.0,,,,,,,,,,1270.3,,,,1296.1,,1268.2478260869566,10,4.0,°ãÄ§
351,5,2019-11-22 08:07:00,2019-11-22 08:40:00,94.40000000037253,hold,[''],2019-11-21,¾ß°£,[],[],77.0,,0.0,,,,,,,,,,1277.2,,,,1270.9,,1270.6470588235295,4,80.0,°ãÄ§
352,5,2019-11-23 01:42:00,2019-11-23 01:58:00,43.89999999850989,hold,"['°¡¿­·Î´ÙÀÌ', '°¡¿­·Î´ÙÀÌ', '°¡¿­·Î´ÙÀÌ', '°¡¿­·Î´ÙÀÌ']",2019-11-22,¾ß°£,[],[],78.0,,0.0,,,,,,,,,,1277.1,,,,1272.0,,1272.629411764706,10,4.0,°ãÄ§
353,5,2019-11-23 02:12:00,2019-11-23 05:20:00,432.59999999962747,hold,"['191014-15491-075', '°¡¿­·Î´ÙÀÌ', '°¡¿­·Î´ÙÀÌ', '°¡¿­·Î´ÙÀÌ', '°¡¿­·Î´ÙÀÌ']",2019-11-22,¾ß°£,[],[],78.0,,0.0,,,,,,,,,,1273.3,,,,1271.0,,1270.894708994709,40,36.0,°ãÄ§
354,5,2019-11-23 05:35:00,2019-11-23 05:37:00,6.900000000372528,hold,[''],2019-11-22,¾ß°£,[],[],78.0,,0.0,,,,,,,,,,1287.6,,,,1287.8,,1287.8666666666668,4,56.0,°ãÄ§
355,5,2019-11-23 05:53:00,2019-11-23 05:54:00,3.400000000372529,hold,[''],2019-11-22,¾ß°£,[],[],78.0,,0.0,,,,,,,,,,1284.5,,,,1284.0,,1284.25,4,4.0,°ãÄ§
356,5,2019-11-25 08:42:00,2019-11-25 08:44:00,7.0,hold,[''],2019-11-25,ÁÖ°£,[],[],79.0,,0.0,,,,,,,,,,1274.1,,,,1273.5,,1273.8,4,4.0,°ãÄ§
357,5,2019-11-25 09:21:00,2019-11-25 09:23:00,7.0,hold,[''],2019-11-25,ÁÖ°£,[],[],79.0,,0.0,,,,,,,,,,1281.6,,,,1282.3,,1282.1666666666667,4,4.0,°ãÄ§
358,5,2019-11-25 09:41:00,2019-11-25 09:59:00,85.20000000111759,hold,[''],2019-11-25,ÁÖ°£,[],[],79.0,,0.0,,,,,,,,,,1285.2,,,,1276.7,,1197.3526315789472,4,4.0,°ãÄ§
359,5,2019-11-25 10:15:00,2019-11-25 14:51:00,1233.4000000003725,hold,[''],2019-11-25,ÁÖ°£,[],[],79.0,,0.0,,,,,,,,,,1274.0,,,,1272.7,,1200.6281588447653,4,4.0,°ãÄ§
360,5,2019-11-25 15:03:00,2019-11-25 15:06:00,12.099999999627473,hold,[''],2019-11-25,ÁÖ°£,[],[],79.0,,0.0,,,,,,,,,,1273.8,,,,1274.5,,1274.35,4,4.0,°ãÄ§
361,5,2019-11-25 16:00:00,2019-11-25 16:24:00,78.5,hold,[''],2019-11-25,ÁÖ°£,[],[],79.0,,0.0,,,,,,,,,,1278.0,,,,1271.6,,1272.336,4,4.0,°ãÄ§
362,5,2019-11-25 16:54:00,2019-11-25 17:58:00,198.4000000003726,hold,[''],2019-11-25,ÁÖ°£,[],[],79.0,,0.0,,,,,,,,,,1269.9,,,,1276.8,,1271.1153846153848,4,4.0,°ãÄ§
363,5,2019-11-26 05:34:00,2019-11-26 05:53:00,49.40000000037254,hold,[''],2019-11-26,ÁÖ°£,[],[],80.0,,0.0,,,,,,,,,,1252.7,,,,1251.0,,1251.465,4,4.0,°ãÄ§
364,5,2019-11-26 06:20:00,2019-11-26 08:27:00,318.90000000037253,hold,[''],2019-11-26,ÁÖ°£,[],[],80.0,,0.0,,,,,,,,,,1266.4,,,,1251.9,,1251.1515625000004,4,4.0,°ãÄ§
365,5,2019-11-26 08:44:00,2019-11-26 08:46:00,8.699999999254942,hold,[''],2019-11-26,ÁÖ°£,[],[],80.0,,0.0,,,,,,,,,,1267.3,,,,1267.8,,1267.8666666666668,4,4.0,°ãÄ§
366,5,2019-11-26 09:52:00,2019-11-26 15:04:00,795.8999999985097,hold,[''],2019-11-26,ÁÖ°£,[],[],80.0,,0.0,,,,,,,,,,1250.3,,,,1271.9,,1266.9226837060705,4,4.0,°ãÄ§
367,5,2019-11-26 15:28:00,2019-11-26 16:15:00,122.39999999850988,hold,[''],2019-11-26,ÁÖ°£,[],[],80.0,,0.0,,,,,,,,,,1269.6,,,,1272.7,,1270.7875,4,4.0,°ãÄ§
368,5,2019-11-27 09:09:00,2019-11-27 15:16:00,911.6999999992547,hold,[''],2019-11-27,ÁÖ°£,[],[],81.0,,0.0,,,,,,,,,,1272.0,,,,1270.0,,1270.8323369565214,4,4.0,°ãÄ§
369,5,2019-11-27 15:50:00,2019-11-27 16:00:00,34.60000000149012,hold,[''],2019-11-27,ÁÖ°£,[],[],81.0,,0.0,,,,,,,,,,1286.5,,,,1271.4,,1278.8818181818178,4,4.0,°ãÄ§
370,5,2019-11-27 16:15:00,2019-11-27 16:23:00,22.5,hold,[''],2019-11-27,ÁÖ°£,[],[],81.0,,0.0,,,,,,,,,,1289.3,,,,1268.7,,1277.777777777778,4,4.0,°ãÄ§
371,5,2019-11-27 16:40:00,2019-11-27 16:48:00,20.900000000372533,hold,[''],2019-11-27,ÁÖ°£,[],[],81.0,,0.0,,,,,,,,,,1289.4,,,,1267.1,,1276.9,4,4.0,°ãÄ§
372,5,2019-11-27 17:06:00,2019-11-27 17:59:00,154.7999999988824,hold,[''],2019-11-27,ÁÖ°£,[],[],81.0,,0.0,,,,,,,,,,1284.6,,,,1278.1,,1271.9166666666667,4,4.0,°ãÄ§
373,5,2019-11-28 16:19:00,2019-11-28 16:22:00,8.700000001117589,hold,[''],2019-11-28,ÁÖ°£,[],[],82.0,,0.0,,,,,,,,,,1270.1,,,,1269.6,,1270.025,4,4.0,°ãÄ§
374,5,2019-11-29 16:05:00,2019-11-29 16:06:00,5.099999999627472,hold,"['200105-19180-201', '200105-19180-197', '200105-19180-195', '200105-19180-196']",2019-11-29,ÁÖ°£,[],[],83.0,,0.0,,,,,,,,,,1263.8,,,,1264.6,,1264.1999999999996,10,4.0,°ãÄ§
375,5,2019-11-29 16:26:00,2019-11-29 16:48:00,91.60000000149012,hold,"['200105-19180-201', '200105-19180-197', '200105-19180-195', '200105-19180-200', '200105-19180-196']",2019-11-29,ÁÖ°£,[],[],83.0,,0.0,,,,,,,,,,1272.6,,,,1253.7,,1222.8304347826086,100,80.0,°ãÄ§
376,5,2019-11-29 17:23:00,2019-11-29 17:52:00,75.20000000111759,hold,"['200105-19180-201', '200105-19180-199', '200105-19180-198', '200105-19180-100', '200105-19180-200']",2019-11-29,ÁÖ°£,[],[],83.0,,0.0,,,,,,,,,,1249.8,,,,1252.8,,1251.2233333333334,100,100.0,°ãÄ§
377,5,2019-12-02 11:11:00,2019-12-02 11:13:00,13.800000000745056,hold,[''],2019-12-02,ÁÖ°£,[],[],84.0,,0.0,,,,,,,,,,1250.1,,,,1263.7,,1257.1333333333332,4,100.0,°ãÄ§
378,5,2019-12-02 11:26:00,2019-12-02 12:57:00,333.79999999888236,hold,[''],2019-12-02,ÁÖ°£,[],[],84.0,,0.0,,,,,,,,,,1248.9,,,,1272.3,,1255.673913043478,4,4.0,°ãÄ§
379,5,2019-12-03 08:42:00,2019-12-03 09:00:00,86.59999999962747,hold,[''],2019-12-03,ÁÖ°£,[],[],85.0,,0.0,,,,,,,,,,1211.6,,,,1282.9,,1244.526315789474,4,4.0,°ãÄ§
380,5,2019-12-03 09:26:00,2019-12-03 09:28:00,8.800000000745056,hold,[''],2019-12-03,ÁÖ°£,[],[],85.0,,0.0,,,,,,,,,,1282.1,,,,1281.7,,1281.9666666666665,4,4.0,°ãÄ§
381,5,2019-12-03 10:01:00,2019-12-03 10:04:00,14.099999999627473,hold,[''],2019-12-03,ÁÖ°£,[],[],85.0,,0.0,,,,,,,,,,1281.3,,,,1279.6,,1280.975,4,4.0,°ãÄ§
382,5,2019-12-03 10:36:00,2019-12-03 10:41:00,28.09999999962747,hold,[''],2019-12-03,ÁÖ°£,[],[],85.0,,0.0,,,,,,,,,,1278.3,,,,1282.0,,1280.3666666666666,4,4.0,°ãÄ§
383,5,2019-12-03 12:22:00,2019-12-03 13:01:00,143.69999999925494,hold,[''],2019-12-03,ÁÖ°£,[],[],85.0,,0.0,,,,,,,,,,1280.4,,,,1271.0,,1271.5875,4,4.0,°ãÄ§
384,5,2019-12-04 08:59:00,2019-12-04 09:11:00,43.89999999850989,hold,[''],2019-12-04,ÁÖ°£,[],[],86.0,,0.0,,,,,,,,,,1286.5,,,,1269.2,,1274.1846153846154,4,4.0,°ãÄ§
385,5,2019-12-04 09:33:00,2019-12-04 09:45:00,42.09999999962747,hold,[''],2019-12-04,ÁÖ°£,[],[],86.0,,0.0,,,,,,,,,,1282.7,,,,1268.7,,1275.676923076923,4,4.0,°ãÄ§
386,5,2019-12-04 10:11:00,2019-12-04 10:21:00,33.40000000037253,hold,[''],2019-12-04,ÁÖ°£,[],[],86.0,,0.0,,,,,,,,,,1283.9,,,,1269.2,,1274.9181818181821,4,4.0,°ãÄ§
387,5,2019-12-04 10:55:00,2019-12-04 10:56:00,6.900000000372528,hold,[''],2019-12-04,ÁÖ°£,[],[],86.0,,0.0,,,,,,,,,,1285.2,,,,1285.5,,1285.35,4,4.0,°ãÄ§
388,5,2019-12-04 11:28:00,2019-12-04 11:33:00,15.600000001490116,hold,[''],2019-12-04,ÁÖ°£,[],[],86.0,,0.0,,,,,,,,,,1270.2,,,,1270.4,,1270.2833333333335,4,4.0,°ãÄ§
389,5,2019-12-04 12:23:00,2019-12-04 12:57:00,120.59999999962747,hold,[''],2019-12-04,ÁÖ°£,[],[],86.0,,0.0,,,,,,,,,,1282.7,,,,1270.9,,1272.1371428571429,4,4.0,°ãÄ§
390,5,2019-12-04 13:26:00,2019-12-04 13:44:00,54.0,hold,[''],2019-12-04,ÁÖ°£,[],[],86.0,,0.0,,,,,,,,,,1270.8,,,,1272.6,,1271.4631578947367,4,4.0,°ãÄ§
391,5,2019-12-05 08:52:00,2019-12-05 09:02:00,28.300000000745047,hold,[''],2019-12-05,ÁÖ°£,[],[],87.0,,0.0,,,,,,,,,,1251.4,,,,1259.7,,1251.5636363636365,4,4.0,°ãÄ§
392,5,2019-12-05 09:21:00,2019-12-05 10:59:00,300.90000000037253,hold,[''],2019-12-05,ÁÖ°£,[],[],87.0,,0.0,,,,,,,,,,1283.4,,,,1271.6,,1264.8070707070708,4,4.0,°ãÄ§
393,5,2019-12-05 11:19:00,2019-12-05 11:25:00,26.300000000745047,hold,[''],2019-12-05,ÁÖ°£,[],[],87.0,,0.0,,,,,,,,,,1283.8,,,,1275.8,,1281.2,4,4.0,°ãÄ§
394,5,2019-12-05 13:26:00,2019-12-05 13:29:00,17.5,hold,[''],2019-12-05,ÁÖ°£,[],[],87.0,,0.0,,,,,,,,,,1273.7,,,,1276.3,,1275.0500000000004,4,4.0,°ãÄ§
395,5,2019-12-05 13:54:00,2019-12-05 13:55:00,6.900000000372528,hold,[''],2019-12-05,ÁÖ°£,[],[],87.0,,0.0,,,,,,,,,,1264.0,,,,1265.3,,1264.65,4,4.0,°ãÄ§
396,5,2019-12-06 05:07:00,2019-12-06 08:30:00,492.6999999992548,hold,[''],2019-12-06,ÁÖ°£,[],[],88.0,,0.0,,,,,,,,,,1270.6,,,,1270.4,,1251.9593137254906,4,4.0,°ãÄ§
397,5,2019-12-06 08:51:00,2019-12-06 09:23:00,88.09999999962747,hold,[''],2019-12-06,ÁÖ°£,[],[],88.0,,0.0,,,,,,,,,,1268.9,,,,1270.1,,1269.7939393939396,4,4.0,°ãÄ§
398,5,2019-12-06 09:34:00,2019-12-06 09:36:00,8.900000000372529,hold,[''],2019-12-06,ÁÖ°£,[],[],88.0,,0.0,,,,,,,,,,1274.2,,,,1274.9,,1274.6666666666667,4,4.0,°ãÄ§
399,5,2019-12-06 11:12:00,2019-12-06 11:14:00,8.900000000372529,hold,[''],2019-12-06,ÁÖ°£,[],[],88.0,,0.0,,,,,,,,,,1276.9,,,,1278.7,,1277.8333333333333,4,4.0,°ãÄ§
400,5,2019-12-06 11:38:00,2019-12-06 13:18:00,294.79999999888236,hold,"['191009-01502-049', '191009-01502-049', '191009-01502-049', '191009-01502-049', '191009-01502-049', '191017-19226-009', '191017-19226-009', '191017-19226-009']",2019-12-06,ÁÖ°£,[],[],88.0,,0.0,,,,,,,,,,1280.2,,,,1271.6,,1270.6811881188119,18,4.0,°ãÄ§
401,5,2019-12-09 08:51:00,2019-12-09 08:52:00,7.099999999627472,hold,[''],2019-12-09,¾ß°£,[],[],89.0,,0.0,,,,,,,,,,1178.3,,,,1190.7,,1184.5,4,160.0,°ãÄ§
402,5,2019-12-09 09:46:00,2019-12-09 20:16:00,1819.5999999996275,hold,[''],2019-12-09,¾ß°£,[],[],89.0,,0.0,,,,,,,,,,1258.1,,,,1252.4,,1250.654358161648,4,4.0,°ãÄ§
403,5,2019-12-09 20:36:00,2019-12-09 21:02:00,70.69999999925494,hold,[''],2019-12-09,¾ß°£,[],[],89.0,,0.0,,,,,,,,,,1254.0,,,,1251.5,,1251.3703703703704,4,4.0,°ãÄ§
404,5,2019-12-09 21:39:00,2019-12-10 01:49:00,656.5,hold,"['191122-19234-010', '191122-19234-010', '191125-19512-002', '191125-19512-002', '191125-19512-002', '191125-19512-002']",2019-12-09,¾ß°£,[],[],89.0,,0.0,,,,,,,,,,1280.7,,,,1272.0,,1270.5988047808767,14,4.0,°ãÄ§
405,5,2019-12-10 02:05:00,2019-12-10 02:07:00,8.800000000745056,hold,[''],2019-12-09,¾ß°£,[],[],89.0,,0.0,,,,,,,,,,1285.0,,,,1284.8,,1284.8666666666668,4,120.0,°ãÄ§
406,5,2019-12-10 02:32:00,2019-12-10 02:42:00,28.40000000037253,hold,[''],2019-12-09,¾ß°£,[],[],89.0,,0.0,,,,,,,,,,1269.0,,,,1269.9,,1269.9272727272728,4,4.0,°ãÄ§
407,5,2019-12-10 02:58:00,2019-12-10 02:59:00,3.5,hold,[''],2019-12-09,¾ß°£,[],[],89.0,,0.0,,,,,,,,,,1283.5,,,,1282.5,,1283.0,4,4.0,°ãÄ§
408,5,2019-12-10 03:14:00,2019-12-10 03:16:00,10.5,hold,"['191125-19512-002', '191125-19512-002', '191125-19512-002', '191125-19512-002']",2019-12-09,¾ß°£,[],[],89.0,,0.0,,,,,,,,,,1282.9,,,,1283.6,,1283.7,10,4.0,°ãÄ§
409,5,2019-12-10 03:38:00,2019-12-10 03:40:00,7.099999999627472,hold,"['191122-19234-010', '191125-19512-002', '191125-19512-002', '191125-19512-002', '191125-19512-002']",2019-12-09,¾ß°£,[],[],89.0,,0.0,,,,,,,,,,1283.3,,,,1281.8,,1282.6333333333332,98,80.0,°ãÄ§
410,5,2019-12-10 04:03:00,2019-12-10 04:06:00,14.100000001490116,hold,[''],2019-12-09,¾ß°£,[],[],89.0,,0.0,,,,,,,,,,1279.7,,,,1282.0,,1281.0,4,100.0,°ãÄ§
411,5,2019-12-11 20:38:00,2019-12-11 20:49:00,41.799999998882406,hold,[''],2019-12-11,¾ß°£,[],[],90.0,,0.0,,,,,,,,,,1283.9,,,,1268.9,,1276.7916666666667,4,4.0,°ãÄ§
412,5,2019-12-11 21:14:00,2019-12-11 21:25:00,34.80000000074506,hold,[''],2019-12-11,¾ß°£,[],[],90.0,,0.0,,,,,,,,,,1284.7,,,,1269.8,,1274.2333333333333,4,4.0,°ãÄ§
413,5,2019-12-11 21:51:00,2019-12-11 21:53:00,6.900000000372528,hold,"['200204-19180-305', '200204-19180-307', '200204-19180-306', '191122-19234-010', '200204-19180-310', '200204-19180-309']",2019-12-11,¾ß°£,[],[],90.0,,0.0,,,,,,,,,,1284.3,,,,1282.7,,1283.8666666666666,14,4.0,°ãÄ§
414,5,2019-12-11 22:31:00,2019-12-11 22:33:00,12.200000001117587,hold,"['200204-19180-305', '200204-19180-306', '191122-19234-010', '200204-19180-310', '200204-19180-309']",2019-12-11,¾ß°£,[],[],90.0,,0.0,,,,,,,,,,1283.6,,,,1285.5,,1284.7666666666667,100,120.0,°ãÄ§
415,5,2019-12-11 23:03:00,2019-12-11 23:11:00,26.300000000745047,hold,[''],2019-12-11,¾ß°£,[],[],90.0,,0.0,,,,,,,,,,1270.1,,,,1271.1,,1270.3666666666668,4,100.0,°ãÄ§
416,5,2019-12-11 23:52:00,2019-12-12 01:35:00,290.69999999925494,hold,[''],2019-12-11,¾ß°£,[],[],90.0,,0.0,,,,,,,,,,1272.0,,,,1272.8,,1270.6125000000004,4,4.0,°ãÄ§
417,5,2019-12-12 20:47:00,2019-12-12 20:48:00,7.100000001490116,hold,[''],2019-12-12,¾ß°£,[],[],91.0,,0.0,,,,,,,,,,1278.6,,,,1281.8,,1280.1999999999996,4,4.0,°ãÄ§
418,5,2019-12-12 22:11:00,2019-12-12 22:39:00,118.80000000074509,hold,[''],2019-12-12,¾ß°£,[],[],91.0,,0.0,,,,,,,,,,1275.7,,,,1254.6,,1124.355172413793,4,4.0,°ãÄ§
419,5,2019-12-13 23:58:00,2019-12-14 02:51:00,382.6999999992548,hold,[''],2019-12-13,¾ß°£,[],[],92.0,,0.0,,,,,,,,,,1268.3,,,,1269.1,,1269.4310344827584,4,4.0,°ãÄ§
420,5,2019-12-14 05:38:00,2019-12-14 06:20:00,148.0,hold,"['191123-19234-010', '191123-19234-010', '191123-19234-010', '191123-19234-010', '191206-19515-001', '191206-19515-001', '190905-19234-041', '190905-19234-041']",2019-12-13,¾ß°£,[],[],92.0,,0.0,,,,,,,,,,1278.2,,,,1271.3,,1271.232558139535,18,4.0,°ãÄ§
421,5,2019-12-18 16:04:00,2019-12-18 16:05:00,5.099999999627472,hold,[''],2019-12-18,ÁÖ°£,[],[],93.0,,0.0,,,,,,,,,,1276.1,,,,1276.1,,1276.1,4,160.0,°ãÄ§
422,5,2019-12-18 17:08:00,2019-12-18 17:57:00,175.5,hold,[''],2019-12-18,ÁÖ°£,[],[],93.0,,0.0,,,,,,,,,,1275.0,,,,1273.3,,1272.35,4,4.0,°ãÄ§
423,5,2019-12-19 09:03:00,2019-12-19 16:44:00,1131.0,hold,[''],2019-12-19,ÁÖ°£,[],[],94.0,,0.0,,,,,,,,,,1270.6,,,,1271.5,,1270.5396103896105,4,4.0,°ãÄ§
424,5,2019-12-19 17:28:00,2019-12-19 17:52:00,59.40000000037254,hold,[''],2019-12-19,ÁÖ°£,[],[],94.0,,0.0,,,,,,,,,,1269.6,,,,1271.0,,1270.316,4,4.0,°ãÄ§
425,5,2019-12-19 18:09:00,2019-12-19 18:10:00,3.5,hold,[''],2019-12-19,ÁÖ°£,[],[],94.0,,0.0,,,,,,,,,,1286.9,,,,1285.7,,1286.3000000000004,4,4.0,°ãÄ§
426,5,2019-12-19 18:33:00,2019-12-19 18:36:00,12.299999998882413,hold,[''],2019-12-19,ÁÖ°£,[],[],94.0,,0.0,,,,,,,,,,1281.9,,,,1283.2,,1282.775,4,4.0,°ãÄ§
427,5,2019-12-20 10:16:00,2019-12-20 10:18:00,8.899999998509882,hold,"['200105-19180-234', '200105-19180-239', '200105-19180-237', '200105-19180-236', '200105-19180-235']",2019-12-20,ÁÖ°£,[],[],95.0,,0.0,,,,,,,,,,1275.2,,,,1274.6,,1275.0,12,4.0,°ãÄ§
428,5,2019-12-20 10:52:00,2019-12-20 10:55:00,12.400000000372527,hold,[''],2019-12-20,ÁÖ°£,[],[],95.0,,0.0,,,,,,,,,,1279.2,,,,1280.5,,1280.4,4,100.0,°ãÄ§
429,5,2019-12-20 11:15:00,2019-12-20 11:25:00,32.0,hold,"['200105-19180-234', '200105-19180-121', '200105-19180-240', '200105-19180-237', '200105-19180-236', '200105-19180-235']",2019-12-20,ÁÖ°£,[],[],95.0,,0.0,,,,,,,,,,1284.0,,,,1269.8,,1274.6,14,4.0,°ãÄ§
430,5,2019-12-20 11:41:00,2019-12-20 13:26:00,296.09999999962747,hold,[''],2019-12-20,ÁÖ°£,[],[],95.0,,0.0,,,,,,,,,,1282.2,,,,1271.0,,1270.52641509434,4,120.0,°ãÄ§
431,5,2019-12-24 08:18:00,2019-12-24 08:57:00,107.80000000074509,hold,[''],2019-12-24,ÁÖ°£,[],[],96.0,,0.0,,,,,,,,,,1269.0,,,,1271.3,,1270.0175,4,4.0,°ãÄ§
432,5,2019-12-24 09:36:00,2019-12-24 09:58:00,60.799999998882406,hold,[''],2019-12-24,ÁÖ°£,[],[],96.0,,0.0,,,,,,,,,,1269.0,,,,1269.8,,1270.0695652173913,4,4.0,°ãÄ§
433,5,2019-12-24 10:34:00,2019-12-24 10:40:00,23.09999999962747,hold,[''],2019-12-24,ÁÖ°£,[],[],96.0,,0.0,,,,,,,,,,1252.6,,,,1281.2,,1265.7714285714287,4,4.0,°ãÄ§
434,5,2019-12-24 11:03:00,2019-12-24 12:58:00,320.6000000014901,hold,[''],2019-12-24,ÁÖ°£,[],[],96.0,,0.0,,,,,,,,,,1284.1,,,,1270.5,,1268.9112068965514,4,4.0,°ãÄ§
435,5,2019-12-25 08:47:00,2019-12-25 09:15:00,73.0,hold,[''],2019-12-25,ÁÖ°£,[],[],97.0,,0.0,,,,,,,,,,1254.1,,,,1249.8,,1250.6758620689654,4,4.0,°ãÄ§
436,5,2019-12-25 09:29:00,2019-12-25 09:51:00,65.5,hold,[''],2019-12-25,ÁÖ°£,[],[],97.0,,0.0,,,,,,,,,,1265.5,,,,1249.8,,1252.0434782608695,4,4.0,°ãÄ§
437,5,2019-12-25 10:14:00,2019-12-25 10:23:00,24.59999999962747,hold,[''],2019-12-25,ÁÖ°£,[],[],97.0,,0.0,,,,,,,,,,1249.5,,,,1250.3,,1250.11,4,4.0,°ãÄ§
438,5,2019-12-25 10:42:00,2019-12-25 10:58:00,52.600000001490116,hold,[''],2019-12-25,ÁÖ°£,[],[],97.0,,0.0,,,,,,,,,,1267.5,,,,1250.9,,1256.364705882353,4,4.0,°ãÄ§
439,5,2019-12-25 11:31:00,2019-12-25 12:58:00,253.5,hold,[''],2019-12-25,ÁÖ°£,[],[],97.0,,0.0,,,,,,,,,,1264.3,,,,1250.7,,1251.1772727272728,4,4.0,°ãÄ§
440,5,2019-12-25 20:22:00,2019-12-26 04:26:00,1798.6999999992554,hold,[''],2019-12-25,¾ß°£,[],[],98.0,,0.0,,,,,,,,,,1195.8,,,,1270.4,,1267.8428865979386,4,4.0,°ãÄ§
441,5,2019-12-26 04:41:00,2019-12-26 04:52:00,35.09999999962747,hold,[''],2019-12-25,¾ß°£,[],[],98.0,,0.0,,,,,,,,,,1274.4,,,,1271.4,,1272.4083333333333,4,4.0,°ãÄ§
442,5,2019-12-26 05:07:00,2019-12-26 05:10:00,12.199999999254944,hold,[''],2019-12-25,¾ß°£,[],[],98.0,,0.0,,,,,,,,,,1279.0,,,,1281.8,,1280.475,4,4.0,°ãÄ§
443,5,2019-12-26 05:38:00,2019-12-26 05:55:00,56.0,hold,[''],2019-12-25,¾ß°£,[],[],98.0,,0.0,,,,,,,,,,1282.1,,,,1271.4,,1271.2888888888888,4,4.0,°ãÄ§
444,5,2019-12-27 02:47:00,2019-12-27 02:54:00,23.09999999962747,hold,[''],2019-12-26,¾ß°£,[],[],99.0,,0.0,,,,,,,,,,1273.7,,,,1272.2,,1273.5500000000004,4,4.0,°ãÄ§
445,5,2019-12-27 03:10:00,2019-12-27 03:20:00,30.199999999254945,hold,"['200204-19180-350', '200204-19180-349', '200204-19180-348', '200204-19180-347', '200204-19180-345', '200204-19180-344']",2019-12-26,¾ß°£,[],[],99.0,,0.0,,,,,,,,,,1274.1,,,,1270.4,,1272.290909090909,14,4.0,°ãÄ§
446,5,2019-12-27 03:31:00,2019-12-27 03:37:00,23.09999999962747,hold,"['200204-19180-350', '200204-19180-349', '200204-19180-348', '200204-19180-347', '200204-19180-344']",2019-12-26,¾ß°£,[],[],99.0,,0.0,,,,,,,,,,1276.8,,,,1274.1,,1275.1,100,120.0,°ãÄ§
447,5,2019-12-27 03:51:00,2019-12-27 04:01:00,39.09999999962747,hold,[''],2019-12-26,¾ß°£,[],[],99.0,,0.0,,,,,,,,,,1278.0,,,,1281.1,,1277.3272727272729,4,100.0,°ãÄ§
448,5,2019-12-27 04:30:00,2019-12-27 06:09:00,264.7999999988824,hold,[''],2019-12-26,¾ß°£,[],[],99.0,,0.0,,,,,,,,,,1269.2,,,,1271.2,,1270.3069999999998,4,4.0,°ãÄ§
449,5,2019-12-27 20:48:00,2019-12-27 21:40:00,145.30000000074506,hold,[''],2019-12-27,¾ß°£,[],[],100.0,,0.0,,,,,,,,,,1285.0,,,,1270.6,,1271.8924528301884,4,4.0,°ãÄ§
450,5,2019-12-27 21:55:00,2019-12-27 22:04:00,28.70000000111759,hold,[''],2019-12-27,¾ß°£,[],[],100.0,,0.0,,,,,,,,,,1273.6,,,,1271.0,,1272.4899999999998,4,4.0,°ãÄ§
451,5,2019-12-27 22:16:00,2019-12-27 22:25:00,32.30000000074506,hold,[''],2019-12-27,¾ß°£,[],[],100.0,,0.0,,,,,,,,,,1280.8,,,,1272.3,,1275.0499999999995,4,4.0,°ãÄ§
452,5,2019-12-27 22:42:00,2019-12-27 22:44:00,9.0,hold,[''],2019-12-27,¾ß°£,[],[],100.0,,0.0,,,,,,,,,,1280.8,,,,1279.3,,1280.3333333333333,4,4.0,°ãÄ§
453,5,2019-12-27 23:09:00,2019-12-27 23:11:00,7.199999999254942,hold,[''],2019-12-27,¾ß°£,[],[],100.0,,0.0,,,,,,,,,,1273.2,,,,1276.4,,1275.2333333333333,4,4.0,°ãÄ§
454,5,2019-12-27 23:34:00,2019-12-27 23:36:00,10.799999998882413,hold,[''],2019-12-27,¾ß°£,[],[],100.0,,0.0,,,,,,,,,,1280.0,,,,1281.6,,1280.8666666666666,4,4.0,°ãÄ§
455,5,2019-12-28 20:49:00,2019-12-28 21:09:00,85.0,hold,"['191224-19226-007', '191224-19226-007', '191224-19226-007', '191224-19226-007', '191224-19226-007', '191224-19226-007', '191224-19226-007', '191224-19226-007']",2019-12-28,¾ß°£,[],[],101.0,,0.0,,,,,,,,,,1281.4,,,,1280.5,,1226.509523809524,18,4.0,°ãÄ§
456,5,2019-12-28 21:46:00,2019-12-28 22:12:00,126.40000000037253,hold,"['191224-19226-007', '191224-19226-007', '191224-19226-007', '191224-19226-007', '191224-19226-007', '191224-19226-007', '191224-19226-007', '191224-19226-007', '191224-19226-007']",2019-12-28,¾ß°£,[],[],101.0,,0.0,,,,,,,,,,1167.5,,,,1269.2,,1192.5925925925928,180,160.0,°ãÄ§
