,가열로 번호,시작시간,종료시간,가스사용량,Type,소재 list,작업일자,주/야간,in,out,cycle,평일/주말,drop_flag,gradient,part_types,temp diff,time diff,가열완료 온도,가열중 마지막 문닫힌 시간,가열중 문열림 횟수,뺄시간,시작온도,실제 시작시간,원래시작점온도,이전 종료시간,종료온도,최종 가열시작 온도,평균온도
0,1,2020-03-02 07:35:00,2020-03-02 10:44:00,708.6999999992549,hold,[''],,,,,0.0,,0.0,,,,,,,,,1254.1,,,,1254.5,,1252.9715789473685
1,1,2020-03-04 07:32:00,2020-03-04 20:11:00,1841.0,hold,[''],2020-03-04,야간,,,1.0,,0.0,,,,,,,,,1258.9,,,,1265.0,,1257.5400657894736
2,1,2020-03-06 02:39:00,2020-03-06 03:41:00,94.7000000001863,hold,[''],2020-03-05,야간,,,2.0,,0.0,,,,,,,,,1282.1,,,,1277.8,,1273.2714285714285
3,1,2020-03-09 08:55:00,2020-03-09 11:27:00,373.5,hold,[''],2020-03-09,야간,,,4.0,,0.0,,,,,,,,,1259.2,,,,1264.0,,1252.9588235294118
4,1,2020-03-10 09:08:00,2020-03-11 02:53:00,2020.7000000001865,hold,[''],2020-03-10,야간,,,5.0,,0.0,,,,,,,,,1253.6,,,,1262.5,,1255.6554409005628
5,1,2020-03-16 10:39:00,2020-03-16 17:53:00,702.6000000005588,hold,[''],2020-03-16,야간,,,6.0,,0.0,,,,,,,,,1257.9,,,,1259.4,,1255.8763218390804
6,1,2020-03-17 14:37:00,2020-03-17 16:06:00,166.80000000074506,hold,[''],2020-03-17,야간,,,7.0,,0.0,,,,,,,,,1263.4,,,,1284.4,,1274.9533333333334
7,1,2020-03-19 21:53:00,2020-03-20 03:47:00,552.7999999998137,hold,[''],2020-03-19,야간,,,8.0,,0.0,,,,,,,,,1265.6,,,,1259.5,,1254.0712676056335
8,1,2020-03-20 11:34:00,2020-03-20 20:21:00,963.5,hold,[''],2020-03-20,야간,,,9.0,,0.0,,,,,,,,,1245.3,,,,1260.6,,1254.0820075757574
9,1,2020-03-23 06:37:00,2020-03-23 09:50:00,700.6000000005588,hold,[''],2020-03-23,야간,,,10.0,,0.0,,,,,,,,,1140.6,,,,1265.6,,1236.792268041237
10,1,2020-03-24 07:32:00,2020-03-24 08:30:00,218.10000000055882,hold,[''],2020-03-24,야간,,,11.0,,0.0,,,,,,,,,1253.5,,,,1264.7,,1246.7881355932204
11,1,2020-03-25 09:49:00,2020-03-25 10:31:00,141.5,hold,[''],2020-03-25,야간,,,12.0,,0.0,,,,,,,,,1256.3,,,,1267.4,,1249.6302325581396
12,1,2020-03-26 08:03:00,2020-03-26 15:23:00,825.5999999996277,hold,[''],2020-03-26,야간,,,13.0,,0.0,,,,,,,,,1262.1,,,,1263.7,,1258.7862811791385
13,1,2020-03-30 05:42:00,2020-03-30 21:05:00,1615.1000000005588,hold,[''],2020-03-30,야간,,,15.0,,0.0,,,,,,,,,1196.2,,,,1264.0,,1236.5505411255413
14,1,2020-03-31 14:27:00,2020-04-01 01:09:00,1078.7999999998137,hold,[''],2020-03-31,야간,,,16.0,,0.0,,,,,,,,,1263.9,,,,1278.0,,1262.8415241057542
15,1,2020-04-01 17:17:00,2020-04-01 21:46:00,577.6000000005588,hold,[''],2020-04-01,야간,,,17.0,,0.0,,,,,,,,,1224.2,,,,1265.0,,1241.2466666666667
16,1,2020-04-06 15:51:00,2020-04-06 21:23:00,811.5999999996277,hold,[''],2020-04-06,주간,,,18.0,,0.0,,,,,,,,,1244.2,,,,1246.8,,1235.6612612612612
17,1,2020-04-15 03:01:00,2020-04-15 06:11:00,308.90000000037253,hold,[''],2020-04-14,야간,,,19.0,,0.0,,,,,,,,,1281.7,,,,1284.2,,1275.0392670157069
18,1,2020-04-15 23:24:00,2020-04-16 00:51:00,123.5,hold,[''],2020-04-15,야간,,,20.0,,0.0,,,,,,,,,1280.4,,,,1283.8,,1280.4613636363636
19,1,2020-04-17 00:12:00,2020-04-17 01:03:00,72.40000000037253,hold,[''],2020-04-16,야간,,,21.0,,0.0,,,,,,,,,1245.6,,,,1235.2,,1239.8326923076922
20,1,2020-04-17 16:51:00,2020-04-17 23:01:00,818.5,hold,[''],2020-04-17,야간,,,22.0,,0.0,,,,,,,,,1281.5,,,,1275.6,,1274.1711590296495
21,1,2020-04-20 12:08:00,2020-04-20 12:56:00,88.0,hold,[''],2020-04-20,주간,,,23.0,,0.0,,,,,,,,,1262.1,,,,1265.6,,1255.7367346938775
22,1,2020-04-21 17:19:00,2020-04-21 20:36:00,501.79999999981385,hold,[''],2020-04-21,야간,,,24.0,,0.0,,,,,,,,,1254.3,,,,1286.5,,1261.877777777778
23,1,2020-04-23 23:04:00,2020-04-24 01:08:00,180.30000000074506,hold,[''],2020-04-23,야간,,,25.0,,0.0,,,,,,,,,1285.2,,,,1282.9,,1274.1592
24,1,2020-04-24 22:16:00,2020-04-24 22:47:00,49.09999999962746,hold,[''],2020-04-24,야간,,,26.0,,0.0,,,,,,,,,1262.1,,,,1285.4,,1272.30625
25,1,2020-04-26 03:45:00,2020-04-26 05:02:00,112.7000000001863,hold,[''],2020-04-25,야간,,,27.0,,0.0,,,,,,,,,1266.9,,,,1282.4,,1274.4551282051282
26,1,2020-04-28 11:38:00,2020-04-28 12:59:00,161.89999999944118,hold,[''],2020-04-28,주간,,,29.0,,0.0,,,,,,,,,1267.8,,,,1286.9,,1276.0146341463415
27,1,2020-04-30 02:50:00,2020-04-30 06:06:00,320.7000000001862,hold,[''],2020-04-29,야간,,,30.0,,0.0,,,,,,,,,1286.1,,,,1286.5,,1274.0598984771573
28,1,2020-04-30 21:37:00,2020-04-30 22:52:00,143.20000000018626,hold,[''],2020-04-30,야간,,,31.0,,0.0,,,,,,,,,1268.2,,,,1286.1,,1274.7565789473686
29,1,2020-05-06 23:27:00,2020-05-07 01:46:00,241.39999999944118,hold,[''],2020-05-06,야간,,,32.0,,0.0,,,,,,,,,1254.8,,,,1267.8,,1260.3714285714286
30,1,2020-05-07 21:51:00,2020-05-08 05:18:00,950.9000000003723,hold,[''],2020-05-08,주간,,,33.0,,0.0,,,,,,,,,1261.5,,,,1287.8,,1277.215625
31,1,2020-05-09 09:47:00,2020-05-09 21:52:00,1490.8999999994412,hold,[''],2020-05-09,야간,,,34.0,,0.0,,,,,,,,,1258.9,,,,1287.2,,1263.5849862258956
32,1,2020-05-12 03:24:00,2020-05-12 05:27:00,282.2999999998138,hold,[''],2020-05-12,주간,,,35.0,,0.0,,,,,,,,,1270.4,,,,1287.7,,1276.2040322580647
33,1,2020-05-13 01:49:00,2020-05-13 03:46:00,285.6000000005588,hold,[''],2020-05-13,주간,,,36.0,,0.0,,,,,,,,,1280.9,,,,1288.3,,1280.072033898305
34,1,2020-05-25 22:49:00,2020-05-25 23:29:00,81.6000000005588,hold,[''],2020-05-25,야간,,,37.0,,0.0,,,,,,,,,1285.5,,,,1288.2,,1277.4560975609754
35,1,2020-05-26 22:11:00,2020-05-26 23:28:00,142.70000000018626,hold,[''],2020-05-26,야간,,,38.0,,0.0,,,,,,,,,1268.4,,,,1287.6,,1274.6833333333334
36,1,2020-05-27 14:52:00,2020-05-27 16:48:00,209.6999999992549,hold,[''],2020-05-27,야간,,,39.0,,0.0,,,,,,,,,1269.8,,,,1267.1,,1257.6649572649574
37,1,2020-05-29 22:03:00,2020-05-29 22:38:00,62.299999999813735,hold,[''],2020-05-29,야간,,,41.0,,0.0,,,,,,,,,1276.6,,,,1287.9,,1278.1611111111113
38,1,2020-06-01 09:32:00,2020-06-01 13:00:00,341.1000000005588,hold,[''],2020-06-01,주간,,,42.0,,0.0,,,,,,,,,1285.5,,,,1281.4,,1274.2
39,1,2020-06-04 09:50:00,2020-06-04 16:55:00,752.8999999994412,hold,[''],2020-06-04,주간,,,43.0,,0.0,,,,,,,,,1287.5,,,,1287.5,,1280.5
40,1,2020-06-05 15:24:00,2020-06-05 18:02:00,261.09999999962747,hold,[''],2020-06-05,주간,,,44.0,,0.0,,,,,,,,,1284.7,,,,1287.7,,1279.3754716981132
41,1,2020-06-08 11:33:00,2020-06-09 02:55:00,1865.8999999994405,hold,[''],2020-06-08,야간,,,45.0,,0.0,,,,,,,,,1262.2,,,,1279.3,,1266.9742145178764
42,1,2020-06-09 17:05:00,2020-06-09 18:37:00,169.39999999944118,hold,[''],2020-06-09,야간,,,46.0,,0.0,,,,,,,,,1262.6,,,,1263.9,,1255.6774193548388
43,1,2020-06-11 20:37:00,2020-06-12 00:38:00,321.59999999962747,hold,[''],2020-06-11,야간,,,48.0,,0.0,,,,,,,,,1263.4,,,,1264.8,,1250.9280991735593
44,1,2020-06-12 08:52:00,2020-06-12 20:25:00,1318.4000000003725,hold,[''],2020-06-12,야간,,,49.0,,0.0,,,,,,,,,1262.5,,,,1266.7,,1261.8406340057636
45,1,2020-06-15 22:12:00,2020-06-16 03:18:00,1169.2000000001865,hold,[''],2020-06-15,야간,,,50.0,,0.0,,,,,,,,,1282.0,,,,1287.4,,1277.5977198697071
46,1,2020-06-17 02:43:00,2020-06-17 04:50:00,207.39999999944118,hold,[''],2020-06-16,야간,,,51.0,,0.0,,,,,,,,,1273.8,,,,1286.4,,1279.109375
47,1,2020-06-23 15:36:00,2020-06-23 20:17:00,340.2999999998138,hold,[''],2020-06-23,야간,,,53.0,,0.0,,,,,,,,,1259.3,,,,1276.3,,1253.4987588652486
48,1,2020-06-24 23:45:00,2020-06-25 01:03:00,91.0,hold,[''],2020-06-24,야간,,,54.0,,0.0,,,,,,,,,1273.3,,,,1273.1,,1272.8113924050633
49,1,2020-07-02 08:39:00,2020-07-02 10:10:00,132.79999999981374,hold,[''],2020-07-02,주간,,,59.0,,0.0,,,,,,,,,1273.2,,,,1273.7,,1273.5380434782608
50,1,2020-07-07 20:29:00,2020-07-08 02:32:00,0.0,hold,[''],2020-07-07,야간,,,60.0,,0.0,,,,,,,,,1275.0,,,,1274.2,,1273.057142857143
51,1,2020-07-10 20:58:00,2020-07-10 21:40:00,69.8999999994412,hold,[''],2020-07-10,야간,,,61.0,,0.0,,,,,,,,,1278.9,,,,1274.5,,1274.3953488372092
52,1,2020-07-13 10:42:00,2020-07-13 11:14:00,38.89999999944121,hold,[''],2020-07-13,주간,,,62.0,,0.0,,,,,,,,,1271.3,,,,1273.6,,1272.8121212121214
53,2,2020-03-02 10:15:00,2020-03-02 10:55:00,132.2999999988824,hold,[''],,,,,0.0,,0.0,,,,,,,,,1282.3,,,,1274.4,,1274.7439024390244
54,2,2020-03-03 23:23:00,2020-03-04 00:58:00,255.5999999996274,hold,[''],2020-03-03,야간,,,1.0,,0.0,,,,,,,,,1291.9,,,,1275.1,,1275.103125
55,2,2020-03-05 07:09:00,2020-03-05 22:39:00,2684.4000000003725,hold,[''],2020-03-05,야간,,,3.0,,0.0,,,,,,,,,1271.2,,,,1274.0,,1256.1940923737916
56,2,2020-03-09 08:49:00,2020-03-09 13:02:00,639.6999999992547,hold,[''],2020-03-09,주간,,,5.0,,0.0,,,,,,,,,1276.5,,,,1273.5,,1272.3322834645676
57,2,2020-03-10 00:31:00,2020-03-10 02:35:00,365.59999999962747,hold,[''],2020-03-10,주간,,,6.0,,0.0,,,,,,,,,1272.1,,,,1251.9,,1254.4616
58,2,2020-03-11 17:16:00,2020-03-11 17:57:00,95.09999999962747,hold,[''],2020-03-11,주간,,,7.0,,0.0,,,,,,,,,1281.5,,,,1274.8,,1273.9738095238095
59,2,2020-03-12 17:20:00,2020-03-12 17:55:00,80.09999999962747,hold,[''],2020-03-12,주간,,,8.0,,0.0,,,,,,,,,1252.7,,,,1255.4,,1252.8111111111114
60,2,2020-03-13 09:46:00,2020-03-13 17:56:00,1111.5999999996277,hold,[''],2020-03-13,주간,,,9.0,,0.0,,,,,,,,,1283.6,,,,1275.3,,1273.486761710794
61,2,2020-03-18 07:05:00,2020-03-18 21:07:00,2892.0999999996275,hold,[''],2020-03-18,야간,,,10.0,,0.0,,,,,,,,,1263.2,,,,1253.0,,1252.9041518386716
62,2,2020-03-19 06:40:00,2020-03-19 21:46:00,2589.0999999996275,hold,[''],2020-03-19,야간,,,11.0,,0.0,,,,,,,,,1255.7,,,,1275.4,,1255.7950385887543
63,2,2020-03-20 09:48:00,2020-03-20 15:34:00,846.1999999992549,hold,[''],2020-03-20,야간,,,12.0,,0.0,,,,,,,,,1220.6,,,,1205.9,,1200.9397694524496
64,2,2020-03-25 11:04:00,2020-03-25 12:59:00,330.40000000037253,hold,[''],2020-03-25,주간,,,13.0,,0.0,,,,,,,,,1277.7,,,,1275.3,,1274.0379310344827
65,2,2020-03-26 11:56:00,2020-03-26 13:06:00,223.30000000074506,hold,[''],2020-03-26,주간,,,14.0,,0.0,,,,,,,,,1284.8,,,,1276.0,,1275.13661971831
66,2,2020-03-26 18:29:00,2020-03-26 21:22:00,582.6999999992547,hold,[''],2020-03-27,주간,,,15.0,,0.0,,,,,,,,,1250.7,,,,1253.4,,1253.5097701149425
67,2,2020-03-30 09:12:00,2020-03-30 10:25:00,234.80000000074506,hold,[''],2020-03-30,야간,,,16.0,,0.0,,,,,,,,,1262.2,,,,1253.2,,1254.3202702702702
68,2,2020-03-31 10:01:00,2020-03-31 20:34:00,1642.3000000007446,hold,[''],2020-03-31,야간,,,17.0,,0.0,,,,,,,,,1253.8,,,,1272.3,,1254.4184542586752
69,2,2020-04-01 07:18:00,2020-04-01 20:09:00,1931.2000000011176,hold,[''],2020-04-01,야간,,,18.0,,0.0,,,,,,,,,1262.8,,,,1274.7,,1252.869235751294
70,2,2020-04-02 23:53:00,2020-04-03 01:12:00,191.0999999996274,hold,[''],2020-04-02,야간,,,19.0,,0.0,,,,,,,,,1281.3,,,,1274.2,,1273.46625
71,2,2020-04-04 21:41:00,2020-04-05 04:35:00,995.2000000011176,hold,[''],2020-04-04,야간,,,20.0,,0.0,,,,,,,,,1275.1,,,,1276.4,,1273.2277108433736
72,2,2020-04-06 15:38:00,2020-04-06 16:42:00,244.7000000011176,hold,[''],2020-04-06,주간,,,21.0,,0.0,,,,,,,,,1263.9,,,,1254.2,,1254.6646153846154
73,2,2020-04-07 04:53:00,2020-04-07 20:18:00,2907.699999999255,hold,[''],2020-04-07,야간,,,22.0,,0.0,,,,,,,,,1255.8,,,,1255.7,,1253.3126349892011
74,2,2020-04-08 07:10:00,2020-04-08 20:13:00,1987.8000000007446,hold,[''],2020-04-08,야간,,,23.0,,0.0,,,,,,,,,1265.9,,,,1254.9,,1253.116198979592
75,2,2020-04-09 15:55:00,2020-04-09 18:31:00,383.0,hold,[''],2020-04-09,야간,,,24.0,,0.0,,,,,,,,,1283.6,,,,1274.0,,1273.896815286624
76,2,2020-04-13 15:06:00,2020-04-13 16:38:00,309.5,hold,[''],2020-04-13,야간,,,25.0,,0.0,,,,,,,,,1268.9,,,,1255.7,,1234.090322580645
77,2,2020-04-15 07:36:00,2020-04-15 20:11:00,2528.3999999985103,hold,[''],2020-04-15,야간,,,27.0,,0.0,,,,,,,,,1267.6,,,,1274.7,,1254.1642195767195
78,2,2020-04-16 20:59:00,2020-04-16 21:38:00,106.5,hold,[''],2020-04-16,야간,,,28.0,,0.0,,,,,,,,,1290.8,,,,1275.1,,1277.2975
79,2,2020-04-17 13:55:00,2020-04-17 15:53:00,610.5999999996276,hold,[''],2020-04-17,야간,,,29.0,,0.0,,,,,,,,,1263.2,,,,1254.5,,1254.1243697478992
80,2,2020-04-20 23:50:00,2020-04-21 01:21:00,268.0,hold,[''],2020-04-20,야간,,,30.0,,0.0,,,,,,,,,1288.9,,,,1275.1,,1273.0293478260871
81,2,2020-04-21 20:53:00,2020-04-21 22:01:00,209.4000000003726,hold,[''],2020-04-21,야간,,,31.0,,0.0,,,,,,,,,1292.6,,,,1275.0,,1275.8173913043474
82,2,2020-04-22 23:36:00,2020-04-23 00:57:00,186.7999999988824,hold,[''],2020-04-22,야간,,,32.0,,0.0,,,,,,,,,1282.1,,,,1274.9,,1273.491463414634
83,2,2020-04-24 20:43:00,2020-04-24 23:37:00,552.6000000014901,hold,[''],2020-04-24,야간,,,33.0,,0.0,,,,,,,,,1188.7,,,,1174.2,,1173.3182857142858
84,2,2020-04-25 07:55:00,2020-04-25 10:01:00,376.5,hold,[''],2020-04-25,주간,,,34.0,,0.0,,,,,,,,,1185.6,,,,1177.3,,1173.6724409448814
85,2,2020-04-27 07:41:00,2020-04-27 09:09:00,246.80000000074506,hold,[''],2020-04-27,주간,,,36.0,,0.0,,,,,,,,,1268.9,,,,1253.7,,1242.0898876404494
86,2,2020-04-28 11:31:00,2020-04-28 14:46:00,658.6999999992547,hold,[''],2020-04-28,주간,,,37.0,,0.0,,,,,,,,,1287.0,,,,1275.4,,1274.17806122449
87,2,2020-04-28 21:37:00,2020-04-29 02:28:00,794.5,hold,[''],2020-04-29,주간,,,38.0,,0.0,,,,,,,,,1270.6,,,,1257.9,,1254.3162671232876
88,2,2020-04-30 11:52:00,2020-04-30 12:59:00,163.69999999925494,hold,[''],2020-04-30,주간,,,39.0,,0.0,,,,,,,,,1290.2,,,,1274.2,,1276.375
89,2,2020-05-06 12:10:00,2020-05-06 13:02:00,140.5,hold,[''],2020-05-06,주간,,,40.0,,0.0,,,,,,,,,1286.7,,,,1274.7,,1274.9716981132076
90,2,2020-05-07 09:53:00,2020-05-07 10:24:00,148.59999999962747,hold,[''],2020-05-07,주간,,,41.0,,0.0,,,,,,,,,1289.7,,,,1279.8,,1279.1875
91,2,2020-05-08 23:38:00,2020-05-09 01:01:00,232.80000000074506,hold,[''],2020-05-08,야간,,,42.0,,0.0,,,,,,,,,1273.4,,,,1276.3,,1273.5654761904766
92,2,2020-05-11 19:43:00,2020-05-11 21:04:00,216.2000000011176,hold,[''],2020-05-11,야간,,,43.0,,0.0,,,,,,,,,1281.4,,,,1275.1,,1275.0597560975611
93,2,2020-05-12 22:46:00,2020-05-13 02:09:00,481.8999999985099,hold,[''],2020-05-12,야간,,,44.0,,0.0,,,,,,,,,1280.3,,,,1276.0,,1274.2352941176468
94,2,2020-05-13 23:35:00,2020-05-14 01:02:00,224.6999999992549,hold,[''],2020-05-13,야간,,,45.0,,0.0,,,,,,,,,1277.5,,,,1276.9,,1275.2818181818182
95,2,2020-05-14 10:40:00,2020-05-14 13:15:00,452.59999999962747,hold,[''],2020-05-14,야간,,,46.0,,0.0,,,,,,,,,1260.5,,,,1255.3,,1254.8653846153845
96,2,2020-05-15 07:50:00,2020-05-15 10:31:00,735.3000000007451,hold,[''],2020-05-15,야간,,,47.0,,0.0,,,,,,,,,1268.0,,,,1272.8,,1256.7540123456795
97,2,2020-05-18 17:12:00,2020-05-18 17:54:00,131.59999999962747,hold,[''],2020-05-18,주간,,,48.0,,0.0,,,,,,,,,1284.8,,,,1275.4,,1274.4604651162792
98,2,2020-05-22 12:01:00,2020-05-22 13:00:00,214.5,hold,[''],2020-05-22,주간,,,49.0,,0.0,,,,,,,,,1261.9,,,,1255.5,,1256.0183333333332
99,2,2020-05-25 16:00:00,2020-05-25 18:46:00,425.09999999962747,hold,[''],2020-05-25,야간,,,50.0,,0.0,,,,,,,,,1261.6,,,,1274.7,,1259.8808383233534
100,2,2020-05-26 23:59:00,2020-05-27 00:52:00,140.7999999988824,hold,[''],2020-05-26,야간,,,51.0,,0.0,,,,,,,,,1294.4,,,,1275.9,,1276.8759259259255
101,2,2020-05-27 14:44:00,2020-05-27 17:52:00,450.4000000003725,hold,[''],2020-05-27,야간,,,52.0,,0.0,,,,,,,,,1262.4,,,,1256.5,,1254.209523809524
102,2,2020-06-01 10:09:00,2020-06-01 10:47:00,105.70000000111759,hold,[''],2020-06-01,주간,,,53.0,,0.0,,,,,,,,,1282.7,,,,1273.7,,1274.325641025641
103,2,2020-06-03 11:45:00,2020-06-03 15:51:00,768.9000000003723,hold,[''],2020-06-03,주간,,,54.0,,0.0,,,,,,,,,1279.7,,,,1276.0,,1274.6947368421052
104,2,2020-06-06 00:08:00,2020-06-06 03:47:00,549.8999999985099,hold,[''],2020-06-05,야간,,,56.0,,0.0,,,,,,,,,1292.6,,,,1274.9,,1273.4645454545453
105,2,2020-06-08 11:00:00,2020-06-08 13:21:00,381.0,hold,[''],2020-06-08,주간,,,57.0,,0.0,,,,,,,,,1284.9,,,,1277.2,,1275.499295774648
106,2,2020-06-09 11:31:00,2020-06-09 12:57:00,242.5,hold,[''],2020-06-09,주간,,,58.0,,0.0,,,,,,,,,1274.2,,,,1256.1,,1255.6908045977013
107,2,2020-06-09 17:56:00,2020-06-10 05:42:00,2162.7000000011176,hold,[''],2020-06-10,주간,,,59.0,,0.0,,,,,,,,,1268.2,,,,1255.5,,1246.1797736916549
108,2,2020-06-11 19:03:00,2020-06-12 04:22:00,1883.1999999992554,hold,[''],2020-06-12,주간,,,60.0,,0.0,,,,,,,,,1268.5,,,,1257.8,,1254.8774107142876
109,2,2020-06-16 08:40:00,2020-06-16 10:20:00,271.40000000037253,hold,[''],2020-06-15,주간,,,61.0,,0.0,,,,,,,,,1276.2,,,,1276.0,,1275.4049504950494
110,2,2020-06-18 08:48:00,2020-06-18 09:24:00,98.39999999850988,hold,[''],2020-06-18,주간,,,62.0,,0.0,,,,,,,,,1274.1,,,,1254.9,,1257.2567567567567
111,2,2020-06-18 23:39:00,2020-06-19 02:47:00,476.6999999992548,hold,[''],2020-06-19,주간,,,63.0,,0.0,,,,,,,,,1276.2,,,,1256.6,,1254.3767195767198
112,2,2020-06-22 09:02:00,2020-06-22 09:41:00,115.89999999850988,hold,[''],2020-06-22,주간,,,64.0,,0.0,,,,,,,,,1279.5,,,,1274.9,,1274.4824999999996
113,2,2020-06-24 10:39:00,2020-06-24 14:34:00,573.4000000003724,hold,[''],2020-06-24,주간,,,66.0,,0.0,,,,,,,,,1277.7,,,,1277.7,,1273.8360169491525
114,2,2020-06-26 10:06:00,2020-06-26 20:42:00,1983.9000000003725,hold,[''],2020-06-26,야간,,,67.0,,0.0,,,,,,,,,1251.6,,,,1275.5,,1258.3125588697014
115,2,2020-06-29 09:22:00,2020-06-29 18:09:00,1580.3999999985099,hold,[''],2020-06-29,야간,,,68.0,,0.0,,,,,,,,,1258.8,,,,1254.7,,1253.3083333333334
116,2,2020-07-01 04:35:00,2020-07-01 13:20:00,2319.6000000014897,hold,[''],2020-07-01,야간,,,69.0,,0.0,,,,,,,,,1259.0,,,,1256.1,,1254.447433460076
117,2,2020-07-02 11:19:00,2020-07-02 20:34:00,1598.6999999992554,hold,[''],2020-07-02,야간,,,70.0,,0.0,,,,,,,,,1269.1,,,,1275.4,,1255.024460431655
118,2,2020-07-07 17:00:00,2020-07-07 17:58:00,139.7000000011176,hold,[''],2020-07-07,주간,,,71.0,,0.0,,,,,,,,,1273.1,,,,1275.4,,1274.0762711864404
119,2,2020-07-09 17:04:00,2020-07-09 17:55:00,154.69999999925494,hold,[''],2020-07-09,주간,,,73.0,,0.0,,,,,,,,,1287.8,,,,1275.6,,1277.2673076923074
120,2,2020-07-10 12:00:00,2020-07-10 13:10:00,187.6999999992549,hold,[''],2020-07-10,주간,,,74.0,,0.0,,,,,,,,,1290.4,,,,1277.6,,1276.3450704225356
121,2,2020-07-13 15:24:00,2020-07-13 16:02:00,123.59999999962747,hold,[''],2020-07-13,야간,,,75.0,,0.0,,,,,,,,,1268.4,,,,1257.4,,1256.5871794871796
122,3,2020-03-02 11:25:00,2020-03-02 14:32:00,937.0999999996277,hold,[''],,,,,0.0,,0.0,,,,,,,,,1238.0,,,,1247.2,,1240.759574468085
123,3,2020-03-03 15:18:00,2020-03-03 20:13:00,743.5999999996277,hold,[''],2020-03-03,야간,,,1.0,,0.0,,,,,,,,,1248.2,,,,1248.3,,1247.97027027027
124,3,2020-03-10 11:23:00,2020-03-10 13:00:00,296.79999999888236,hold,[''],2020-03-10,주간,,,5.0,,0.0,,,,,,,,,1272.0,,,,1267.2,,1268.781632653061
125,3,2020-03-11 11:42:00,2020-03-11 13:00:00,242.6999999992549,hold,[''],2020-03-11,주간,,,6.0,,0.0,,,,,,,,,1272.0,,,,1268.6,,1268.7949367088609
126,3,2020-03-11 19:49:00,2020-03-12 08:57:00,2641.2000000011176,hold,[''],2020-03-12,주간,,,7.0,,0.0,,,,,,,,,1254.1,,,,1266.2,,1250.942712294043
127,3,2020-03-16 10:33:00,2020-03-16 12:56:00,499.0,hold,[''],2020-03-16,야간,,,9.0,,0.0,,,,,,,,,1273.1,,,,1267.7,,1265.4534722222222
128,3,2020-03-18 03:59:00,2020-03-18 23:39:00,4002.900000000373,hold,[''],2020-03-18,야간,,,11.0,,0.0,,,,,,,,,1251.0,,,,1268.6,,1251.3408128704489
129,3,2020-03-19 11:41:00,2020-03-19 14:32:00,1141.5,hold,[''],2020-03-20,주간,,,12.0,,0.0,,,,,,,,,1248.8,,,,1253.2,,1251.572093023256
130,3,2020-03-23 11:15:00,2020-03-23 12:59:00,0.0,hold,[''],2020-03-23,주간,,,13.0,,0.0,,,,,,,,,1250.0,,,,1250.9,,1248.9476190476196
131,3,2020-03-23 21:11:00,2020-03-23 23:30:00,592.5,hold,[''],2020-03-24,주간,,,14.0,,0.0,,,,,,,,,1251.8,,,,1252.7,,1249.437857142857
132,3,2020-03-25 15:46:00,2020-03-25 16:48:00,206.5,hold,[''],2020-03-25,주간,,,15.0,,0.0,,,,,,,,,1274.9,,,,1272.5,,1271.3968253968253
133,3,2020-03-27 03:02:00,2020-03-27 05:08:00,566.7000000011176,hold,[''],2020-03-27,주간,,,17.0,,0.0,,,,,,,,,1258.5,,,,1258.3,,1254.9110236220474
134,3,2020-03-30 08:18:00,2020-03-30 10:55:00,574.8000000007453,hold,[''],2020-03-30,주간,,,18.0,,0.0,,,,,,,,,1247.1,,,,1251.2,,1248.5974683544302
135,3,2020-03-30 16:37:00,2020-03-31 09:03:00,4105.699999999255,hold,[''],2020-03-31,주간,,,19.0,,0.0,,,,,,,,,1249.2,,,,1272.1,,1265.9417426545085
136,3,2020-03-31 17:34:00,2020-03-31 19:20:00,692.0999999996277,hold,[''],2020-04-01,주간,,,20.0,,0.0,,,,,,,,,1248.6,,,,1251.9,,1252.4252336448599
137,3,2020-04-03 17:13:00,2020-04-03 17:55:00,161.30000000074506,hold,[''],2020-04-03,주간,,,22.0,,0.0,,,,,,,,,1259.5,,,,1256.2,,1254.513953488372
138,3,2020-04-03 22:49:00,2020-04-04 13:36:00,3238.0,hold,[''],2020-04-04,주간,,,23.0,,0.0,,,,,,,,,1250.5,,,,1252.5,,1250.257882882883
139,3,2020-04-06 21:05:00,2020-04-06 22:03:00,524.0999999996276,hold,[''],2020-04-07,주간,,,24.0,,0.0,,,,,,,,,1241.1,,,,1244.8,,1242.028813559322
140,3,2020-04-08 11:21:00,2020-04-08 12:55:00,290.70000000111764,hold,[''],2020-04-08,주간,,,25.0,,0.0,,,,,,,,,1276.0,,,,1269.7,,1269.9136842105265
141,3,2020-04-09 10:31:00,2020-04-09 15:05:00,718.7000000011176,hold,[''],2020-04-09,주간,,,26.0,,0.0,,,,,,,,,1249.7,,,,1250.8,,1249.2178181818185
142,3,2020-04-10 05:22:00,2020-04-10 11:16:00,1108.1999999992552,hold,[''],2020-04-10,주간,,,27.0,,0.0,,,,,,,,,1169.5,,,,1249.2,,1219.1326760563381
143,3,2020-04-14 11:39:00,2020-04-14 14:53:00,500.3000000007452,hold,[''],2020-04-14,주간,,,29.0,,0.0,,,,,,,,,1255.6,,,,1251.4,,1249.4830769230769
144,3,2020-04-15 17:23:00,2020-04-15 17:56:00,110.0,hold,[''],2020-04-15,주간,,,30.0,,0.0,,,,,,,,,1274.4,,,,1279.8,,1273.7470588235294
145,3,2020-04-16 17:02:00,2020-04-16 17:59:00,164.69999999925494,hold,[''],2020-04-16,주간,,,31.0,,0.0,,,,,,,,,1249.0,,,,1250.2,,1251.4241379310342
146,3,2020-04-17 10:05:00,2020-04-17 13:02:00,523.1999999992548,hold,[''],2020-04-17,주간,,,32.0,,0.0,,,,,,,,,1252.1,,,,1251.1,,1249.1474719101125
147,3,2020-04-20 08:48:00,2020-04-20 09:36:00,167.5,hold,[''],2020-04-20,주간,,,33.0,,0.0,,,,,,,,,1274.5,,,,1266.9,,1266.6816326530611
148,3,2020-04-20 21:17:00,2020-04-21 08:31:00,2556.699999999255,hold,[''],2020-04-21,주간,,,34.0,,0.0,,,,,,,,,1222.4,,,,1276.0,,1246.8668148148147
149,3,2020-04-21 20:54:00,2020-04-22 06:24:00,1791.2000000011176,hold,[''],2020-04-22,주간,,,35.0,,0.0,,,,,,,,,1251.4,,,,1249.6,,1250.2901926444836
150,3,2020-04-23 17:19:00,2020-04-23 17:51:00,103.19999999925491,hold,[''],2020-04-23,주간,,,36.0,,0.0,,,,,,,,,1266.6,,,,1279.7,,1274.0272727272725
151,3,2020-04-24 03:45:00,2020-04-24 08:35:00,801.4000000003723,hold,[''],2020-04-24,주간,,,37.0,,0.0,,,,,,,,,1254.9,,,,1270.1,,1251.4979381443302
152,3,2020-04-24 21:46:00,2020-04-25 01:28:00,637.0999999996276,hold,[''],2020-04-25,주간,,,38.0,,0.0,,,,,,,,,1267.6,,,,1270.0,,1269.6381165919286
153,3,2020-04-29 09:52:00,2020-04-29 17:57:00,1483.0,hold,[''],2020-04-29,주간,,,41.0,,0.0,,,,,,,,,1242.8,,,,1250.7,,1248.6072016460905
154,3,2020-04-30 23:26:00,2020-05-01 02:45:00,512.0,hold,[''],2020-04-30,야간,,,43.0,,0.0,,,,,,,,,1270.2,,,,1270.2,,1268.8765
155,3,2020-05-06 22:06:00,2020-05-07 02:50:00,838.5999999996277,hold,[''],2020-05-06,야간,,,44.0,,0.0,,,,,,,,,1276.7,,,,1269.9,,1267.741754385965
156,3,2020-05-07 22:34:00,2020-05-08 03:39:00,862.0999999996277,hold,[''],2020-05-07,야간,,,45.0,,0.0,,,,,,,,,1276.8,,,,1269.9,,1268.8330065359478
157,3,2020-05-08 22:56:00,2020-05-09 04:19:00,1153.7999999988824,hold,[''],2020-05-09,주간,,,46.0,,0.0,,,,,,,,,1252.3,,,,1269.7,,1254.0975308641976
158,3,2020-05-12 23:43:00,2020-05-13 00:53:00,205.80000000074506,hold,[''],2020-05-12,야간,,,47.0,,0.0,,,,,,,,,1277.2,,,,1270.1,,1271.261971830986
159,3,2020-05-13 14:57:00,2020-05-13 16:51:00,332.29999999888236,hold,[''],2020-05-13,야간,,,48.0,,0.0,,,,,,,,,1258.6,,,,1270.3,,1260.220869565217
160,3,2020-05-14 10:53:00,2020-05-14 13:40:00,431.3000000007452,hold,[''],2020-05-14,야간,,,49.0,,0.0,,,,,,,,,1262.4,,,,1251.8,,1250.9827380952381
161,3,2020-05-15 22:18:00,2020-05-16 01:49:00,623.0,hold,[''],2020-05-15,야간,,,50.0,,0.0,,,,,,,,,1271.3,,,,1270.0,,1268.7202830188678
162,3,2020-05-18 12:04:00,2020-05-18 12:56:00,161.59999999962747,hold,[''],2020-05-18,주간,,,51.0,,0.0,,,,,,,,,1273.0,,,,1268.6,,1269.581132075472
163,3,2020-05-18 19:28:00,2020-05-18 23:24:00,1016.4000000003723,hold,[''],2020-05-19,주간,,,52.0,,0.0,,,,,,,,,1255.2,,,,1249.4,,1249.3738396624472
164,3,2020-05-20 16:36:00,2020-05-20 17:57:00,263.09999999962747,hold,[''],2020-05-20,주간,,,53.0,,0.0,,,,,,,,,1276.9,,,,1270.9,,1271.1975609756098
165,3,2020-05-21 14:25:00,2020-05-21 15:05:00,118.40000000037253,hold,[''],2020-05-21,주간,,,54.0,,0.0,,,,,,,,,1274.7,,,,1270.7,,1272.3878048780487
166,3,2020-05-22 17:23:00,2020-05-22 17:58:00,98.10000000149012,hold,[''],2020-05-22,주간,,,55.0,,0.0,,,,,,,,,1271.0,,,,1271.0,,1271.3805555555555
167,3,2020-05-25 11:49:00,2020-05-25 15:26:00,561.8000000007452,hold,[''],2020-05-25,주간,,,56.0,,0.0,,,,,,,,,1271.1,,,,1268.7,,1268.5160550458713
168,3,2020-05-25 23:28:00,2020-05-26 06:32:00,1136.2999999988824,hold,[''],2020-05-26,주간,,,57.0,,0.0,,,,,,,,,1256.4,,,,1268.8,,1264.3567058823528
169,3,2020-05-27 11:34:00,2020-05-27 12:59:00,221.7000000011176,hold,[''],2020-05-27,주간,,,58.0,,0.0,,,,,,,,,1273.6,,,,1270.4,,1272.1476744186045
170,3,2020-06-01 14:28:00,2020-06-01 20:52:00,1232.9000000003725,hold,[''],2020-06-01,야간,,,60.0,,0.0,,,,,,,,,1248.5,,,,1267.1,,1250.8644155844154
171,3,2020-06-02 22:16:00,2020-06-03 01:53:00,592.8000000007453,hold,[''],2020-06-02,야간,,,61.0,,0.0,,,,,,,,,1281.2,,,,1269.8,,1269.4692660550459
172,3,2020-06-04 02:31:00,2020-06-04 03:04:00,89.40000000037253,hold,[''],2020-06-03,야간,,,62.0,,0.0,,,,,,,,,1277.8,,,,1269.8,,1270.4
173,3,2020-06-04 23:54:00,2020-06-05 01:45:00,292.79999999888236,hold,[''],2020-06-04,야간,,,63.0,,0.0,,,,,,,,,1279.2,,,,1270.5,,1270.7196428571428
174,3,2020-06-05 06:50:00,2020-06-05 08:54:00,336.09999999962747,hold,[''],2020-06-05,주간,,,64.0,,0.0,,,,,,,,,1211.0,,,,1201.3,,1200.8799999999997
175,3,2020-06-08 10:52:00,2020-06-08 15:30:00,792.8000000007451,hold,[''],2020-06-08,주간,,,65.0,,0.0,,,,,,,,,1274.0,,,,1267.2,,1267.3906810035842
176,3,2020-06-10 03:18:00,2020-06-10 14:50:00,1913.0999999996275,hold,[''],2020-06-10,주간,,,67.0,,0.0,,,,,,,,,1252.3,,,,1268.7,,1261.7683982683984
177,3,2020-06-11 17:14:00,2020-06-11 17:55:00,105.30000000074509,hold,[''],2020-06-11,주간,,,68.0,,0.0,,,,,,,,,1276.1,,,,1269.6,,1269.5928571428572
178,3,2020-06-12 04:23:00,2020-06-12 05:47:00,225.9000000003726,hold,[''],2020-06-12,주간,,,69.0,,0.0,,,,,,,,,1255.1,,,,1249.8,,1249.5741176470588
179,3,2020-06-15 22:08:00,2020-06-15 22:39:00,97.0,hold,[''],2020-06-15,야간,,,70.0,,0.0,,,,,,,,,1269.8,,,,1275.6,,1271.103125
180,3,2020-06-16 15:42:00,2020-06-16 16:37:00,162.39999999850988,hold,[''],2020-06-16,야간,,,71.0,,0.0,,,,,,,,,1255.9,,,,1250.3,,1249.7714285714287
181,3,2020-06-17 03:30:00,2020-06-17 21:12:00,3249.7000000011176,hold,[''],2020-06-17,야간,,,72.0,,0.0,,,,,,,,,1253.9,,,,1249.8,,1249.5442144873
182,3,2020-06-18 04:23:00,2020-06-18 22:49:00,3662.099999999629,hold,[''],2020-06-18,야간,,,73.0,,0.0,,,,,,,,,1239.6,,,,1249.4,,1249.425925925926
183,3,2020-06-19 23:46:00,2020-06-20 01:34:00,315.80000000074506,hold,[''],2020-06-19,야간,,,74.0,,0.0,,,,,,,,,1276.8,,,,1271.3,,1272.1834862385322
184,3,2020-06-22 19:19:00,2020-06-23 20:45:00,3846.799999998881,hold,[''],2020-06-23,야간,,,76.0,,0.0,,,,,,,,,1273.6,,,,1269.5,,1255.1379174852652
185,3,2020-06-24 23:35:00,2020-06-25 01:37:00,410.5,hold,[''],2020-06-24,야간,,,77.0,,0.0,,,,,,,,,1271.2,,,,1270.6,,1268.926016260163
186,3,2020-06-25 20:34:00,2020-06-25 21:07:00,97.5,hold,[''],2020-06-25,야간,,,78.0,,0.0,,,,,,,,,1277.0,,,,1270.9,,1270.1
187,3,2020-06-26 23:18:00,2020-06-27 02:18:00,486.9000000003725,hold,[''],2020-06-26,야간,,,79.0,,0.0,,,,,,,,,1276.3,,,,1270.3,,1269.135359116022
188,3,2020-07-01 23:46:00,2020-07-02 01:27:00,299.0,hold,[''],2020-07-01,야간,,,81.0,,0.0,,,,,,,,,1252.0,,,,1260.6,,1252.9352941176473
189,3,2020-07-02 23:50:00,2020-07-03 01:36:00,299.59999999962747,hold,[''],2020-07-03,야간,,,82.0,,0.0,,,,,,,,,1276.0,,,,1270.2,,1268.563551401869
190,3,2020-07-07 11:53:00,2020-07-07 13:02:00,227.0999999996274,hold,[''],2020-07-07,주간,,,83.0,,0.0,,,,,,,,,1251.7,,,,1248.1,,1246.6757142857148
191,3,2020-07-08 10:55:00,2020-07-08 12:58:00,318.40000000037253,hold,[''],2020-07-08,주간,,,84.0,,0.0,,,,,,,,,1249.3,,,,1249.3,,1250.0951612903225
192,3,2020-07-09 01:47:00,2020-07-09 02:39:00,167.5,hold,[''],2020-07-09,주간,,,85.0,,0.0,,,,,,,,,1258.9,,,,1251.2,,1255.0924528301887
193,3,2020-07-10 11:45:00,2020-07-10 13:00:00,214.5,hold,[''],2020-07-10,주간,,,86.0,,0.0,,,,,,,,,1274.8,,,,1269.8,,1269.4039473684206
194,3,2020-07-13 16:50:00,2020-07-13 21:57:00,912.2999999988824,hold,[''],2020-07-13,야간,,,87.0,,0.0,,,,,,,,,1273.8,,,,1268.4,,1265.8487012987014
195,4,2020-03-02 16:49:00,2020-03-02 19:52:00,1794.1999999992554,hold,[''],2020-03-03,주간,,,0.0,,0.0,,,,,,,,,825.8,,,,1261.2,,1185.0157608695654
196,4,2020-03-04 11:34:00,2020-03-04 13:08:00,278.59999999962747,hold,[''],2020-03-04,주간,,,1.0,,0.0,,,,,,,,,1282.1,,,,1273.2,,1272.0810526315786
197,4,2020-03-04 16:29:00,2020-03-04 20:25:00,1009.7000000011176,hold,[''],2020-03-05,주간,,,2.0,,0.0,,,,,,,,,1257.3,,,,1251.3,,1251.8426160337551
198,4,2020-03-06 11:54:00,2020-03-06 13:18:00,206.0,hold,[''],2020-03-06,주간,,,3.0,,0.0,,,,,,,,,1253.9,,,,1253.2,,1251.4388235294118
199,4,2020-03-10 00:27:00,2020-03-10 01:36:00,211.5,hold,[''],2020-03-10,야간,,,5.0,,0.0,,,,,,,,,1259.8,,,,1252.5,,1251.3114285714285
200,4,2020-03-11 04:23:00,2020-03-11 14:39:00,2046.8000000007446,hold,[''],2020-03-11,야간,,,6.0,,0.0,,,,,,,,,1251.3,,,,1253.7,,1251.4076175040518
201,4,2020-03-13 23:54:00,2020-03-14 01:37:00,231.5,hold,[''],2020-03-13,야간,,,8.0,,0.0,,,,,,,,,1277.6,,,,1273.6,,1271.4701923076925
202,4,2020-03-16 17:12:00,2020-03-17 08:16:00,2528.800000000745,hold,[''],2020-03-17,주간,,,10.0,,0.0,,,,,,,,,1255.6,,,,1253.7,,1251.20408839779
203,4,2020-03-17 15:48:00,2020-03-18 08:34:00,2713.5,hold,[''],2020-03-18,주간,,,11.0,,0.0,,,,,,,,,1259.4,,,,1253.0,,1251.387487586892
204,4,2020-03-19 11:25:00,2020-03-19 12:54:00,209.5,hold,[''],2020-03-19,주간,,,12.0,,0.0,,,,,,,,,1275.0,,,,1273.3,,1271.97
205,4,2020-03-20 11:54:00,2020-03-20 13:00:00,150.2000000011176,hold,[''],2020-03-20,주간,,,13.0,,0.0,,,,,,,,,1251.2,,,,1253.7,,1251.6776119402987
206,4,2020-03-23 23:28:00,2020-03-24 01:25:00,290.90000000037253,hold,[''],2020-03-23,야간,,,14.0,,0.0,,,,,,,,,1250.4,,,,1249.5,,1251.0788135593225
207,4,2020-03-25 04:17:00,2020-03-25 23:29:00,3126.199999999255,hold,[''],2020-03-25,야간,,,16.0,,0.0,,,,,,,,,1252.1,,,,1255.1,,1251.1478751084128
208,4,2020-03-26 22:32:00,2020-03-27 00:14:00,223.6000000014901,hold,[''],2020-03-26,야간,,,17.0,,0.0,,,,,,,,,1278.3,,,,1273.5,,1271.909708737864
209,4,2020-03-27 20:37:00,2020-03-28 00:40:00,534.5,hold,[''],2020-03-27,야간,,,18.0,,0.0,,,,,,,,,1279.0,,,,1272.5,,1270.8676229508196
210,4,2020-03-31 23:16:00,2020-04-01 10:01:00,1619.1999999992554,hold,[''],2020-04-01,주간,,,21.0,,0.0,,,,,,,,,1252.3,,,,1273.1,,1263.1636222910215
211,4,2020-04-02 22:41:00,2020-04-02 23:18:00,120.09999999962747,hold,[''],2020-04-03,주간,,,23.0,,0.0,,,,,,,,,1264.4,,,,1256.0,,1252.5184210526313
212,4,2020-04-04 10:01:00,2020-04-04 10:33:00,77.29999999888241,hold,[''],2020-04-04,주간,,,24.0,,0.0,,,,,,,,,1274.3,,,,1274.5,,1272.2757575757576
213,4,2020-04-07 10:10:00,2020-04-07 21:55:00,1795.8000000007446,hold,[''],2020-04-07,야간,,,26.0,,0.0,,,,,,,,,1256.3,,,,1272.4,,1256.7220963172804
214,4,2020-04-09 03:19:00,2020-04-09 03:50:00,81.0,hold,[''],2020-04-08,야간,,,27.0,,0.0,,,,,,,,,1276.5,,,,1272.9,,1270.075
215,4,2020-04-09 23:52:00,2020-04-10 01:03:00,174.4000000003726,hold,[''],2020-04-09,야간,,,28.0,,0.0,,,,,,,,,1267.4,,,,1271.6,,1270.7194444444444
216,4,2020-04-15 11:35:00,2020-04-15 12:59:00,201.0999999996274,hold,[''],2020-04-15,주간,,,31.0,,0.0,,,,,,,,,1254.8,,,,1252.3,,1251.42
217,4,2020-04-15 23:57:00,2020-04-16 02:50:00,532.9000000003724,hold,[''],2020-04-16,주간,,,32.0,,0.0,,,,,,,,,1258.0,,,,1254.1,,1251.6482758620689
218,4,2020-04-16 17:29:00,2020-04-16 18:03:00,319.20000000111764,hold,[''],2020-04-17,주간,,,33.0,,0.0,,,,,,,,,1252.8,,,,1255.1,,1253.2057142857145
219,4,2020-04-20 13:53:00,2020-04-20 19:05:00,829.1000000014903,hold,[''],2020-04-20,야간,,,34.0,,0.0,,,,,,,,,1252.8,,,,1254.0,,1251.6453674121406
220,4,2020-04-21 11:12:00,2020-04-21 13:02:00,374.3999999985099,hold,[''],2020-04-21,야간,,,35.0,,0.0,,,,,,,,,1255.3,,,,1272.9,,1259.4855855855856
221,4,2020-04-24 06:15:00,2020-04-24 20:21:00,2436.6000000014897,hold,[''],2020-04-24,야간,,,36.0,,0.0,,,,,,,,,1258.7,,,,1274.0,,1265.3334120425031
222,4,2020-04-25 20:30:00,2020-04-25 21:42:00,197.0,hold,[''],2020-04-25,야간,,,37.0,,0.0,,,,,,,,,1290.7,,,,1273.6,,1262.509589041096
223,4,2020-04-27 09:52:00,2020-04-28 05:30:00,3148.0999999996275,hold,[''],2020-04-27,주간,,,38.0,,0.0,,,,,,,,,1258.5,,,,1273.0,,1260.7245122985582
224,4,2020-04-28 11:51:00,2020-04-28 15:26:00,508.5,hold,[''],2020-04-28,야간,,,39.0,,0.0,,,,,,,,,1252.6,,,,1253.7,,1251.8393518518515
225,4,2020-04-29 02:18:00,2020-04-29 02:51:00,108.0,hold,[''],2020-04-29,주간,,,40.0,,0.0,,,,,,,,,1278.0,,,,1273.2,,1257.6823529411765
226,4,2020-05-06 16:55:00,2020-05-06 18:05:00,176.30000000074506,hold,[''],2020-05-06,주간,,,41.0,,0.0,,,,,,,,,1271.5,,,,1273.8,,1271.425352112676
227,4,2020-05-06 21:59:00,2020-05-07 09:26:00,1794.5,hold,[''],2020-05-07,주간,,,42.0,,0.0,,,,,,,,,1252.6,,,,1275.7,,1254.261918604651
228,4,2020-05-07 20:55:00,2020-05-08 08:23:00,1818.10000000149,hold,[''],2020-05-08,주간,,,43.0,,0.0,,,,,,,,,1251.2,,,,1274.4,,1252.5027576197385
229,4,2020-05-11 11:57:00,2020-05-11 13:10:00,202.80000000074506,hold,[''],2020-05-11,주간,,,45.0,,0.0,,,,,,,,,1279.0,,,,1275.6,,1273.289189189189
230,4,2020-05-12 06:26:00,2020-05-12 10:13:00,583.4000000003724,hold,[''],2020-05-12,주간,,,46.0,,0.0,,,,,,,,,1271.0,,,,1275.4,,1271.5631578947364
231,4,2020-05-13 11:00:00,2020-05-13 14:54:00,553.6000000014901,hold,[''],2020-05-13,주간,,,47.0,,0.0,,,,,,,,,1259.6,,,,1253.9,,1252.236808510641
232,4,2020-05-14 06:44:00,2020-05-14 09:33:00,556.9000000003724,hold,[''],2020-05-14,주간,,,48.0,,0.0,,,,,,,,,1274.1,,,,1271.3,,1271.3341176470587
233,4,2020-05-15 13:55:00,2020-05-15 15:40:00,258.59999999962747,hold,[''],2020-05-15,주간,,,49.0,,0.0,,,,,,,,,1274.9,,,,1273.5,,1272.4358490566035
234,4,2020-05-18 23:27:00,2020-05-19 01:38:00,339.1000000014901,hold,[''],2020-05-18,야간,,,50.0,,0.0,,,,,,,,,1268.8,,,,1274.2,,1271.659090909091
235,4,2020-05-21 03:49:00,2020-05-21 06:07:00,328.19999999925494,hold,[''],2020-05-19,야간,,,51.0,,0.0,,,,,,,,,1279.4,,,,1273.3,,1271.5122302158275
236,4,2020-05-22 21:51:00,2020-05-23 01:59:00,675.7999999988824,hold,[''],2020-05-21,야간,,,52.0,,0.0,,,,,,,,,1280.7,,,,1276.0,,1271.6991967871484
237,4,2020-05-25 17:30:00,2020-05-25 19:04:00,642.7999999988824,hold,[''],2020-05-26,주간,,,53.0,,0.0,,,,,,,,,1259.8,,,,1253.6,,1252.3757894736839
238,4,2020-05-27 09:41:00,2020-05-27 13:50:00,571.8000000007453,hold,[''],2020-05-27,주간,,,54.0,,0.0,,,,,,,,,1283.9,,,,1276.4,,1272.2068000000004
239,4,2020-05-28 01:37:00,2020-05-28 08:27:00,913.4000000003723,hold,[''],2020-05-28,주간,,,55.0,,0.0,,,,,,,,,1262.5,,,,1273.0,,1257.7975669099758
240,4,2020-05-29 11:15:00,2020-05-29 13:05:00,282.70000000111764,hold,[''],2020-05-29,주간,,,56.0,,0.0,,,,,,,,,1274.8,,,,1273.4,,1272.0072072072066
241,4,2020-06-01 23:10:00,2020-06-02 03:00:00,990.5,hold,[''],2020-06-02,주간,,,57.0,,0.0,,,,,,,,,1259.8,,,,1252.8,,1252.407792207792
242,4,2020-06-03 02:35:00,2020-06-03 05:44:00,554.7000000011176,hold,[''],2020-06-03,주간,,,58.0,,0.0,,,,,,,,,1274.8,,,,1273.5,,1271.6052631578948
243,4,2020-06-04 11:15:00,2020-06-04 12:54:00,245.5999999996274,hold,[''],2020-06-04,주간,,,59.0,,0.0,,,,,,,,,1272.2,,,,1273.6,,1272.097
244,4,2020-06-04 19:37:00,2020-06-05 19:13:00,3645.900000000373,hold,[''],2020-06-05,주간,,,60.0,,0.0,,,,,,,,,1261.0,,,,1274.0,,1256.7802399435427
245,4,2020-06-25 23:46:00,2020-06-26 02:08:00,354.0999999996275,hold,[''],2020-06-25,야간,,,61.0,,0.0,,,,,,,,,1259.8,,,,1256.0,,1252.1048951048954
246,4,2020-06-29 10:12:00,2020-06-29 13:11:00,408.3999999985099,hold,[''],2020-06-29,주간,,,62.0,,0.0,,,,,,,,,1253.6,,,,1255.8,,1252.2088888888886
247,4,2020-07-01 13:22:00,2020-07-01 18:03:00,618.6999999992547,hold,[''],2020-06-30,주간,,,63.0,,0.0,,,,,,,,,1260.8,,,,1255.9,,1251.9418439716312
248,4,2020-07-02 19:00:00,2020-07-03 09:47:00,2471.2999999988824,hold,[''],2020-07-03,주간,,,64.0,,0.0,,,,,,,,,1253.8,,,,1279.2,,1251.8013513513515
249,4,2020-07-07 23:44:00,2020-07-08 00:51:00,168.0,hold,[''],2020-07-07,야간,,,65.0,,0.0,,,,,,,,,1274.4,,,,1274.9,,1271.2823529411764
250,4,2020-07-08 07:28:00,2020-07-09 01:07:00,2779.699999999255,hold,[''],2020-07-08,야간,,,66.0,,0.0,,,,,,,,,1259.4,,,,1273.7,,1257.8412735849056
251,4,2020-07-09 14:41:00,2020-07-09 20:13:00,731.0,hold,[''],2020-07-09,야간,,,67.0,,0.0,,,,,,,,,1251.4,,,,1274.9,,1252.589189189189
252,4,2020-07-13 14:51:00,2020-07-13 15:35:00,103.0,hold,[''],2020-07-13,주간,,,69.0,,0.0,,,,,,,,,1270.3,,,,1272.7,,1271.7666666666667
253,4,2020-07-14 02:06:00,2020-07-14 05:57:00,585.3999999985099,hold,[''],2020-07-14,주간,,,70.0,,0.0,,,,,,,,,1249.0,,,,1254.8,,1251.4659482758625
254,5,2020-03-03 09:41:00,2020-03-03 14:45:00,694.6000000014903,hold,[''],2020-03-03,주간,,,1.0,,0.0,,,,,,,,,1250.4,,,,1251.9,,1250.5145901639344
255,5,2020-03-04 11:29:00,2020-03-04 14:50:00,517.9000000003724,hold,[''],2020-03-04,주간,,,2.0,,0.0,,,,,,,,,1253.7,,,,1270.4,,1258.527722772277
256,5,2020-03-05 10:42:00,2020-03-05 16:04:00,843.0,hold,[''],2020-03-05,주간,,,3.0,,0.0,,,,,,,,,1244.5,,,,1271.3,,1253.993188854489
257,5,2020-03-12 16:43:00,2020-03-12 23:18:00,1130.5,hold,[''],2020-03-12,야간,,,5.0,,0.0,,,,,,,,,1261.0,,,,1250.7,,1250.7022727272729
258,5,2020-03-17 15:32:00,2020-03-17 16:11:00,120.40000000037253,hold,[''],2020-03-17,주간,,,8.0,,0.0,,,,,,,,,1278.0,,,,1272.8,,1272.1174999999996
259,5,2020-03-18 17:09:00,2020-03-18 20:13:00,441.1999999992548,hold,[''],2020-03-18,주간,,,9.0,,0.0,,,,,,,,,1281.3,,,,1272.6,,1271.1302702702706
260,5,2020-03-19 16:24:00,2020-03-19 17:58:00,266.5,hold,[''],2020-03-19,주간,,,10.0,,0.0,,,,,,,,,1285.1,,,,1271.7,,1271.7894736842104
261,5,2020-03-23 15:08:00,2020-03-23 16:30:00,228.5999999996274,hold,[''],2020-03-23,주간,,,11.0,,0.0,,,,,,,,,1276.8,,,,1272.8,,1271.478313253012
262,5,2020-04-01 16:38:00,2020-04-02 02:02:00,1470.9000000003725,hold,[''],2020-04-01,야간,,,12.0,,0.0,,,,,,,,,1268.1,,,,1277.6,,1264.5725663716814
263,5,2020-04-03 01:20:00,2020-04-03 02:05:00,106.80000000074509,hold,[''],2020-04-02,야간,,,13.0,,0.0,,,,,,,,,1270.8,,,,1274.8,,1272.417391304348
264,5,2020-04-03 14:21:00,2020-04-03 20:09:00,936.5999999996277,hold,[''],2020-04-03,야간,,,14.0,,0.0,,,,,,,,,1250.7,,,,1267.4,,1256.2575931232093
265,5,2020-04-04 09:40:00,2020-04-04 10:25:00,269.09999999962747,hold,[''],2020-04-04,야간,,,15.0,,0.0,,,,,,,,,1259.2,,,,1251.5,,1252.1652173913044
266,5,2020-04-06 17:00:00,2020-04-06 19:08:00,573.7999999988824,hold,[''],2020-04-06,야간,,,16.0,,0.0,,,,,,,,,1251.6,,,,1251.4,,1251.4426356589145
267,5,2020-04-08 09:24:00,2020-04-08 16:32:00,972.0,hold,[''],2020-04-08,주간,,,18.0,,0.0,,,,,,,,,1273.3,,,,1285.2,,1279.3696969696969
268,5,2020-04-09 11:05:00,2020-04-09 12:57:00,246.0999999996274,hold,[''],2020-04-09,주간,,,19.0,,0.0,,,,,,,,,1277.5,,,,1281.7,,1279.3026548672567
269,5,2020-04-10 11:05:00,2020-04-10 15:21:00,575.4000000003724,hold,[''],2020-04-10,주간,,,20.0,,0.0,,,,,,,,,1268.7,,,,1275.1,,1259.1879377431906
270,5,2020-04-21 16:17:00,2020-04-21 17:52:00,306.90000000037253,hold,[''],2020-04-21,주간,,,22.0,,0.0,,,,,,,,,1241.4,,,,1232.6,,1231.859375
271,5,2020-04-22 19:24:00,2020-04-23 08:35:00,1883.1999999992554,hold,[''],2020-04-23,주간,,,24.0,,0.0,,,,,,,,,1266.7,,,,1267.9,,1260.7465909090906
272,5,2020-04-23 23:42:00,2020-04-24 08:28:00,1646.1999999992554,hold,[''],2020-04-24,주간,,,25.0,,0.0,,,,,,,,,1250.5,,,,1262.6,,1254.0332068311195
273,5,2020-04-24 23:06:00,2020-04-25 02:55:00,612.1999999992547,hold,[''],2020-04-25,주간,,,26.0,,0.0,,,,,,,,,1262.8,,,,1253.2,,1251.7034782608698
274,5,2020-05-07 14:52:00,2020-05-07 22:32:00,1532.6999999992554,hold,[''],2020-05-07,야간,,,28.0,,0.0,,,,,,,,,1270.7,,,,1272.2,,1271.5442516268981
275,5,2020-05-08 12:03:00,2020-05-08 16:42:00,1065.4000000003723,hold,[''],2020-05-08,야간,,,29.0,,0.0,,,,,,,,,1259.0,,,,1271.9,,1270.7992857142854
276,5,2020-05-09 22:58:00,2020-05-10 02:50:00,616.5999999996276,hold,[''],2020-05-09,야간,,,30.0,,0.0,,,,,,,,,1270.6,,,,1272.3,,1271.1298283261806
277,5,2020-05-11 11:44:00,2020-05-11 12:59:00,198.5,hold,[''],2020-05-11,주간,,,31.0,,0.0,,,,,,,,,1285.1,,,,1272.8,,1272.6907894736846
278,5,2020-05-13 14:19:00,2020-05-13 17:58:00,0.0,hold,[''],2020-05-14,주간,,,32.0,,0.0,,,,,,,,,916.6,,,,731.1,,797.5445454545454
279,5,2020-05-21 00:02:00,2020-05-21 01:25:00,238.0,hold,[''],2020-05-20,야간,,,36.0,,0.0,,,,,,,,,1270.5,,,,1270.3,,1270.561904761905
280,5,2020-05-21 19:11:00,2020-05-21 20:48:00,388.59999999962747,hold,[''],2020-05-22,야간,,,38.0,,0.0,,,,,,,,,1280.8,,,,1270.9,,1271.5040816326532
281,5,2020-06-02 03:51:00,2020-06-02 04:25:00,85.0,hold,[''],2020-06-01,야간,,,39.0,,0.0,,,,,,,,,1282.1,,,,1272.1,,1272.2114285714285
282,5,2020-06-02 16:12:00,2020-06-02 21:47:00,808.0,hold,[''],2020-06-02,야간,,,40.0,,0.0,,,,,,,,,1252.9,,,,1274.8,,1260.9916666666668
283,5,2020-06-03 08:10:00,2020-06-03 20:17:00,2083.0999999996275,hold,[''],2020-06-03,야간,,,41.0,,0.0,,,,,,,,,1256.7,,,,1281.4,,1259.107142857143
284,5,2020-06-08 19:28:00,2020-06-08 20:49:00,250.7000000011176,hold,[''],2020-06-08,야간,,,44.0,,0.0,,,,,,,,,1267.9,,,,1273.4,,1271.9280487804874
285,5,2020-06-09 16:22:00,2020-06-09 17:17:00,155.30000000074506,hold,[''],2020-06-09,야간,,,45.0,,0.0,,,,,,,,,1267.8,,,,1254.2,,1254.0017857142861
286,5,2020-06-10 19:22:00,2020-06-10 20:19:00,209.0999999996274,hold,[''],2020-06-10,야간,,,46.0,,0.0,,,,,,,,,1282.2,,,,1271.1,,1271.743103448276
287,5,2020-06-15 11:42:00,2020-06-15 13:36:00,437.5,hold,[''],2020-06-15,주간,,,49.0,,0.0,,,,,,,,,1277.6,,,,1272.6,,1272.3139130434786
288,5,2020-06-16 11:40:00,2020-06-16 15:42:00,872.9000000003723,hold,[''],2020-06-16,주간,,,50.0,,0.0,,,,,,,,,1273.7,,,,1287.2,,1282.7547325102882
289,5,2020-06-18 20:39:00,2020-06-18 21:30:00,181.6999999992549,hold,[''],2020-06-18,야간,,,52.0,,0.0,,,,,,,,,1262.8,,,,1270.0,,1264.3346153846153
290,5,2020-06-24 04:06:00,2020-06-24 06:13:00,413.4000000003725,hold,[''],2020-06-24,주간,,,56.0,,0.0,,,,,,,,,1281.1,,,,1273.3,,1272.290625
291,5,2020-06-25 09:06:00,2020-06-25 09:44:00,113.69999999925491,hold,[''],2020-06-25,주간,,,57.0,,0.0,,,,,,,,,1268.5,,,,1270.5,,1263.9615384615386
292,5,2020-06-26 09:25:00,2020-06-26 09:57:00,101.19999999925491,hold,[''],2020-06-26,주간,,,58.0,,0.0,,,,,,,,,1263.0,,,,1258.4,,1257.2545454545455
293,5,2020-06-29 22:55:00,2020-06-30 01:17:00,534.0999999996276,hold,[''],2020-06-29,야간,,,59.0,,0.0,,,,,,,,,1271.9,,,,1274.7,,1272.3741258741259
294,6,2020-03-02 11:24:00,2020-03-02 14:26:00,849.5,hold,[''],,,,,0.0,,0.0,,,,,,,,,1251.2,,,,1252.2,,1251.1207650273225
295,6,2020-03-05 09:48:00,2020-03-05 15:35:00,1738.6999999999537,hold,[''],2020-03-05,야간,,,3.0,,0.0,,,,,,,,,1252.6,,,,1252.9,,1252.2879310344827
296,6,2020-03-06 11:29:00,2020-03-06 23:30:00,3157.0999999999767,hold,[''],2020-03-06,야간,,,4.0,,0.0,,,,,,,,,1250.1,,,,1254.2,,1252.2775623268699
297,6,2020-03-09 10:38:00,2020-03-09 11:13:00,153.80000000004657,hold,[''],2020-03-09,주간,,,5.0,,0.0,,,,,,,,,1251.5,,,,1252.2,,1249.7527777777775
298,6,2020-03-09 18:33:00,2020-03-09 22:59:00,1120.0999999999767,hold,[''],2020-03-09,야간,,,6.0,,0.0,,,,,,,,,1251.3,,,,1251.4,,1250.7865168539329
299,6,2020-03-18 22:15:00,2020-03-18 23:17:00,274.4000000000233,hold,[''],2020-03-18,야간,,,10.0,,0.0,,,,,,,,,1252.5,,,,1252.3,,1251.1793650793652
300,6,2020-03-20 03:07:00,2020-03-20 05:35:00,553.7000000000698,hold,[''],2020-03-19,야간,,,11.0,,0.0,,,,,,,,,1251.2,,,,1252.8,,1251.4751677852346
301,6,2020-03-23 16:07:00,2020-03-23 22:59:00,1756.0,hold,[''],2020-03-23,야간,,,13.0,,0.0,,,,,,,,,1252.7,,,,1253.6,,1251.5588377723973
302,6,2020-03-25 00:00:00,2020-03-25 02:41:00,645.9000000000233,hold,[''],2020-03-24,야간,,,14.0,,0.0,,,,,,,,,1254.8,,,,1251.9,,1251.4296296296295
303,6,2020-03-25 23:52:00,2020-03-26 01:28:00,395.40000000002334,hold,[''],2020-03-25,야간,,,15.0,,0.0,,,,,,,,,1251.8,,,,1251.2,,1251.317525773196
304,6,2020-03-26 16:43:00,2020-03-26 22:57:00,1503.3000000000463,hold,[''],2020-03-26,야간,,,16.0,,0.0,,,,,,,,,1254.7,,,,1251.7,,1251.038
305,6,2020-03-27 09:08:00,2020-03-27 20:14:00,3850.2000000001854,hold,[''],2020-03-27,야간,,,17.0,,0.0,,,,,,,,,1232.1,,,,1253.4,,1230.9275862068964
306,6,2020-03-30 19:03:00,2020-03-30 20:23:00,333.5,hold,[''],2020-03-30,야간,,,19.0,,0.0,,,,,,,,,1250.0,,,,1251.1,,1250.6234567901236
307,6,2020-03-31 21:15:00,2020-04-01 00:56:00,836.1000000000931,hold,[''],2020-03-31,야간,,,20.0,,0.0,,,,,,,,,1250.0,,,,1251.6,,1250.872072072072
308,6,2020-04-04 02:28:00,2020-04-04 05:31:00,759.1000000000931,hold,[''],2020-04-03,야간,,,22.0,,0.0,,,,,,,,,1253.7,,,,1252.8,,1251.2989130434785
309,6,2020-04-06 08:18:00,2020-04-06 14:33:00,1422.1000000000934,hold,[''],2020-04-06,주간,,,23.0,,0.0,,,,,,,,,1252.6,,,,1250.3,,1250.6625
310,6,2020-04-07 02:35:00,2020-04-07 03:29:00,213.89999999990692,hold,[''],2020-04-06,야간,,,24.0,,0.0,,,,,,,,,1250.6,,,,1251.0,,1250.3654545454547
311,6,2020-04-08 20:39:00,2020-04-08 21:19:00,166.69999999995343,hold,[''],2020-04-08,야간,,,26.0,,0.0,,,,,,,,,1250.2,,,,1250.1,,1250.2341463414634
312,6,2020-04-10 05:32:00,2020-04-10 06:20:00,202.69999999995343,hold,[''],2020-04-09,야간,,,27.0,,0.0,,,,,,,,,1252.1,,,,1253.3,,1252.1836734693875
313,6,2020-04-13 19:22:00,2020-04-13 20:25:00,276.19999999995343,hold,[''],2020-04-13,야간,,,29.0,,0.0,,,,,,,,,1252.1,,,,1251.0,,1251.40625
314,6,2020-04-16 03:12:00,2020-04-16 05:19:00,540.3999999999069,hold,[''],2020-04-15,야간,,,31.0,,0.0,,,,,,,,,1252.3,,,,1250.4,,1251.6023437500005
315,6,2020-04-16 21:12:00,2020-04-16 22:15:00,256.5,hold,[''],2020-04-16,야간,,,32.0,,0.0,,,,,,,,,1255.1,,,,1251.4,,1251.9234375
316,6,2020-04-20 18:04:00,2020-04-20 19:09:00,514.7999999998137,hold,[''],2020-04-20,야간,,,33.0,,0.0,,,,,,,,,1247.9,,,,1248.1,,1246.559090909091
317,6,2020-04-23 02:37:00,2020-04-23 04:33:00,394.5999999998603,hold,[''],2020-04-22,야간,,,35.0,,0.0,,,,,,,,,1253.1,,,,1253.5,,1251.7059829059829
318,6,2020-04-24 06:08:00,2020-04-24 08:21:00,447.30000000004657,hold,[''],2020-04-24,주간,,,37.0,,0.0,,,,,,,,,1253.9,,,,1251.4,,1251.9783582089553
319,6,2020-04-24 21:42:00,2020-04-25 03:05:00,1084.5,hold,[''],2020-04-24,야간,,,38.0,,0.0,,,,,,,,,1249.5,,,,1250.7,,1250.7978395061727
320,6,2020-04-25 21:15:00,2020-04-26 04:33:00,1412.1999999999537,hold,[''],2020-04-25,야간,,,39.0,,0.0,,,,,,,,,1254.6,,,,1250.4,,1250.9933940774488
321,6,2020-04-27 10:06:00,2020-04-27 21:44:00,2956.3000000000466,hold,[''],2020-04-27,야간,,,40.0,,0.0,,,,,,,,,1212.9,,,,1250.0,,1247.4759656652361
322,6,2020-04-28 14:24:00,2020-04-29 02:08:00,2302.3000000000466,hold,[''],2020-04-28,야간,,,41.0,,0.0,,,,,,,,,1250.3,,,,1249.7,,1249.1121276595745
323,6,2020-04-30 21:00:00,2020-04-30 23:22:00,490.30000000004657,hold,[''],2020-04-30,야간,,,43.0,,0.0,,,,,,,,,1246.8,,,,1247.8,,1247.8367132867133
324,6,2020-05-07 23:16:00,2020-05-08 02:07:00,700.4000000001398,hold,[''],2020-05-07,야간,,,45.0,,0.0,,,,,,,,,1250.0,,,,1252.0,,1240.2755813953488
325,6,2020-05-08 07:22:00,2020-05-08 09:49:00,979.1000000000932,hold,[''],2020-05-08,야간,,,46.0,,0.0,,,,,,,,,1250.6,,,,1250.5,,1250.9736486486486
326,6,2020-05-09 23:47:00,2020-05-10 02:55:00,727.5999999998602,hold,[''],2020-05-09,야간,,,47.0,,0.0,,,,,,,,,1249.9,,,,1249.4,,1248.6973544973544
327,6,2020-05-12 10:23:00,2020-05-12 20:27:00,3363.8999999999073,hold,[''],2020-05-11,주간,,,48.0,,0.0,,,,,,,,,1246.0,,,,1249.0,,1248.0487603305785
328,6,2020-05-21 13:24:00,2020-05-21 14:04:00,208.5,hold,[''],2020-05-21,주간,,,53.0,,0.0,,,,,,,,,227.1,,,,1311.7,,239.50731707317073
329,6,2020-06-01 23:34:00,2020-06-02 05:02:00,1088.1000000000931,hold,[''],2020-06-01,야간,,,55.0,,0.0,,,,,,,,,1251.0,,,,1248.5,,1249.5705167173253
330,6,2020-06-03 14:50:00,2020-06-03 16:02:00,512.5,hold,[''],2020-06-03,야간,,,56.0,,0.0,,,,,,,,,1251.4,,,,1252.8,,1250.171232876712
331,6,2020-06-05 04:00:00,2020-06-05 05:12:00,292.69999999995343,hold,[''],2020-06-04,야간,,,57.0,,0.0,,,,,,,,,1250.1,,,,1250.5,,1249.849315068493
332,6,2020-06-05 22:09:00,2020-06-06 02:00:00,828.5999999998602,hold,[''],2020-06-05,주간,,,58.0,,0.0,,,,,,,,,1253.1,,,,1250.0,,1249.6737068965515
333,6,2020-06-08 17:20:00,2020-06-08 22:28:00,1105.8999999999069,hold,[''],2020-06-08,야간,,,59.0,,0.0,,,,,,,,,1250.9,,,,1250.3,,1249.473139158576
334,6,2020-06-09 23:23:00,2020-06-10 00:57:00,255.30000000004657,hold,[''],2020-06-09,야간,,,60.0,,0.0,,,,,,,,,1251.3,,,,1249.9,,1249.2452631578947
335,6,2020-06-10 11:14:00,2020-06-10 15:27:00,985.9000000001396,hold,[''],2020-06-10,야간,,,61.0,,0.0,,,,,,,,,1250.5,,,,1249.8,,1249.503937007874
336,6,2020-06-17 16:57:00,2020-06-17 18:13:00,284.39999999990687,hold,[''],2020-06-17,주간,,,63.0,,0.0,,,,,,,,,1251.8,,,,1249.9,,1245.9103896103893
337,6,2020-06-19 09:11:00,2020-06-19 13:48:00,580.9000000001398,hold,[''],2020-06-19,주간,,,65.0,,0.0,,,,,,,,,1044.5,,,,1049.4,,1048.7037769784174
338,6,2020-06-22 09:10:00,2020-06-22 18:32:00,2523.199999999953,hold,[''],2020-06-22,야간,,,66.0,,0.0,,,,,,,,,1252.0,,,,1250.6,,1249.4406749555953
339,6,2020-06-23 18:41:00,2020-06-23 20:26:00,424.79999999981385,hold,[''],2020-06-23,야간,,,67.0,,0.0,,,,,,,,,1249.3,,,,1250.3,,1249.5066037735844
340,6,2020-06-24 03:30:00,2020-06-24 20:19:00,3423.8000000000466,hold,[''],2020-06-24,야간,,,68.0,,0.0,,,,,,,,,1237.2,,,,1249.8,,1249.1519801980196
341,6,2020-06-25 06:30:00,2020-06-25 20:21:00,3283.7000000001867,hold,[''],2020-06-25,야간,,,69.0,,0.0,,,,,,,,,1246.7,,,,1249.0,,1249.4617788461535
342,6,2020-06-30 00:09:00,2020-06-30 02:43:00,689.3000000000467,hold,[''],2020-06-29,야간,,,70.0,,0.0,,,,,,,,,1248.0,,,,1248.9,,1249.6354838709676
343,6,2020-07-01 00:01:00,2020-07-01 05:16:00,1215.5,hold,[''],2020-06-30,야간,,,71.0,,0.0,,,,,,,,,1250.3,,,,1249.0,,1249.4303797468351
344,6,2020-07-02 15:45:00,2020-07-02 16:35:00,209.1000000000932,hold,[''],2020-07-02,야간,,,74.0,,0.0,,,,,,,,,1252.0,,,,1250.9,,1249.8392156862747
345,6,2020-07-07 12:07:00,2020-07-07 13:11:00,391.5,hold,[''],2020-07-07,야간,,,75.0,,0.0,,,,,,,,,1253.2,,,,1255.0,,1250.683076923077
346,6,2020-07-08 23:12:00,2020-07-09 00:55:00,307.69999999995343,hold,[''],2020-07-08,야간,,,76.0,,0.0,,,,,,,,,1252.0,,,,1250.9,,1250.0269230769231
347,6,2020-07-09 23:40:00,2020-07-10 00:51:00,226.5,hold,[''],2020-07-09,야간,,,77.0,,0.0,,,,,,,,,1251.0,,,,1251.1,,1250.125
348,6,2020-07-13 16:42:00,2020-07-13 20:37:00,842.1000000000931,hold,[''],2020-07-13,야간,,,79.0,,0.0,,,,,,,,,1219.5,,,,1221.1,,1219.4110169491526
349,6,2020-07-14 20:45:00,2020-07-14 21:29:00,164.5,hold,[''],2020-07-14,야간,,,80.0,,0.0,,,,,,,,,1250.7,,,,1250.1,,1250.1555555555553
350,13,2020-03-04 01:59:00,2020-03-04 04:38:00,738.4000000000232,hold,[''],2020-03-03,야간,,,0.0,,0.0,,,,,,,,,1261.0,,,,1269.0,,1263.87625
351,13,2020-03-09 17:16:00,2020-03-09 20:00:00,766.5999999999768,hold,[''],2020-03-09,주간,,,2.0,,0.0,,,,,,,,,1262.7,,,,1263.9,,1263.4275757575756
352,13,2020-03-23 11:25:00,2020-03-23 14:30:00,1032.3999999999069,hold,[''],2020-03-23,주간,,,6.0,,0.0,,,,,,,,,918.3,,,,1271.5,,1229.818817204301
353,13,2020-04-04 03:41:00,2020-04-04 06:39:00,927.3999999999068,hold,[''],2020-04-04,주간,,,8.0,,0.0,,,,,,,,,1262.3,,,,1272.0,,1258.9513966480447
354,13,2020-04-06 13:19:00,2020-04-06 15:11:00,521.6000000000931,hold,[''],2020-04-06,주간,,,9.0,,0.0,,,,,,,,,1267.3,,,,1274.5,,1270.041592920354
355,13,2020-04-09 22:18:00,2020-04-10 01:47:00,513.8000000000466,hold,[''],2020-04-09,야간,,,10.0,,0.0,,,,,,,,,1111.0,,,,1102.1,,1102.4880952380952
356,13,2020-04-15 10:47:00,2020-04-15 15:30:00,2059.399999999907,hold,[''],2020-04-15,야간,,,11.0,,0.0,,,,,,,,,1252.2,,,,1253.9,,1252.5954225352116
357,13,2020-04-21 16:41:00,2020-04-21 18:07:00,452.10000000009313,hold,[''],2020-04-21,주간,,,12.0,,0.0,,,,,,,,,1260.3,,,,1252.0,,1252.4597701149428
358,13,2020-04-21 20:41:00,2020-04-21 22:47:00,708.8000000000467,hold,[''],2020-04-21,야간,,,13.0,,0.0,,,,,,,,,1258.7,,,,1253.0,,1252.241732283465
359,13,2020-04-24 05:20:00,2020-04-24 14:25:00,3146.199999999953,hold,[''],2020-04-24,주간,,,14.0,,0.0,,,,,,,,,1252.1,,,,1254.8,,1252.1426739926735
360,13,2020-05-11 12:24:00,2020-05-11 17:06:00,1633.6999999999537,hold,[''],2020-05-11,야간,,,16.0,,0.0,,,,,,,,,1261.4,,,,1253.9,,1253.1950530035333
361,13,2020-05-13 11:05:00,2020-05-14 08:22:00,4342.5,hold,[''],2020-05-14,주간,,,19.0,,0.0,,,,,,,,,1261.0,,,,1121.7,,1201.2934663536776
362,13,2020-05-14 12:12:00,2020-05-14 14:52:00,1038.3000000000468,hold,[''],2020-05-14,주간,,,20.0,,0.0,,,,,,,,,1260.3,,,,1256.4,,1253.945341614907
363,13,2020-05-15 00:09:00,2020-05-15 00:50:00,222.9000000001397,hold,[''],2020-05-15,주간,,,21.0,,0.0,,,,,,,,,1251.9,,,,1257.1,,1254.4880952380956
364,13,2020-05-18 22:15:00,2020-05-18 23:24:00,413.7000000001863,hold,[''],2020-05-18,야간,,,22.0,,0.0,,,,,,,,,1251.2,,,,1256.3,,1253.3321428571428
365,13,2020-05-19 11:15:00,2020-05-20 14:22:00,7624.600000000093,hold,[''],2020-05-20,주간,,,23.0,,0.0,,,,,,,,,1251.4,,,,1256.8,,1255.6904176904047
366,13,2020-06-04 12:01:00,2020-06-04 13:55:00,698.8000000000467,hold,[''],2020-06-04,주간,,,24.0,,0.0,,,,,,,,,1258.8,,,,1252.9,,1251.2495652173916
367,13,2020-06-09 16:55:00,2020-06-09 22:19:00,2067.1999999999534,hold,[''],2020-06-10,야간,,,25.0,,0.0,,,,,,,,,1258.6,,,,1254.1,,1251.296
368,17,2020-03-02 21:04:00,2020-03-03 00:54:00,1230.4000000000233,hold,[''],2020-03-02,야간,,,1.0,,0.0,,,,,,,,,1267.8,,,,1264.7,,1252.8380952380953
369,17,2020-03-03 10:37:00,2020-03-03 17:44:00,1354.1000000000931,hold,[''],2020-03-03,주간,,,2.0,,0.0,,,,,,,,,1244.9,,,,1265.3,,1250.9466121495327
370,17,2020-03-03 21:57:00,2020-03-04 08:39:00,2952.3000000000466,hold,[''],2020-03-04,주간,,,3.0,,0.0,,,,,,,,,1261.4,,,,1268.7,,1257.3102643856919
371,17,2020-03-04 19:45:00,2020-03-04 20:41:00,462.40000000002334,hold,[''],2020-03-05,주간,,,4.0,,0.0,,,,,,,,,1258.4,,,,1267.1,,1258.7929824561404
372,17,2020-03-06 03:44:00,2020-03-06 07:39:00,1326.6999999999534,hold,[''],2020-03-06,주간,,,5.0,,0.0,,,,,,,,,1238.3,,,,1253.2,,1241.9364406779664
373,17,2020-03-06 21:30:00,2020-03-06 22:57:00,462.0999999998603,hold,[''],2020-03-06,야간,,,6.0,,0.0,,,,,,,,,1244.5,,,,1247.8,,1238.6340909090911
374,17,2020-03-09 16:17:00,2020-03-10 09:35:00,4643.100000000093,hold,[''],2020-03-10,주간,,,7.0,,0.0,,,,,,,,,1260.8,,,,1268.7,,1253.250384985563
375,17,2020-03-12 17:20:00,2020-03-12 20:28:00,987.9000000001396,hold,[''],2020-03-12,야간,,,9.0,,0.0,,,,,,,,,1246.6,,,,1263.6,,1250.6068783068786
376,17,2020-03-16 11:07:00,2020-03-16 12:57:00,336.69999999995343,hold,[''],2020-03-16,주간,,,11.0,,0.0,,,,,,,,,1245.1,,,,1259.0,,1250.6063063063064
377,17,2020-03-16 16:19:00,2020-03-17 02:31:00,2234.600000000093,hold,[''],2020-03-17,주간,,,12.0,,0.0,,,,,,,,,1258.3,,,,1262.6,,1251.1171288743885
378,17,2020-03-17 21:55:00,2020-03-18 06:58:00,2970.0,hold,[''],2020-03-18,주간,,,13.0,,0.0,,,,,,,,,1270.2,,,,1265.8,,1252.33125
379,17,2020-03-18 17:59:00,2020-03-19 08:22:00,3701.300000000047,hold,[''],2020-03-19,주간,,,14.0,,0.0,,,,,,,,,1257.5,,,,1259.9,,1260.9961805555556
380,17,2020-03-19 19:08:00,2020-03-20 02:42:00,1304.1000000000931,hold,[''],2020-03-20,주간,,,15.0,,0.0,,,,,,,,,1263.8,,,,1261.1,,1255.2712087912093
381,17,2020-03-23 18:58:00,2020-03-23 21:20:00,475.30000000004657,hold,[''],2020-03-23,야간,,,17.0,,0.0,,,,,,,,,1240.6,,,,1238.4,,1237.930769230769
382,17,2020-03-25 10:22:00,2020-03-25 13:43:00,669.3000000000466,hold,[''],2020-03-25,주간,,,19.0,,0.0,,,,,,,,,1257.1,,,,1260.7,,1256.0633663366334
383,17,2020-03-25 16:56:00,2020-03-26 10:03:00,3896.1999999999534,hold,[''],2020-03-26,주간,,,20.0,,0.0,,,,,,,,,993.2,,,,1263.8,,1237.602140077821
384,17,2020-03-26 21:05:00,2020-03-26 21:55:00,274.89999999990687,hold,[''],2020-03-27,주간,,,21.0,,0.0,,,,,,,,,1248.9,,,,1276.8,,1261.7607843137255
385,17,2020-03-30 18:36:00,2020-03-30 22:36:00,695.5,hold,[''],2020-03-30,야간,,,23.0,,0.0,,,,,,,,,1239.6,,,,1243.1,,1234.97510373444
386,17,2020-03-31 11:57:00,2020-03-31 15:14:00,890.6999999999533,hold,[''],2020-03-31,야간,,,24.0,,0.0,,,,,,,,,1250.1,,,,1246.9,,1243.2419191919196
387,17,2020-04-01 10:07:00,2020-04-01 10:59:00,325.89999999990687,hold,[''],2020-04-01,야간,,,25.0,,0.0,,,,,,,,,1226.5,,,,1240.2,,1228.4075471698113
388,17,2020-04-02 07:46:00,2020-04-03 11:12:00,7877.800000000047,hold,[''],2020-04-03,주간,,,26.0,,0.0,,,,,,,,,1262.6,,,,1264.0,,1257.1706739526412
389,17,2020-04-03 19:05:00,2020-04-03 20:15:00,233.0999999998603,hold,[''],2020-04-03,야간,,,27.0,,0.0,,,,,,,,,1270.8,,,,1263.5,,1260.308450704225
390,17,2020-04-05 00:19:00,2020-04-05 05:04:00,901.1000000000932,hold,[''],2020-04-04,야간,,,28.0,,0.0,,,,,,,,,1266.8,,,,1260.2,,1255.9213286713284
391,17,2020-04-05 08:56:00,2020-04-06 08:04:00,3991.3999999999073,hold,[''],2020-04-06,주간,,,29.0,,0.0,,,,,,,,,1082.8,,,,1262.0,,1240.7972642188624
392,17,2020-04-08 11:59:00,2020-04-08 13:35:00,413.60000000009313,hold,[''],2020-04-08,주간,,,31.0,,0.0,,,,,,,,,1258.1,,,,1265.6,,1263.078350515464
393,17,2020-04-08 19:27:00,2020-04-09 08:57:00,3210.0,hold,[''],2020-04-09,주간,,,32.0,,0.0,,,,,,,,,1164.7,,,,1264.8,,1245.4937114673241
394,17,2020-04-09 23:02:00,2020-04-10 01:25:00,478.5999999998603,hold,[''],2020-04-09,야간,,,33.0,,0.0,,,,,,,,,1245.7,,,,1257.1,,1256.1868055555556
395,17,2020-04-10 05:47:00,2020-04-10 08:36:00,915.0,hold,[''],2020-04-10,주간,,,34.0,,0.0,,,,,,,,,1261.1,,,,1271.7,,1260.4382352941175
396,17,2020-04-13 21:57:00,2020-04-14 01:07:00,1211.8000000000466,hold,[''],2020-04-14,주간,,,36.0,,0.0,,,,,,,,,1192.1,,,,1253.6,,1241.1057591623035
397,17,2020-04-14 21:50:00,2020-04-14 23:35:00,317.80000000004657,hold,[''],2020-04-14,야간,,,37.0,,0.0,,,,,,,,,1258.7,,,,1256.4,,1256.567452830188
398,17,2020-04-15 21:13:00,2020-04-15 22:49:00,390.0,hold,[''],2020-04-16,주간,,,38.0,,0.0,,,,,,,,,1256.6,,,,1258.1,,1256.4649484536085
399,17,2020-04-17 21:20:00,2020-04-18 05:03:00,1374.3999999999066,hold,[''],2020-04-17,야간,,,40.0,,0.0,,,,,,,,,1258.8,,,,1256.0,,1256.2827586206895
400,17,2020-04-20 07:51:00,2020-04-20 16:31:00,1490.2999999998135,hold,[''],2020-04-20,주간,,,41.0,,0.0,,,,,,,,,1254.5,,,,1257.2,,1256.2940499040305
401,17,2020-04-20 21:22:00,2020-04-21 04:45:00,1321.4000000001395,hold,[''],2020-04-20,야간,,,42.0,,0.0,,,,,,,,,1255.3,,,,1257.4,,1256.2655405405405
402,17,2020-04-21 17:27:00,2020-04-22 02:11:00,1599.1000000000934,hold,[''],2020-04-21,야간,,,43.0,,0.0,,,,,,,,,1258.1,,,,1257.7,,1256.1310476190476
403,17,2020-04-24 23:51:00,2020-04-25 01:27:00,518.9000000001397,hold,[''],2020-04-24,야간,,,44.0,,0.0,,,,,,,,,1255.8,,,,1257.2,,1255.0680412371134
404,17,2020-04-27 07:40:00,2020-04-27 08:28:00,187.69999999995343,hold,[''],2020-04-27,주간,,,45.0,,0.0,,,,,,,,,1257.3,,,,1258.0,,1256.022448979592
405,17,2020-04-27 21:58:00,2020-04-28 01:26:00,754.1999999999533,hold,[''],2020-04-27,야간,,,46.0,,0.0,,,,,,,,,1257.4,,,,1258.1,,1256.0
406,17,2020-04-28 14:11:00,2020-04-28 16:03:00,368.5,hold,[''],2020-04-28,주간,,,47.0,,0.0,,,,,,,,,1260.3,,,,1258.1,,1256.8442477876106
407,17,2020-04-28 22:49:00,2020-04-29 09:01:00,2642.3000000000466,hold,[''],2020-04-29,주간,,,48.0,,0.0,,,,,,,,,1241.5,,,,1257.9,,1254.883197389886
408,17,2020-04-30 03:25:00,2020-04-30 10:44:00,1329.2000000001865,hold,[''],2020-04-30,주간,,,49.0,,0.0,,,,,,,,,1256.0,,,,1257.3,,1256.423181818182
409,17,2020-05-06 11:11:00,2020-05-06 14:41:00,744.8000000000467,hold,[''],2020-05-06,주간,,,50.0,,0.0,,,,,,,,,1258.8,,,,1257.6,,1256.6606635071091
410,17,2020-05-06 20:29:00,2020-05-06 21:39:00,242.0,hold,[''],2020-05-06,야간,,,51.0,,0.0,,,,,,,,,1240.4,,,,1238.6,,1236.9704225352116
411,17,2020-05-07 23:45:00,2020-05-08 02:34:00,1234.1999999999534,hold,[''],2020-05-08,야간,,,52.0,,0.0,,,,,,,,,1255.1,,,,1258.6,,1252.8017647058825
412,17,2020-05-09 20:48:00,2020-05-09 22:09:00,307.4000000001397,hold,[''],2020-05-09,야간,,,53.0,,0.0,,,,,,,,,1257.7,,,,1257.3,,1256.7
413,17,2020-05-10 08:37:00,2020-05-11 14:41:00,10119.100000000091,hold,[''],2020-05-11,주간,,,54.0,,0.0,,,,,,,,,1193.2,,,,1259.1,,1253.682216066489
414,17,2020-05-12 07:16:00,2020-05-12 08:26:00,337.4000000001397,hold,[''],2020-05-12,주간,,,55.0,,0.0,,,,,,,,,1259.9,,,,1255.9,,1257.2647887323942
415,17,2020-05-12 16:56:00,2020-05-12 20:19:00,1180.1000000000931,hold,[''],2020-05-12,야간,,,56.0,,0.0,,,,,,,,,1245.3,,,,1258.6,,1256.203431372549
416,17,2020-05-14 19:40:00,2020-05-15 02:42:00,2528.9000000001397,hold,[''],2020-05-15,주간,,,59.0,,0.0,,,,,,,,,1181.3,,,,1258.3,,1247.9508274231678
417,17,2020-05-18 10:34:00,2020-05-18 16:03:00,2038.8000000000463,hold,[''],2020-05-18,주간,,,60.0,,0.0,,,,,,,,,1226.7,,,,1254.3,,1251.5772727272729
418,17,2020-05-19 11:23:00,2020-05-19 13:00:00,483.19999999995343,hold,[''],2020-05-19,주간,,,61.0,,0.0,,,,,,,,,1262.7,,,,1256.5,,1257.023469387755
419,17,2020-05-21 11:40:00,2020-05-21 12:58:00,396.4000000001397,hold,[''],2020-05-21,주간,,,62.0,,0.0,,,,,,,,,1259.7,,,,1256.2,,1257.2607594936708
420,17,2020-05-22 14:15:00,2020-05-22 14:48:00,178.0,hold,[''],2020-05-21,야간,,,63.0,,0.0,,,,,,,,,1256.6,,,,1256.3,,1258.6441176470594
421,17,2020-05-25 11:43:00,2020-05-25 12:57:00,422.19999999995343,hold,[''],2020-05-25,주간,,,64.0,,0.0,,,,,,,,,1256.2,,,,1257.8,,1257.2293333333334
422,17,2020-05-25 16:53:00,2020-05-25 21:40:00,1485.1999999999537,hold,[''],2020-05-25,야간,,,65.0,,0.0,,,,,,,,,1256.9,,,,1256.8,,1256.9677083333333
423,17,2020-05-26 14:16:00,2020-05-26 19:02:00,2954.8999999999073,hold,[''],2020-05-27,주간,,,66.0,,0.0,,,,,,,,,1076.8,,,,1257.8,,1189.4355400696863
424,17,2020-05-28 10:09:00,2020-05-28 15:50:00,1727.8999999999066,hold,[''],2020-05-28,주간,,,67.0,,0.0,,,,,,,,,1256.2,,,,1258.0,,1256.743274853801
425,17,2020-05-29 07:04:00,2020-05-29 08:16:00,386.2000000001863,hold,[''],2020-05-29,주간,,,68.0,,0.0,,,,,,,,,1258.9,,,,1257.2,,1257.7205479452055
426,17,2020-06-03 11:23:00,2020-06-03 12:55:00,392.2000000001863,hold,[''],2020-06-03,주간,,,69.0,,0.0,,,,,,,,,1272.6,,,,1272.7,,1225.1505376344087
427,17,2020-06-08 07:15:00,2020-06-08 08:58:00,335.0,hold,[''],2020-06-08,주간,,,71.0,,0.0,,,,,,,,,1266.8,,,,1267.5,,1262.8298076923074
428,17,2020-06-08 17:47:00,2020-06-09 02:53:00,1810.7999999998133,hold,[''],2020-06-08,야간,,,72.0,,0.0,,,,,,,,,1252.4,,,,1260.0,,1261.9157221206578
429,17,2020-06-09 23:06:00,2020-06-09 23:43:00,213.39999999990692,hold,[''],2020-06-10,주간,,,73.0,,0.0,,,,,,,,,1278.5,,,,1282.2,,1272.0684210526315
430,17,2020-06-12 23:24:00,2020-06-13 07:44:00,1336.3000000000466,hold,[''],2020-06-12,야간,,,75.0,,0.0,,,,,,,,,1258.8,,,,1266.9,,1261.4710578842316
431,17,2020-06-15 10:13:00,2020-06-15 13:00:00,527.4000000001397,hold,[''],2020-06-15,주간,,,76.0,,0.0,,,,,,,,,1278.6,,,,1270.6,,1264.9720238095238
432,17,2020-06-16 23:02:00,2020-06-17 03:19:00,1696.3000000000463,hold,[''],2020-06-17,야간,,,78.0,,0.0,,,,,,,,,1262.8,,,,1276.2,,1269.4143410852714
433,17,2020-06-18 17:00:00,2020-06-18 17:50:00,134.4000000001397,hold,[''],2020-06-18,주간,,,79.0,,0.0,,,,,,,,,1261.0,,,,1265.0,,1258.5
434,17,2020-06-18 19:00:00,2020-06-19 06:01:00,2303.699999999953,hold,[''],2020-06-19,주간,,,80.0,,0.0,,,,,,,,,1252.5,,,,1269.7,,1266.171148036254
435,17,2020-06-22 09:19:00,2020-06-22 09:55:00,118.0,hold,[''],2020-06-22,주간,,,81.0,,0.0,,,,,,,,,1259.8,,,,1271.1,,1264.27027027027
436,17,2020-06-22 21:24:00,2020-06-23 01:37:00,927.1999999999533,hold,[''],2020-06-23,주간,,,82.0,,0.0,,,,,,,,,1247.5,,,,1267.7,,1257.133070866142
437,17,2020-06-23 21:03:00,2020-06-23 21:50:00,150.5,hold,[''],2020-06-23,야간,,,83.0,,0.0,,,,,,,,,1278.8,,,,1273.1,,1266.7208333333333
438,17,2020-06-25 07:01:00,2020-06-25 11:09:00,1562.7000000001865,hold,[''],2020-06-25,야간,,,84.0,,0.0,,,,,,,,,1263.4,,,,1276.5,,1266.6232931726904
439,17,2020-06-26 05:55:00,2020-06-26 22:47:00,3694.1999999999534,hold,[''],2020-06-26,야간,,,85.0,,0.0,,,,,,,,,1236.7,,,,1237.3,,1232.151480750247
440,17,2020-06-29 14:58:00,2020-06-29 17:54:00,469.9000000001397,hold,[''],2020-06-29,주간,,,86.0,,0.0,,,,,,,,,1232.8,,,,1235.6,,1229.2627118644068
441,17,2020-06-29 23:05:00,2020-06-30 01:25:00,634.1999999999534,hold,[''],2020-06-29,야간,,,87.0,,0.0,,,,,,,,,1268.8,,,,1278.5,,1268.4489361702126
442,17,2020-06-30 15:00:00,2020-06-30 20:10:00,1189.2000000001865,hold,[''],2020-06-30,야간,,,88.0,,0.0,,,,,,,,,1276.4,,,,1274.3,,1271.0591639871386
443,17,2020-07-01 07:36:00,2020-07-02 02:19:00,4154.699999999953,hold,[''],2020-07-01,야간,,,89.0,,0.0,,,,,,,,,1263.5,,,,1268.0,,1266.049466192171
444,17,2020-07-02 11:42:00,2020-07-02 12:57:00,236.0999999998603,hold,[''],2020-07-02,주간,,,90.0,,0.0,,,,,,,,,1267.8,,,,1265.3,,1263.7552631578947
445,17,2020-07-03 09:25:00,2020-07-03 10:27:00,161.0999999998603,hold,[''],2020-07-03,주간,,,91.0,,0.0,,,,,,,,,1252.8,,,,1265.0,,1258.857142857143
446,17,2020-07-07 18:22:00,2020-07-08 02:03:00,1857.4000000001402,hold,[''],2020-07-08,주간,,,92.0,,0.0,,,,,,,,,1269.8,,,,1275.2,,1269.9534632034633
447,17,2020-07-08 22:24:00,2020-07-08 22:56:00,113.19999999995345,hold,[''],2020-07-09,야간,,,93.0,,0.0,,,,,,,,,1275.9,,,,1275.6,,1268.6242424242425
448,17,2020-07-10 20:59:00,2020-07-10 21:33:00,164.19999999995343,hold,[''],2020-07-10,야간,,,94.0,,0.0,,,,,,,,,1264.6,,,,1275.4,,1267.2571428571428
449,17,2020-07-13 14:37:00,2020-07-13 16:37:00,330.69999999995343,hold,[''],2020-07-13,주간,,,95.0,,0.0,,,,,,,,,1264.8,,,,1266.0,,1259.982644628099
450,17,2020-07-13 21:28:00,2020-07-14 12:55:00,3039.2000000001867,hold,[''],2020-07-14,주간,,,96.0,,0.0,,,,,,,,,1245.1,,,,1267.1,,1257.6154094827589
451,18,2020-03-02 12:01:00,2020-03-02 13:30:00,361.7000000000698,hold,[''],,,,,0.0,,0.0,,,,,,,,,1246.0,,,,1255.3,,1249.7622222222224
452,18,2020-03-02 23:03:00,2020-03-03 10:42:00,2453.9000000000233,hold,[''],2020-03-03,주간,,,1.0,,0.0,,,,,,,,,1233.6,,,,1248.2,,1247.3891428571428
453,18,2020-03-03 18:13:00,2020-03-03 20:38:00,863.9000000000232,hold,[''],2020-03-04,주간,,,2.0,,0.0,,,,,,,,,1252.2,,,,1248.9,,1249.0472602739728
454,18,2020-03-05 10:59:00,2020-03-05 13:00:00,421.7999999999302,hold,[''],2020-03-05,주간,,,3.0,,0.0,,,,,,,,,1253.5,,,,1255.9,,1249.3483606557381
455,18,2020-03-06 11:47:00,2020-03-06 13:32:00,402.5,hold,[''],2020-03-06,주간,,,4.0,,0.0,,,,,,,,,1239.7,,,,1253.5,,1248.5575471698112
456,18,2020-03-06 21:23:00,2020-03-06 21:57:00,232.09999999997672,hold,[''],2020-03-06,야간,,,5.0,,0.0,,,,,,,,,1238.5,,,,1253.0,,1247.5685714285714
457,18,2020-03-10 09:43:00,2020-03-10 10:22:00,161.29999999993015,hold,[''],2020-03-10,주간,,,7.0,,0.0,,,,,,,,,1253.1,,,,1255.5,,1246.3825000000004
458,18,2020-03-11 20:36:00,2020-03-11 21:17:00,118.10000000009312,hold,[''],2020-03-11,야간,,,9.0,,0.0,,,,,,,,,1230.1,,,,1256.2,,1249.2690476190473
459,18,2020-03-12 06:45:00,2020-03-12 09:15:00,430.5999999999767,hold,[''],2020-03-12,주간,,,10.0,,0.0,,,,,,,,,1252.3,,,,1255.1,,1249.8476821192053
460,18,2020-03-12 21:11:00,2020-03-12 21:54:00,360.2000000000698,hold,[''],2020-03-13,주간,,,11.0,,0.0,,,,,,,,,1253.0,,,,1254.4,,1249.265909090909
461,18,2020-03-16 07:37:00,2020-03-16 09:29:00,481.5999999999767,hold,[''],2020-03-16,주간,,,12.0,,0.0,,,,,,,,,1250.7,,,,1256.3,,1248.1486725663715
462,18,2020-03-17 03:57:00,2020-03-17 04:45:00,367.5,hold,[''],2020-03-17,주간,,,13.0,,0.0,,,,,,,,,1234.4,,,,1248.5,,1247.8285714285714
463,18,2020-03-18 22:49:00,2020-03-19 10:16:00,4775.900000000023,hold,[''],2020-03-19,주간,,,14.0,,0.0,,,,,,,,,1022.9,,,,1254.0,,1225.3369186046511
464,18,2020-03-19 21:12:00,2020-03-19 22:36:00,279.0,hold,[''],2020-03-19,야간,,,15.0,,0.0,,,,,,,,,1251.2,,,,1254.8,,1248.8505882352945
465,18,2020-03-23 11:34:00,2020-03-23 13:38:00,539.3999999999069,hold,[''],2020-03-23,주간,,,16.0,,0.0,,,,,,,,,1253.6,,,,1255.5,,1248.8552000000002
466,18,2020-03-24 09:50:00,2020-03-24 11:04:00,224.0,hold,[''],2020-03-24,주간,,,17.0,,0.0,,,,,,,,,1253.5,,,,1254.9,,1249.12
467,18,2020-03-25 14:30:00,2020-03-25 18:57:00,783.3999999999069,hold,[''],2020-03-25,야간,,,18.0,,0.0,,,,,,,,,1247.1,,,,1256.0,,1249.8630597014924
468,18,2020-03-26 11:43:00,2020-03-26 12:57:00,227.19999999995343,hold,[''],2020-03-26,주간,,,19.0,,0.0,,,,,,,,,1253.9,,,,1250.7,,1249.6346666666666
469,18,2020-03-27 07:09:00,2020-03-27 08:20:00,224.19999999995343,hold,[''],2020-03-27,주간,,,20.0,,0.0,,,,,,,,,1252.6,,,,1254.7,,1248.7055555555555
470,18,2020-04-14 17:39:00,2020-04-15 13:12:00,3400.8999999999073,hold,[''],2020-04-15,주간,,,21.0,,0.0,,,,,,,,,1238.2,,,,1248.2,,1247.294633730835
471,18,2020-04-15 23:32:00,2020-04-16 00:54:00,215.0,hold,[''],2020-04-15,야간,,,22.0,,0.0,,,,,,,,,1248.1,,,,1251.0,,1249.080722891566
472,18,2020-04-16 07:25:00,2020-04-16 22:56:00,3007.5,hold,[''],2020-04-16,야간,,,23.0,,0.0,,,,,,,,,1249.0,,,,1248.9,,1248.9311158798284
473,18,2020-04-17 07:11:00,2020-04-17 08:09:00,136.8999999999069,hold,[''],2020-04-17,주간,,,24.0,,0.0,,,,,,,,,1245.3,,,,1250.2,,1248.650847457627
474,18,2020-04-20 22:50:00,2020-04-21 01:29:00,392.60000000009313,hold,[''],2020-04-20,주간,,,25.0,,0.0,,,,,,,,,1248.7,,,,1249.3,,1249.31
475,18,2020-04-24 21:10:00,2020-04-25 03:15:00,929.3000000000467,hold,[''],2020-04-24,야간,,,27.0,,0.0,,,,,,,,,1172.1,,,,1168.3,,1167.9035519125684
476,18,2020-04-25 21:06:00,2020-04-26 02:12:00,641.6000000000931,hold,[''],2020-04-25,야간,,,29.0,,0.0,,,,,,,,,1169.8,,,,1168.9,,1169.3570032573289
477,18,2020-04-27 11:57:00,2020-04-27 12:59:00,278.5,hold,[''],2020-04-27,주간,,,30.0,,0.0,,,,,,,,,1229.1,,,,1228.3,,1228.4936507936509
478,18,2020-04-27 23:23:00,2020-04-28 00:55:00,233.5,hold,[''],2020-04-27,야간,,,31.0,,0.0,,,,,,,,,1227.6,,,,1228.2,,1228.148387096774
479,18,2020-04-28 03:05:00,2020-04-28 08:34:00,1365.1000000000931,hold,[''],2020-04-28,야간,,,32.0,,0.0,,,,,,,,,1230.6,,,,1248.7,,1230.610909090909
480,18,2020-04-29 19:13:00,2020-04-29 20:18:00,154.6000000000931,hold,[''],2020-04-29,야간,,,33.0,,0.0,,,,,,,,,1247.2,,,,1251.0,,1249.1484848484847
481,18,2020-04-30 13:33:00,2020-04-30 18:20:00,751.8000000000467,hold,[''],2020-04-30,야간,,,34.0,,0.0,,,,,,,,,1250.6,,,,1249.8,,1248.4961805555556
482,18,2020-05-06 11:57:00,2020-05-06 14:41:00,567.3000000000466,hold,[''],2020-05-06,야간,,,35.0,,0.0,,,,,,,,,1247.4,,,,1248.7,,1248.660606060606
483,18,2020-05-07 22:30:00,2020-05-08 09:43:00,1650.6999999999537,hold,[''],2020-05-08,주간,,,37.0,,0.0,,,,,,,,,1251.2,,,,1248.3,,1248.1844213649852
484,18,2020-05-08 22:39:00,2020-05-09 10:34:00,2034.1000000000927,hold,[''],2020-05-09,주간,,,38.0,,0.0,,,,,,,,,1248.9,,,,1249.0,,1248.7350558659214
485,18,2020-05-11 11:44:00,2020-05-11 12:59:00,270.5999999998603,hold,[''],2020-05-11,주간,,,40.0,,0.0,,,,,,,,,1248.6,,,,1248.4,,1248.4210526315787
486,18,2020-05-12 17:24:00,2020-05-12 17:57:00,119.0,hold,[''],2020-05-12,주간,,,41.0,,0.0,,,,,,,,,1249.2,,,,1248.4,,1248.4058823529413
487,18,2020-05-12 22:13:00,2020-05-12 22:50:00,239.30000000004657,hold,[''],2020-05-13,야간,,,42.0,,0.0,,,,,,,,,1248.8,,,,1249.4,,1249.0368421052633
488,18,2020-05-15 03:04:00,2020-05-15 04:53:00,260.60000000009313,hold,[''],2020-05-14,야간,,,43.0,,0.0,,,,,,,,,1248.0,,,,1248.4,,1247.9563636363634
489,18,2020-05-15 23:28:00,2020-05-16 00:06:00,118.4000000001397,hold,[''],2020-05-15,야간,,,44.0,,0.0,,,,,,,,,1248.6,,,,1250.4,,1248.7641025641028
490,18,2020-05-18 08:10:00,2020-05-18 09:13:00,235.39999999990692,hold,[''],2020-05-18,주간,,,45.0,,0.0,,,,,,,,,1249.8,,,,1249.8,,1248.7015625
491,18,2020-05-19 07:13:00,2020-05-19 08:27:00,241.89999999990692,hold,[''],2020-05-19,주간,,,46.0,,0.0,,,,,,,,,1248.8,,,,1248.4,,1248.3813333333333
492,18,2020-05-21 17:00:00,2020-05-21 20:22:00,502.80000000004657,hold,[''],2020-05-21,야간,,,47.0,,0.0,,,,,,,,,1178.0,,,,1178.8,,1179.0320197044334
493,18,2020-05-25 10:36:00,2020-05-25 14:18:00,822.3000000000467,hold,[''],2020-05-25,주간,,,50.0,,0.0,,,,,,,,,1252.0,,,,1248.4,,1248.4183856502245
494,18,2020-05-25 21:31:00,2020-05-26 02:08:00,880.9000000001398,hold,[''],2020-05-25,야간,,,51.0,,0.0,,,,,,,,,1232.4,,,,1248.8,,1241.481654676259
495,18,2020-05-26 23:38:00,2020-05-27 01:24:00,295.5,hold,[''],2020-05-26,야간,,,52.0,,0.0,,,,,,,,,1248.1,,,,1249.8,,1248.6074766355134
496,18,2020-05-27 09:52:00,2020-05-27 10:37:00,301.2000000001862,hold,[''],2020-05-27,야간,,,53.0,,0.0,,,,,,,,,1229.5,,,,1252.8,,1239.2934782608695
497,18,2020-05-28 08:39:00,2020-05-28 09:32:00,147.29999999981374,hold,[''],2020-05-28,주간,,,54.0,,0.0,,,,,,,,,1248.6,,,,1249.3,,1248.9129629629624
498,18,2020-05-28 22:04:00,2020-05-29 01:40:00,606.5999999998602,hold,[''],2020-05-29,주간,,,55.0,,0.0,,,,,,,,,1179.3,,,,1178.4,,1178.5622119815664
499,18,2020-05-29 21:28:00,2020-05-29 22:59:00,232.19999999995343,hold,[''],2020-05-29,야간,,,56.0,,0.0,,,,,,,,,1249.5,,,,1251.6,,1249.6271739130434
500,18,2020-06-01 08:46:00,2020-06-01 10:02:00,283.1000000000932,hold,[''],2020-06-01,주간,,,57.0,,0.0,,,,,,,,,1249.9,,,,1249.4,,1249.2025974025971
501,18,2020-06-01 22:26:00,2020-06-02 18:58:00,3593.4000000001397,hold,[''],2020-06-02,야간,,,58.0,,0.0,,,,,,,,,1239.1,,,,1248.9,,1248.7160583941604
502,18,2020-06-03 07:23:00,2020-06-03 10:06:00,766.0,hold,[''],2020-06-03,야간,,,59.0,,0.0,,,,,,,,,1250.2,,,,1249.4,,1249.5024390243902
503,18,2020-06-04 06:57:00,2020-06-04 13:55:00,1252.0,hold,[''],2020-06-04,주간,,,60.0,,0.0,,,,,,,,,1218.5,,,,1248.7,,1247.2174224343676
504,18,2020-06-04 19:13:00,2020-06-04 20:11:00,156.30000000004657,hold,[''],2020-06-04,야간,,,61.0,,0.0,,,,,,,,,1250.4,,,,1249.9,,1249.0966101694912
505,18,2020-06-05 16:31:00,2020-06-05 21:58:00,781.7999999998137,hold,[''],2020-06-05,야간,,,62.0,,0.0,,,,,,,,,1256.2,,,,1249.1,,1249.0045731707314
506,18,2020-06-08 09:23:00,2020-06-08 13:00:00,643.1000000000931,hold,[''],2020-06-08,주간,,,63.0,,0.0,,,,,,,,,1249.8,,,,1248.5,,1249.0577981651375
507,18,2020-06-08 17:32:00,2020-06-08 22:05:00,1073.4000000001397,hold,[''],2020-06-08,야간,,,64.0,,0.0,,,,,,,,,1248.5,,,,1249.9,,1249.3645985401458
508,18,2020-06-09 18:53:00,2020-06-10 09:52:00,3371.3000000000466,hold,[''],2020-06-10,주간,,,66.0,,0.0,,,,,,,,,1248.9,,,,1249.6,,1249.4987777777776
509,18,2020-06-11 12:26:00,2020-06-11 13:29:00,157.4000000001397,hold,[''],2020-06-11,주간,,,68.0,,0.0,,,,,,,,,1249.2,,,,1251.4,,1250.0421875000004
510,18,2020-06-15 09:51:00,2020-06-15 14:14:00,740.6000000000931,hold,[''],2020-06-15,주간,,,69.0,,0.0,,,,,,,,,1248.7,,,,1249.0,,1248.8556818181814
511,18,2020-06-15 19:35:00,2020-06-15 20:42:00,633.5999999998602,hold,[''],2020-06-16,주간,,,70.0,,0.0,,,,,,,,,1251.2,,,,1250.6,,1250.329411764706
512,18,2020-06-16 19:15:00,2020-06-16 20:32:00,186.89999999990692,hold,[''],2020-06-16,야간,,,71.0,,0.0,,,,,,,,,1249.2,,,,1251.8,,1249.8589743589744
513,18,2020-06-18 19:17:00,2020-06-18 20:05:00,112.39999999990688,hold,[''],2020-06-18,야간,,,73.0,,0.0,,,,,,,,,1246.5,,,,1250.1,,1248.9714285714285
514,18,2020-06-22 17:34:00,2020-06-22 20:33:00,1128.4000000001395,hold,[''],2020-06-23,주간,,,74.0,,0.0,,,,,,,,,1251.2,,,,1248.9,,1248.9083333333335
515,18,2020-06-24 07:54:00,2020-06-25 00:53:00,3354.1000000000927,hold,[''],2020-06-24,야간,,,76.0,,0.0,,,,,,,,,1250.4,,,,1251.2,,1249.8832352941174
516,18,2020-06-25 07:16:00,2020-06-25 08:21:00,134.80000000004657,hold,[''],2020-06-25,주간,,,77.0,,0.0,,,,,,,,,1248.5,,,,1248.2,,1248.3484848484848
517,18,2020-06-26 08:56:00,2020-06-26 10:02:00,195.29999999981374,hold,[''],2020-06-26,주간,,,78.0,,0.0,,,,,,,,,1248.5,,,,1248.3,,1248.316417910448
518,18,2020-06-29 09:23:00,2020-06-29 15:17:00,815.1000000000931,hold,[''],2020-06-29,주간,,,79.0,,0.0,,,,,,,,,1248.0,,,,1249.0,,1248.9011267605636
519,18,2020-06-30 09:06:00,2020-06-30 09:49:00,167.30000000004657,hold,[''],2020-06-30,주간,,,80.0,,0.0,,,,,,,,,1251.3,,,,1249.0,,1249.1613636363636
520,18,2020-07-01 09:49:00,2020-07-01 13:38:00,546.4000000001397,hold,[''],2020-07-01,주간,,,81.0,,0.0,,,,,,,,,1251.4,,,,1248.7,,1248.6604347826087
521,18,2020-07-01 23:07:00,2020-07-02 04:28:00,768.0999999998602,hold,[''],2020-07-01,야간,,,82.0,,0.0,,,,,,,,,1249.3,,,,1248.7,,1248.789751552795
522,18,2020-07-02 20:58:00,2020-07-02 21:35:00,211.19999999995343,hold,[''],2020-07-03,주간,,,84.0,,0.0,,,,,,,,,1249.0,,,,1250.4,,1249.8947368421057
523,18,2020-07-08 03:04:00,2020-07-08 05:51:00,1253.5,hold,[''],2020-07-08,야간,,,87.0,,0.0,,,,,,,,,1222.3,,,,1250.4,,1217.685119047619
524,18,2020-07-09 08:54:00,2020-07-09 14:12:00,720.2000000001863,hold,[''],2020-07-09,주간,,,88.0,,0.0,,,,,,,,,1249.7,,,,1249.5,,1250.0595611285264
525,18,2020-07-09 17:03:00,2020-07-09 22:17:00,814.0,hold,[''],2020-07-09,야간,,,89.0,,0.0,,,,,,,,,1249.3,,,,1252.0,,1249.2806349206348
526,18,2020-07-13 11:27:00,2020-07-13 15:29:00,576.6999999999534,hold,[''],2020-07-13,주간,,,91.0,,0.0,,,,,,,,,1249.4,,,,1248.7,,1249.0703703703705
527,19,2020-03-10 19:08:00,2020-03-10 20:13:00,187.09999999997672,hold,[''],2020-03-10,야간,,,0.0,,0.0,,,,,,,,,1258.3,,,,1246.0,,1247.301515151515
528,19,2020-03-11 15:49:00,2020-03-11 17:58:00,466.40000000002334,hold,[''],2020-03-11,야간,,,1.0,,0.0,,,,,,,,,1248.6,,,,1245.7,,1250.0353846153846
529,19,2020-03-12 10:09:00,2020-03-12 16:44:00,999.5,hold,[''],2020-03-12,주간,,,2.0,,0.0,,,,,,,,,1247.4,,,,1246.6,,1246.2340909090908
530,19,2020-03-12 22:19:00,2020-03-13 11:14:00,2841.7999999999292,hold,[''],2020-03-13,주간,,,3.0,,0.0,,,,,,,,,1249.4,,,,1246.2,,1248.8105670103093
531,19,2020-03-16 15:01:00,2020-03-16 19:05:00,729.4000000000232,hold,[''],2020-03-16,야간,,,4.0,,0.0,,,,,,,,,1245.3,,,,1245.9,,1245.9897959183672
532,19,2020-03-17 10:52:00,2020-03-17 15:29:00,856.8000000000467,hold,[''],2020-03-17,주간,,,5.0,,0.0,,,,,,,,,1251.2,,,,1246.4,,1248.6974820143885
533,19,2020-03-18 06:19:00,2020-03-18 20:24:00,3176.7999999999292,hold,[''],2020-03-18,야간,,,6.0,,0.0,,,,,,,,,1230.8,,,,1225.3,,1226.7278959810874
534,19,2020-03-19 06:16:00,2020-03-19 12:58:00,1077.0999999999767,hold,[''],2020-03-19,주간,,,7.0,,0.0,,,,,,,,,1236.6,,,,1246.4,,1238.7858560794045
535,19,2020-03-20 12:03:00,2020-03-20 13:56:00,250.09999999997672,hold,[''],2020-03-20,주간,,,8.0,,0.0,,,,,,,,,1245.2,,,,1246.2,,1246.018421052632
536,19,2020-03-20 19:38:00,2020-03-20 20:23:00,133.5,hold,[''],2020-03-20,야간,,,9.0,,0.0,,,,,,,,,1252.4,,,,1246.0,,1246.4391304347828
537,19,2020-03-23 09:17:00,2020-03-23 10:09:00,202.30000000004657,hold,[''],2020-03-23,주간,,,10.0,,0.0,,,,,,,,,1250.5,,,,1246.0,,1246.630188679245
538,19,2020-03-24 22:28:00,2020-03-25 04:51:00,908.3000000000467,hold,[''],2020-03-24,야간,,,13.0,,0.0,,,,,,,,,1249.6,,,,1245.7,,1245.7752604166667
539,19,2020-03-26 06:22:00,2020-03-26 18:04:00,2399.600000000093,hold,[''],2020-03-26,야간,,,15.0,,0.0,,,,,,,,,1246.9,,,,1245.7,,1246.4073968705547
540,19,2020-03-30 08:27:00,2020-03-30 09:12:00,170.5,hold,[''],2020-03-30,주간,,,17.0,,0.0,,,,,,,,,1249.1,,,,1245.6,,1246.4652173913041
541,19,2020-03-30 22:44:00,2020-03-31 13:00:00,2786.8000000000466,hold,[''],2020-03-31,주간,,,18.0,,0.0,,,,,,,,,1250.7,,,,1246.2,,1254.6313885647605
542,19,2020-03-31 19:35:00,2020-04-01 10:13:00,2868.4000000000237,hold,[''],2020-04-01,주간,,,19.0,,0.0,,,,,,,,,1247.0,,,,1245.6,,1245.9549488054608
543,19,2020-04-01 21:30:00,2020-04-02 01:00:00,1192.7000000000694,hold,[''],2020-04-02,주간,,,20.0,,0.0,,,,,,,,,1252.0,,,,1245.9,,1246.522748815166
544,19,2020-04-02 20:36:00,2020-04-02 22:30:00,293.5999999999767,hold,[''],2020-04-02,야간,,,21.0,,0.0,,,,,,,,,1244.4,,,,1245.4,,1245.4730434782607
545,19,2020-04-07 02:47:00,2020-04-07 08:27:00,913.1999999999533,hold,[''],2020-04-07,주간,,,25.0,,0.0,,,,,,,,,1244.6,,,,1245.3,,1245.2697947214074
546,19,2020-04-07 20:48:00,2020-04-08 02:30:00,1883.5,hold,[''],2020-04-08,주간,,,26.0,,0.0,,,,,,,,,1252.2,,,,1248.9,,1253.5078717201163
547,19,2020-04-10 11:01:00,2020-04-10 13:46:00,562.7999999999302,hold,[''],2020-04-10,주간,,,28.0,,0.0,,,,,,,,,1247.9,,,,1245.8,,1245.7963855421685
548,19,2020-04-10 20:52:00,2020-04-10 21:33:00,127.59999999997672,hold,[''],2020-04-10,야간,,,29.0,,0.0,,,,,,,,,1255.8,,,,1245.2,,1247.1238095238095
549,19,2020-04-13 15:16:00,2020-04-13 16:09:00,148.3999999999069,hold,[''],2020-04-13,주간,,,30.0,,0.0,,,,,,,,,1243.9,,,,1245.7,,1245.5388888888888
550,19,2020-04-13 23:56:00,2020-04-14 01:46:00,331.4000000000233,hold,[''],2020-04-14,주간,,,31.0,,0.0,,,,,,,,,1262.0,,,,1245.7,,1247.0936936936935
551,19,2020-04-14 19:02:00,2020-04-15 09:15:00,2122.29999999993,hold,[''],2020-04-15,주간,,,32.0,,0.0,,,,,,,,,1250.9,,,,1246.0,,1246.1435597189698
552,19,2020-04-17 06:42:00,2020-04-17 22:13:00,3803.0,hold,[''],2020-04-17,야간,,,33.0,,0.0,,,,,,,,,1246.0,,,,1245.7,,1248.7216738197424
553,19,2020-04-20 13:14:00,2020-04-20 14:03:00,143.4000000001397,hold,[''],2020-04-20,주간,,,34.0,,0.0,,,,,,,,,1260.1,,,,1246.4,,1248.164
554,19,2020-04-21 07:12:00,2020-04-21 08:31:00,237.0,hold,[''],2020-04-21,주간,,,36.0,,0.0,,,,,,,,,1256.2,,,,1246.1,,1246.595
555,19,2020-04-21 19:45:00,2020-04-22 02:05:00,1653.8000000000463,hold,[''],2020-04-22,주간,,,37.0,,0.0,,,,,,,,,1251.1,,,,1245.9,,1246.598687664042
556,19,2020-04-23 21:38:00,2020-04-23 23:04:00,237.0,hold,[''],2020-04-23,야간,,,38.0,,0.0,,,,,,,,,1265.7,,,,1250.2,,1254.7459770114942
557,19,2020-04-24 05:42:00,2020-04-24 13:48:00,1316.8999999999069,hold,[''],2020-04-24,주간,,,39.0,,0.0,,,,,,,,,1253.7,,,,1245.7,,1246.3137577002055
558,19,2020-04-24 22:01:00,2020-04-25 08:20:00,2177.5,hold,[''],2020-04-25,주간,,,40.0,,0.0,,,,,,,,,1248.1,,,,1246.3,,1246.299677419355
559,19,2020-04-25 14:48:00,2020-04-25 23:44:00,1518.6000000000934,hold,[''],2020-04-25,야간,,,41.0,,0.0,,,,,,,,,1268.0,,,,1245.3,,1246.2741154562386
560,19,2020-04-28 02:46:00,2020-04-28 06:16:00,530.0,hold,[''],2020-04-28,주간,,,44.0,,0.0,,,,,,,,,1245.1,,,,1245.7,,1245.7478672985785
561,19,2020-04-29 02:01:00,2020-04-29 13:51:00,1777.2999999998135,hold,[''],2020-04-29,주간,,,45.0,,0.0,,,,,,,,,1261.5,,,,1246.5,,1246.0666666666666
562,19,2020-05-06 23:07:00,2020-05-07 06:23:00,1510.8999999999066,hold,[''],2020-05-07,주간,,,49.0,,0.0,,,,,,,,,1262.5,,,,1246.6,,1246.249771167048
563,19,2020-05-13 04:04:00,2020-05-13 10:51:00,1776.7000000001865,hold,[''],2020-05-13,주간,,,52.0,,0.0,,,,,,,,,1251.3,,,,1245.8,,1245.9995098039215
564,19,2020-05-13 23:32:00,2020-05-14 13:48:00,4646.699999999953,hold,[''],2020-05-14,주간,,,53.0,,0.0,,,,,,,,,1250.9,,,,1246.3,,1249.2759626604436
565,19,2020-05-14 20:33:00,2020-05-14 23:06:00,700.1999999999533,hold,[''],2020-05-14,야간,,,54.0,,0.0,,,,,,,,,1249.7,,,,1246.2,,1246.5863636363636
566,19,2020-05-15 19:35:00,2020-05-15 21:49:00,565.1000000000931,hold,[''],2020-05-15,야간,,,55.0,,0.0,,,,,,,,,1250.4,,,,1246.2,,1246.2140740740738
567,19,2020-05-18 11:12:00,2020-05-18 12:56:00,531.2999999998137,hold,[''],2020-05-18,주간,,,56.0,,0.0,,,,,,,,,1249.6,,,,1245.9,,1246.4333333333334
568,19,2020-05-18 19:33:00,2020-05-18 22:20:00,972.8000000000467,hold,[''],2020-05-19,주간,,,57.0,,0.0,,,,,,,,,1250.3,,,,1247.5,,1249.0636904761905
569,19,2020-05-21 15:24:00,2020-05-21 18:46:00,1052.8999999999069,hold,[''],2020-05-21,야간,,,58.0,,0.0,,,,,,,,,1230.8,,,,1226.0,,1226.3399014778329
570,19,2020-05-25 07:24:00,2020-05-25 10:40:00,1337.6999999999534,hold,[''],2020-05-25,야간,,,59.0,,0.0,,,,,,,,,1251.3,,,,1248.5,,1247.6802030456852
571,19,2020-05-26 09:58:00,2020-05-26 13:45:00,929.1000000000932,hold,[''],2020-05-26,주간,,,60.0,,0.0,,,,,,,,,1248.4,,,,1246.4,,1246.2842105263155
572,19,2020-05-26 22:45:00,2020-05-26 23:16:00,230.5,hold,[''],2020-05-27,주간,,,61.0,,0.0,,,,,,,,,1247.4,,,,1248.2,,1248.40625
573,19,2020-05-29 12:30:00,2020-05-29 13:07:00,197.9000000001397,hold,[''],2020-05-29,주간,,,62.0,,0.0,,,,,,,,,1249.7,,,,1246.5,,1247.65
574,19,2020-06-01 20:41:00,2020-06-01 21:54:00,387.4000000001397,hold,[''],2020-06-01,야간,,,63.0,,0.0,,,,,,,,,1252.6,,,,1246.8,,1245.5243243243244
575,19,2020-06-02 21:43:00,2020-06-03 05:24:00,3088.2000000001867,hold,[''],2020-06-03,야간,,,64.0,,0.0,,,,,,,,,1249.9,,,,1248.1,,1248.0580086580087
576,19,2020-06-04 07:34:00,2020-06-04 14:09:00,2822.5999999998603,hold,[''],2020-06-04,야간,,,65.0,,0.0,,,,,,,,,1251.4,,,,1248.3,,1248.355808080808
577,19,2020-06-08 08:23:00,2020-06-08 15:23:00,2513.100000000093,hold,[''],2020-06-08,주간,,,67.0,,0.0,,,,,,,,,1247.4,,,,1246.9,,1248.0292161520192
578,19,2020-06-08 22:01:00,2020-06-09 01:11:00,969.7000000001863,hold,[''],2020-06-08,야간,,,68.0,,0.0,,,,,,,,,1251.7,,,,1247.1,,1250.2026178010472
579,19,2020-06-09 20:41:00,2020-06-09 22:11:00,418.19999999995343,hold,[''],2020-06-09,야간,,,69.0,,0.0,,,,,,,,,1247.7,,,,1246.6,,1246.6923076923078
580,19,2020-06-11 07:06:00,2020-06-11 08:48:00,431.30000000004657,hold,[''],2020-06-11,주간,,,71.0,,0.0,,,,,,,,,1250.0,,,,1246.3,,1246.973786407767
581,19,2020-06-15 19:19:00,2020-06-15 20:18:00,274.30000000004657,hold,[''],2020-06-15,야간,,,73.0,,0.0,,,,,,,,,1247.7,,,,1246.6,,1246.886666666667
582,19,2020-06-16 21:21:00,2020-06-17 03:01:00,1988.2000000001865,hold,[''],2020-06-17,주간,,,74.0,,0.0,,,,,,,,,1251.8,,,,1246.6,,1248.316129032258
583,19,2020-06-18 07:08:00,2020-06-18 08:29:00,399.60000000009313,hold,[''],2020-06-18,주간,,,76.0,,0.0,,,,,,,,,1248.4,,,,1246.0,,1247.5890243902436
584,19,2020-06-19 15:35:00,2020-06-19 16:23:00,275.4000000001397,hold,[''],2020-06-19,주간,,,77.0,,0.0,,,,,,,,,1251.9,,,,1247.8,,1250.5265306122446
585,19,2020-06-19 21:21:00,2020-06-19 23:01:00,489.80000000004657,hold,[''],2020-06-19,야간,,,78.0,,0.0,,,,,,,,,1256.2,,,,1246.7,,1247.9940594059406
586,19,2020-06-22 09:40:00,2020-06-22 11:23:00,896.6000000000931,hold,[''],2020-06-22,야간,,,79.0,,0.0,,,,,,,,,1246.5,,,,1250.6,,1248.1721153846154
587,19,2020-06-23 09:03:00,2020-06-23 10:29:00,542.3999999999069,hold,[''],2020-06-23,주간,,,80.0,,0.0,,,,,,,,,1251.6,,,,1247.0,,1248.2563218390806
588,19,2020-06-25 06:06:00,2020-06-25 16:00:00,3119.4000000001397,hold,[''],2020-06-25,주간,,,82.0,,0.0,,,,,,,,,1219.1,,,,1216.3,,1216.6865546218487
589,19,2020-06-26 09:00:00,2020-06-26 10:04:00,331.30000000004657,hold,[''],2020-06-26,주간,,,83.0,,0.0,,,,,,,,,1248.6,,,,1247.1,,1248.3753846153845
590,19,2020-06-29 10:32:00,2020-06-29 12:56:00,785.6999999999533,hold,[''],2020-06-29,주간,,,84.0,,0.0,,,,,,,,,1250.2,,,,1248.5,,1248.4255172413793
591,19,2020-06-29 16:57:00,2020-06-29 20:16:00,1031.3000000000468,hold,[''],2020-06-29,야간,,,85.0,,0.0,,,,,,,,,1251.2,,,,1248.2,,1248.5935
592,19,2020-07-01 14:55:00,2020-07-01 16:14:00,421.30000000004657,hold,[''],2020-07-01,주간,,,87.0,,0.0,,,,,,,,,1249.0,,,,1247.4,,1249.0862499999996
593,19,2020-07-02 11:10:00,2020-07-02 14:49:00,1187.9000000001395,hold,[''],2020-07-02,주간,,,88.0,,0.0,,,,,,,,,1260.3,,,,1246.9,,1246.845
594,19,2020-07-09 18:56:00,2020-07-10 08:31:00,4755.0,hold,[''],2020-07-10,주간,,,90.0,,0.0,,,,,,,,,1252.3,,,,1246.9,,1247.3039215686274
595,19,2020-07-13 20:55:00,2020-07-13 22:19:00,645.1999999999534,hold,[''],2020-07-13,야간,,,91.0,,0.0,,,,,,,,,1231.0,,,,1228.6,,1226.62
596,19,2020-07-14 07:03:00,2020-07-14 10:51:00,874.4000000001398,hold,[''],2020-07-14,주간,,,92.0,,0.0,,,,,,,,,1231.4,,,,1226.6,,1227.6497816593887
597,19,2020-07-14 21:03:00,2020-07-14 22:14:00,202.20000000018624,hold,[''],2020-07-14,야간,,,93.0,,0.0,,,,,,,,,1267.7,,,,1247.2,,1249.9847222222222
598,20,2020-03-02 07:40:00,2020-03-02 09:23:00,366.5,hold,[''],,,,,0.0,,0.0,,,,,,,,,1266.2,,,,1260.1,,1259.9076923076925
599,20,2020-03-02 20:05:00,2020-03-02 22:46:00,1240.0,hold,[''],2020-03-03,야간,,,1.0,,0.0,,,,,,,,,1253.3,,,,1259.1,,1258.5037037037034
600,20,2020-03-04 12:05:00,2020-03-04 20:20:00,1543.1999999999537,hold,[''],2020-03-04,야간,,,2.0,,0.0,,,,,,,,,1259.9,,,,1259.0,,1258.8391129032257
601,20,2020-03-05 06:39:00,2020-03-05 15:16:00,2737.0,hold,[''],2020-03-05,야간,,,3.0,,0.0,,,,,,,,,1250.2,,,,1260.0,,1258.1693050193048
602,20,2020-03-09 11:09:00,2020-03-09 19:39:00,2784.8999999999073,hold,[''],2020-03-09,야간,,,4.0,,0.0,,,,,,,,,1251.5,,,,1258.9,,1259.142563600783
603,20,2020-03-13 20:50:00,2020-03-14 01:25:00,732.8999999999069,hold,[''],2020-03-13,야간,,,6.0,,0.0,,,,,,,,,1209.7,,,,1208.1,,1208.7097826086956
604,20,2020-03-16 08:23:00,2020-03-16 15:44:00,1109.3999999999069,hold,[''],2020-03-16,주간,,,7.0,,0.0,,,,,,,,,1213.6,,,,1208.9,,1208.6841628959273
605,20,2020-03-17 03:57:00,2020-03-17 11:30:00,1864.8000000000463,hold,[''],2020-03-17,주간,,,8.0,,0.0,,,,,,,,,1250.8,,,,1259.6,,1257.1222466960353
606,20,2020-03-17 20:49:00,2020-03-17 22:00:00,175.10000000009308,hold,[''],2020-03-17,야간,,,9.0,,0.0,,,,,,,,,1265.2,,,,1258.0,,1258.6555555555556
607,20,2020-03-18 05:37:00,2020-03-18 06:37:00,392.9000000001397,hold,[''],2020-03-18,야간,,,10.0,,0.0,,,,,,,,,1252.7,,,,1260.5,,1253.2163934426226
608,20,2020-03-24 09:39:00,2020-03-24 15:17:00,1034.0,hold,[''],2020-03-24,주간,,,12.0,,0.0,,,,,,,,,1244.0,,,,1240.6,,1238.2719764011802
609,20,2020-03-25 00:06:00,2020-03-25 01:27:00,231.0,hold,[''],2020-03-24,야간,,,13.0,,0.0,,,,,,,,,1238.2,,,,1238.1,,1238.1999999999996
610,20,2020-03-25 18:57:00,2020-03-25 21:40:00,531.5,hold,[''],2020-03-26,주간,,,15.0,,0.0,,,,,,,,,1257.8,,,,1259.1,,1258.4146341463415
611,20,2020-03-27 23:44:00,2020-03-28 04:46:00,778.6999999999533,hold,[''],2020-03-27,야간,,,16.0,,0.0,,,,,,,,,1214.5,,,,1208.6,,1208.397689768977
612,20,2020-03-30 07:17:00,2020-03-30 10:40:00,541.3999999999069,hold,[''],2020-03-30,주간,,,17.0,,0.0,,,,,,,,,1240.4,,,,1239.3,,1238.9779411764705
613,20,2020-03-30 21:04:00,2020-03-31 08:18:00,3264.0,hold,[''],2020-03-31,주간,,,18.0,,0.0,,,,,,,,,1255.9,,,,1258.5,,1258.6674074074076
614,20,2020-03-31 23:45:00,2020-04-01 09:15:00,1912.9000000001402,hold,[''],2020-04-01,주간,,,19.0,,0.0,,,,,,,,,1249.0,,,,1258.7,,1258.4152364273205
615,20,2020-04-01 18:29:00,2020-04-01 21:01:00,912.8999999999068,hold,[''],2020-04-02,주간,,,20.0,,0.0,,,,,,,,,1240.9,,,,1259.2,,1252.1294117647058
616,20,2020-04-02 19:54:00,2020-04-02 20:42:00,476.0999999998603,hold,[''],2020-04-03,주간,,,21.0,,0.0,,,,,,,,,1253.1,,,,1263.7,,1254.4938775510204
617,20,2020-04-04 13:25:00,2020-04-04 20:12:00,904.3999999999068,hold,[''],2020-04-04,야간,,,23.0,,0.0,,,,,,,,,1231.5,,,,1241.1,,1240.0791666666667
618,20,2020-04-06 14:09:00,2020-04-06 14:46:00,137.29999999981374,hold,[''],2020-04-06,주간,,,24.0,,0.0,,,,,,,,,1250.2,,,,1249.8,,1249.5236842105267
619,20,2020-04-06 19:56:00,2020-04-06 20:50:00,314.0,hold,[''],2020-04-07,주간,,,25.0,,0.0,,,,,,,,,1252.3,,,,1250.0,,1250.050909090909
620,20,2020-04-07 19:14:00,2020-04-07 20:11:00,224.70000000018624,hold,[''],2020-04-07,야간,,,26.0,,0.0,,,,,,,,,1249.1,,,,1251.1,,1249.753448275862
621,20,2020-04-08 11:06:00,2020-04-09 01:32:00,3012.1000000000927,hold,[''],2020-04-08,야간,,,27.0,,0.0,,,,,,,,,1251.8,,,,1248.8,,1249.1176470588236
622,20,2020-04-09 07:07:00,2020-04-09 08:59:00,438.30000000004657,hold,[''],2020-04-09,주간,,,28.0,,0.0,,,,,,,,,1249.1,,,,1249.1,,1249.0061946902656
623,20,2020-04-09 23:43:00,2020-04-10 18:02:00,4702.799999999814,hold,[''],2020-04-10,주간,,,29.0,,0.0,,,,,,,,,1248.1,,,,1249.4,,1248.9636363636364
624,20,2020-04-13 20:39:00,2020-04-13 21:29:00,189.6000000000932,hold,[''],2020-04-13,야간,,,32.0,,0.0,,,,,,,,,1248.1,,,,1249.5,,1249.4372549019604
625,20,2020-04-14 05:32:00,2020-04-14 06:30:00,417.5,hold,[''],2020-04-14,야간,,,33.0,,0.0,,,,,,,,,1254.4,,,,1260.7,,1262.893220338983
626,20,2020-04-15 21:11:00,2020-04-15 22:34:00,278.60000000009313,hold,[''],2020-04-15,야간,,,34.0,,0.0,,,,,,,,,1249.6,,,,1250.7,,1250.0392857142858
627,20,2020-04-20 08:40:00,2020-04-20 09:25:00,183.6000000000932,hold,[''],2020-04-20,주간,,,35.0,,0.0,,,,,,,,,1250.6,,,,1249.4,,1249.4782608695655
628,20,2020-04-20 22:08:00,2020-04-21 10:30:00,2745.599999999861,hold,[''],2020-04-21,주간,,,36.0,,0.0,,,,,,,,,1247.1,,,,1249.4,,1249.2584118438765
629,20,2020-04-21 21:21:00,2020-04-22 05:58:00,2587.8000000000466,hold,[''],2020-04-22,주간,,,37.0,,0.0,,,,,,,,,1243.6,,,,1249.0,,1249.0372586872588
630,20,2020-04-23 23:01:00,2020-04-24 05:35:00,1301.7000000001865,hold,[''],2020-04-24,주간,,,38.0,,0.0,,,,,,,,,1249.9,,,,1253.1,,1252.5481012658227
631,20,2020-04-24 16:38:00,2020-04-25 13:32:00,4549.40000000014,hold,[''],2020-04-25,주간,,,39.0,,0.0,,,,,,,,,1250.3,,,,1249.3,,1249.1060557768926
632,20,2020-04-27 20:35:00,2020-04-28 10:28:00,4138.0,hold,[''],2020-04-28,주간,,,40.0,,0.0,,,,,,,,,1235.3,,,,1219.0,,1219.910071942446
633,20,2020-04-28 22:00:00,2020-04-28 22:57:00,191.5999999998603,hold,[''],2020-04-28,야간,,,41.0,,0.0,,,,,,,,,1220.1,,,,1219.0,,1219.1982758620688
634,20,2020-04-29 03:07:00,2020-04-29 05:18:00,553.5999999998603,hold,[''],2020-04-29,주간,,,42.0,,0.0,,,,,,,,,1248.9,,,,1248.9,,1248.9840909090906
635,20,2020-04-30 01:24:00,2020-04-30 12:59:00,2333.4000000001397,hold,[''],2020-04-30,주간,,,43.0,,0.0,,,,,,,,,1251.3,,,,1249.6,,1248.5544540229885
636,20,2020-05-06 11:37:00,2020-05-06 13:03:00,301.80000000004657,hold,[''],2020-05-06,주간,,,44.0,,0.0,,,,,,,,,1230.8,,,,1229.3,,1229.3494252873566
637,20,2020-05-07 12:03:00,2020-05-07 12:58:00,275.0,hold,[''],2020-05-07,주간,,,45.0,,0.0,,,,,,,,,1247.9,,,,1249.0,,1249.4035714285715
638,20,2020-05-07 21:56:00,2020-05-08 02:20:00,831.8999999999069,hold,[''],2020-05-09,주간,,,46.0,,0.0,,,,,,,,,1248.8,,,,1248.9,,1249.0249056603775
639,20,2020-05-11 15:15:00,2020-05-11 22:50:00,1343.1000000000931,hold,[''],2020-05-11,야간,,,48.0,,0.0,,,,,,,,,1250.0,,,,1249.6,,1249.5065789473686
640,20,2020-05-14 20:06:00,2020-05-15 14:14:00,4023.5,hold,[''],2020-05-15,주간,,,51.0,,0.0,,,,,,,,,1255.0,,,,1249.0,,1249.7881083562902
641,20,2020-05-18 09:29:00,2020-05-18 13:59:00,1226.9000000001395,hold,[''],2020-05-18,야간,,,53.0,,0.0,,,,,,,,,1247.2,,,,1249.5,,1249.3756457564575
642,20,2020-05-21 05:05:00,2020-05-21 06:59:00,748.8000000000467,hold,[''],2020-05-21,주간,,,55.0,,0.0,,,,,,,,,1253.3,,,,1276.2,,1269.4234782608694
643,20,2020-05-22 14:01:00,2020-05-22 15:56:00,394.5999999998603,hold,[''],2020-05-22,주간,,,56.0,,0.0,,,,,,,,,1252.2,,,,1249.7,,1249.8043103448276
644,20,2020-05-25 08:27:00,2020-05-25 10:44:00,448.30000000004657,hold,[''],2020-05-25,주간,,,58.0,,0.0,,,,,,,,,1250.0,,,,1249.6,,1249.454347826087
645,20,2020-05-25 20:06:00,2020-05-25 23:17:00,1042.8000000000468,hold,[''],2020-05-26,주간,,,59.0,,0.0,,,,,,,,,1251.0,,,,1249.3,,1249.5427083333334
646,20,2020-05-26 23:51:00,2020-05-27 01:51:00,663.9000000001398,hold,[''],2020-05-27,야간,,,60.0,,0.0,,,,,,,,,1256.3,,,,1249.5,,1249.5768595041322
647,20,2020-05-28 17:24:00,2020-05-28 20:22:00,478.10000000009313,hold,[''],2020-05-28,야간,,,61.0,,0.0,,,,,,,,,1248.4,,,,1249.0,,1249.6519553072626
648,20,2020-06-01 13:56:00,2020-06-01 15:34:00,312.5,hold,[''],2020-06-01,주간,,,63.0,,0.0,,,,,,,,,1251.2,,,,1250.0,,1249.9151515151516
649,20,2020-06-01 20:41:00,2020-06-01 21:19:00,121.5,hold,[''],2020-06-02,주간,,,64.0,,0.0,,,,,,,,,1251.9,,,,1250.0,,1249.9410256410256
650,20,2020-06-03 07:18:00,2020-06-03 08:48:00,266.10000000009313,hold,[''],2020-06-03,주간,,,65.0,,0.0,,,,,,,,,1250.7,,,,1249.4,,1249.4472527472526
651,20,2020-06-03 17:33:00,2020-06-03 18:44:00,262.79999999981374,hold,[''],2020-06-04,주간,,,66.0,,0.0,,,,,,,,,1248.7,,,,1249.8,,1249.75
652,20,2020-06-05 06:49:00,2020-06-05 08:27:00,286.80000000004657,hold,[''],2020-06-05,주간,,,67.0,,0.0,,,,,,,,,1249.6,,,,1249.3,,1249.231313131313
653,20,2020-06-08 21:46:00,2020-06-09 13:38:00,4276.899999999907,hold,[''],2020-06-09,주간,,,68.0,,0.0,,,,,,,,,1253.3,,,,1255.0,,1256.4895068205667
654,20,2020-06-10 04:44:00,2020-06-10 05:23:00,269.4000000001397,hold,[''],2020-06-10,야간,,,70.0,,0.0,,,,,,,,,1255.5,,,,1265.0,,1259.0925
655,20,2020-06-12 01:19:00,2020-06-12 05:27:00,700.1999999999533,hold,[''],2020-06-11,야간,,,71.0,,0.0,,,,,,,,,1277.1,,,,1251.1,,1252.6883534136548
656,20,2020-06-12 20:53:00,2020-06-12 21:26:00,119.69999999995345,hold,[''],2020-06-12,야간,,,72.0,,0.0,,,,,,,,,1259.4,,,,1249.8,,1249.2647058823532
657,20,2020-06-15 14:59:00,2020-06-15 15:59:00,286.7999999998138,hold,[''],2020-06-15,야간,,,73.0,,0.0,,,,,,,,,1256.3,,,,1254.7,,1250.2688524590162
658,20,2020-06-16 08:51:00,2020-06-16 09:29:00,194.89999999990692,hold,[''],2020-06-16,야간,,,74.0,,0.0,,,,,,,,,1175.1,,,,1204.6,,1190.4358974358975
659,20,2020-06-19 23:13:00,2020-06-20 02:27:00,703.1000000000931,hold,[''],2020-06-19,야간,,,77.0,,0.0,,,,,,,,,1247.8,,,,1254.8,,1245.5610256410255
660,20,2020-06-22 11:53:00,2020-06-22 12:58:00,194.1000000000932,hold,[''],2020-06-22,주간,,,78.0,,0.0,,,,,,,,,1252.0,,,,1253.5,,1253.107575757576
661,20,2020-06-22 22:20:00,2020-06-23 01:10:00,536.1999999999534,hold,[''],2020-06-22,야간,,,79.0,,0.0,,,,,,,,,1255.9,,,,1253.6,,1253.411111111111
662,20,2020-06-23 18:46:00,2020-06-24 06:51:00,2098.7999999998137,hold,[''],2020-06-24,주간,,,80.0,,0.0,,,,,,,,,1253.4,,,,1253.4,,1253.0786501377409
663,20,2020-06-30 11:17:00,2020-06-30 15:53:00,905.0999999998604,hold,[''],2020-06-30,주간,,,83.0,,0.0,,,,,,,,,1253.9,,,,1253.3,,1253.078700361011
664,20,2020-07-01 16:17:00,2020-07-01 18:18:00,409.80000000004657,hold,[''],2020-07-01,야간,,,85.0,,0.0,,,,,,,,,1252.9,,,,1252.6,,1253.02868852459
665,20,2020-07-02 11:25:00,2020-07-02 15:24:00,830.4000000001398,hold,[''],2020-07-02,야간,,,86.0,,0.0,,,,,,,,,1254.0,,,,1255.2,,1253.2495833333332
666,20,2020-07-06 21:31:00,2020-07-06 23:00:00,343.0,hold,[''],2020-07-03,야간,,,87.0,,0.0,,,,,,,,,1252.3,,,,1255.5,,1253.51
667,20,2020-07-07 09:38:00,2020-07-07 18:54:00,2090.5999999998608,hold,[''],2020-07-07,야간,,,88.0,,0.0,,,,,,,,,1255.4,,,,1253.0,,1253.254039497307
668,20,2020-07-09 11:45:00,2020-07-09 12:54:00,263.5,hold,[''],2020-07-09,주간,,,89.0,,0.0,,,,,,,,,1255.5,,,,1254.2,,1253.9985714285715
669,20,2020-07-09 23:36:00,2020-07-10 10:43:00,2904.3999999999073,hold,[''],2020-07-10,주간,,,90.0,,0.0,,,,,,,,,1252.2,,,,1253.7,,1253.2482035928144
670,20,2020-07-13 15:05:00,2020-07-13 18:01:00,573.6999999999534,hold,[''],2020-07-13,야간,,,93.0,,0.0,,,,,,,,,1256.4,,,,1253.0,,1252.9333333333334
671,20,2020-07-14 07:19:00,2020-07-14 08:24:00,212.6000000000932,hold,[''],2020-07-14,주간,,,94.0,,0.0,,,,,,,,,1253.1,,,,1253.3,,1253.0666666666666
672,20,2020-07-14 20:39:00,2020-07-14 22:32:00,443.4000000001397,hold,[''],2020-07-15,주간,,,95.0,,0.0,,,,,,,,,1253.6,,,,1252.5,,1253.0771929824562
