,Type,cycle,drop_flag,in,out,가스사용량,가스사용량(마지막 구간),가열로 번호,가열완료 온도,가열중 마지막 문닫힌 시간,가열중 문열림 횟수,뺄시간,소재 list,시작시간,시작온도,실제 시작시간,원래시작점온도,이전 종료시간,작업일자,종료시간,종료온도,주/야간,최종 가열시작 온도,평균온도,평일/주말
0,heat,1.0,0,[],[],1313.1000000000058,1313.1000000000058,13,1261.9,0,0.0,2.0,['190624-15226-001'],2019-10-14 10:01:00,445.6,2019-10-14 10:01:00,445.6,2019-09-18 22:13:00,,2019-10-14 12:02:00,1261.9,,0.0,,
1,open,,0,[],[],11.0,,13,,,,,,2019-10-14 16:45:00,1256.0,,,,,2019-10-14 16:52:00,803.9,,,,
2,reheat,,0,[],[],240.19999999998254,,13,,,,2.0,,2019-10-14 16:52:00,803.9,,,,,2019-10-14 17:15:00,,,,,
3,hold,,0,[],[],1851.8000000000175,,13,,,,,,2019-10-14 17:15:00,1260.2,,,,,2019-10-14 22:55:00,1259.1,,,1256.134017595308,
4,open,,0,[],[],44.099999999976724,,13,,,,,,2019-10-14 22:55:00,1259.1,,,,,2019-10-14 23:08:00,854.1,,,,
5,reheat,,0,[],[],120.70000000001164,,13,,,,0.0,,2019-10-14 23:08:00,854.1,,,,,2019-10-14 23:20:00,,,,,
6,hold,,0,[],[],81.70000000001164,,13,,,,,,2019-10-14 23:20:00,1262.5,,,,,2019-10-14 23:34:00,1256.3,,,1256.8133333333333,
7,open,,0,[],[],32.099999999976724,,13,,,,,,2019-10-14 23:34:00,1256.3,,,,,2019-10-14 23:44:00,861.2,,,,
8,reheat,,0,[],[],259.20000000001164,,13,,,,0.0,,2019-10-14 23:44:00,861.2,,,,,2019-10-15 00:11:00,,,,,
9,hold,,0,[],[],1405.1000000000058,,13,,,,,,2019-10-15 00:11:00,1255.3,,,,,2019-10-15 05:01:00,1258.3,,,1256.323711340206,
10,open,,0,[],[],14.399999999994181,,13,,,,,,2019-10-15 05:01:00,1258.3,,,,,2019-10-15 05:09:00,860.6,,,,
11,reheat,,0,[],[],155.5,,13,,,,1.0,,2019-10-15 05:09:00,860.6,,,,,2019-10-15 05:28:00,,,,,
12,heat,2.0,0,[],[],259.70000000001164,259.70000000001164,13,1254.5,0,0.0,1.0,['190624-15226-001'],2019-10-15 05:47:00,853.5,2019-10-15 05:47:00,853.5,2019-10-15 05:37:00,,2019-10-15 06:15:00,1254.5,,0.0,,
13,heat,3.0,0,[],[],299.1999999999825,186.39999999999415,13,1257.2,2019-10-15 11:48:00,1.0,3.0,['190624-15226-001'],2019-10-15 11:32:00,866.5,2019-10-15 11:32:00,866.5,2019-10-15 11:21:00,,2019-10-15 12:07:00,1257.2,,858.7,,
14,heat,4.0,0,[],[],1054.3999999999942,1054.3999999999942,13,1259.3,0,0.0,2.0,['190905-19234-006'],2019-10-15 22:58:00,440.4,2019-10-15 22:58:00,440.4,2019-10-15 20:21:00,,2019-10-16 00:34:00,1259.3,,0.0,,
15,open,,0,[],[],34.79999999998836,,13,,,,,,2019-10-16 11:09:00,1260.4,,,,,2019-10-16 11:22:00,826.6,,,,
16,reheat,,0,[],[],122.60000000000582,,13,,,,1.0,,2019-10-16 11:22:00,826.6,,,,,2019-10-16 11:35:00,,,,,
17,open,,0,[],[],48.39999999999418,,13,,,,,,2019-10-16 11:35:00,1262.9,,,,,2019-10-16 11:48:00,839.9,,,,
18,reheat,,0,[],[],30.0,,13,,,,1.0,,2019-10-16 11:48:00,839.9,,,,,2019-10-16 11:52:00,,,,,
19,open,,0,[],[],3.1000000000058208,,13,,,,,,2019-10-16 11:52:00,1042.0,,,,,2019-10-16 11:56:00,785.6,,,,
20,reheat,,0,[],[],191.79999999998842,,13,,,,0.0,,2019-10-16 11:56:00,785.6,,,,,2019-10-16 12:15:00,,,,,
21,hold,,0,[],[],1175.3000000000175,,13,,,,,,2019-10-16 12:15:00,1257.8,,,,,2019-10-16 17:11:00,1260.1,,,1257.8010101010102,
22,open,,0,[],[],5.199999999982539,,13,,,,,,2019-10-16 17:11:00,1260.1,,,,,2019-10-16 17:16:00,888.3,,,,
23,reheat,,0,[],[],31.800000000017466,,13,,,,0.0,,2019-10-16 17:16:00,888.3,,,,,2019-10-16 17:20:00,,,,,
24,heat,5.0,0,[],[],263.5,263.5,13,1259.8,0,0.0,1.0,['190905-19234-006'],2019-10-16 17:34:00,651.6,2019-10-16 17:34:00,651.6,2019-10-16 17:21:00,,2019-10-16 18:00:00,1259.8,,0.0,,
25,open,,0,[],[],27.799999999988362,,13,,,,,,2019-10-16 22:41:00,1259.7,,,,,2019-10-16 23:00:00,804.1,,,,
26,reheat,,0,[],[],141.0,,13,,,,1.0,,2019-10-16 23:00:00,804.1,,,,,2019-10-16 23:14:00,,,,,
27,hold,,0,[],[],609.1000000000057,,13,,,,,,2019-10-16 23:14:00,1262.1,,,,,2019-10-17 01:39:00,1259.4,,,1256.2575342465755,
28,open,,0,[],[],28.700000000011638,,13,,,,,,2019-10-17 01:39:00,1259.4,,,,,2019-10-17 01:51:00,810.5,,,,
29,reheat,,0,[],[],118.29999999998836,,13,,,,0.0,,2019-10-17 01:51:00,810.5,,,,,2019-10-17 02:03:00,,,,,
30,heat,6.0,0,[],[],183.59999999997672,183.59999999997672,13,1255.9,0,0.0,1.0,['190905-19234-012'],2019-10-17 04:34:00,792.2,2019-10-17 04:32:00,831.0,2019-10-17 04:26:00,,2019-10-17 04:57:00,1255.9,,0.0,,
31,open,,0,[],[],26.200000000011638,,13,,,,,,2019-10-17 11:21:00,1263.4,,,,,2019-10-17 11:30:00,1055.9,,,,
32,reheat,,0,[],[],28.89999999999418,,13,,,,1.0,,2019-10-17 11:30:00,1055.9,,,,,2019-10-17 11:34:00,,,,,
33,open,,0,[],[],9.700000000011643,,13,,,,,,2019-10-17 11:34:00,1210.7,,,,,2019-10-17 11:38:00,938.4,,,,
34,reheat,,0,[],[],55.39999999999418,,13,,,,0.0,,2019-10-17 11:38:00,938.4,,,,,2019-10-17 11:43:00,,,,,
35,open,,0,[],[],7.2000000000116415,,13,,,,,,2019-10-17 11:43:00,1212.8,,,,,2019-10-17 11:45:00,1033.9,,,,
36,reheat,,0,[],[],97.79999999998836,,13,,,,0.0,,2019-10-17 11:45:00,1033.9,,,,,2019-10-17 11:55:00,,,,,
37,hold,,0,[],[],315.70000000001164,,13,,,,,,2019-10-17 11:55:00,1258.6,,,,,2019-10-17 13:11:00,1262.0,,,1259.337662337662,
38,open,,0,[],[],26.199999999982534,,13,,,,,,2019-10-17 13:11:00,1262.0,,,,,2019-10-17 13:19:00,1185.0,,,,
39,reheat,,0,[],[],75.30000000001745,,13,,,,0.0,,2019-10-17 13:19:00,1185.0,,,,,2019-10-17 13:34:00,,,,,
40,hold,,0,[],[],628.5999999999767,,13,,,,,,2019-10-17 13:34:00,1264.4,,,,,2019-10-17 16:33:00,1263.5,,,1260.9494444444445,
41,open,,0,[],[],17.200000000011638,,13,,,,,,2019-10-17 16:33:00,1263.5,,,,,2019-10-17 16:42:00,862.7,,,,
42,reheat,,0,[],[],80.6000000000058,,13,,,,0.0,,2019-10-17 16:42:00,862.7,,,,,2019-10-17 16:50:00,,,,,
43,heat,7.0,0,[],[],361.90000000002334,361.90000000002334,13,1252.7,0,0.0,2.0,['190905-19234-012'],2019-10-17 17:06:00,643.2,2019-10-17 17:06:00,643.2,2019-10-17 16:51:00,,2019-10-17 17:45:00,1252.7,,0.0,,
44,open,,0,[],[],33.5,,13,,,,,,2019-10-17 22:51:00,1262.4,,,,,2019-10-17 23:06:00,739.5,,,,
45,reheat,,0,[],[],171.30000000001746,,13,,,,1.0,,2019-10-17 23:06:00,739.5,,,,,2019-10-17 23:26:00,,,,,
46,hold,,0,[],[],346.2999999999884,,13,,,,,,2019-10-17 23:26:00,1253.8,,,,,2019-10-18 00:51:00,1261.1,,,1258.3534883720931,
47,open,,0,[],[],25.299999999988362,,13,,,,,,2019-10-18 00:51:00,1261.1,,,,,2019-10-18 00:59:00,983.5,,,,
48,reheat,,0,[],[],114.60000000000582,,13,,,,1.0,,2019-10-18 00:59:00,983.5,,,,,2019-10-18 01:16:00,,,,,
49,hold,,0,[],[],115.60000000000582,,13,,,,,,2019-10-18 01:16:00,1255.7,,,,,2019-10-18 01:45:00,1260.8,,,1258.0933333333335,
50,open,,0,[],[],26.10000000000582,,13,,,,,,2019-10-18 01:45:00,1260.8,,,,,2019-10-18 01:53:00,1058.4,,,,
51,reheat,,0,[],[],80.0,,13,,,,0.0,,2019-10-18 01:53:00,1058.4,,,,,2019-10-18 02:02:00,,,,,
52,hold,,0,[],[],560.1000000000058,,13,,,,,,2019-10-18 02:02:00,1261.3,,,,,2019-10-18 04:25:00,1259.1,,,1258.1965277777776,
53,open,,0,[],[],10.099999999976717,,13,,,,,,2019-10-18 04:25:00,1259.1,,,,,2019-10-18 04:29:00,995.7,,,,
54,reheat,,0,[],[],44.60000000000582,,13,,,,0.0,,2019-10-18 04:29:00,995.7,,,,,2019-10-18 04:34:00,,,,,
55,open,,0,[],[],10.100000000005819,,13,,,,,,2019-10-18 04:35:00,1261.1,,,,,2019-10-18 04:41:00,812.1,,,,
56,reheat,,0,[],[],147.2000000000116,,13,,,,0.0,,2019-10-18 04:41:00,812.1,,,,,2019-10-18 04:55:00,,,,,
57,hold,,0,[],[],579.5,,13,,,,,,2019-10-18 04:55:00,1256.9,,,,,2019-10-18 07:15:00,1259.1,,,1257.6191489361702,
58,open,,0,[],[],7.199999999982537,,13,,,,,,2019-10-18 07:15:00,1259.1,,,,,2019-10-18 07:18:00,1026.2,,,,
59,reheat,,0,[],[],48.900000000023276,,13,,,,0.0,,2019-10-18 07:18:00,1026.2,,,,,2019-10-18 07:23:00,,,,,
60,open,,0,[],[],3.1000000000058208,,13,,,,,,2019-10-18 07:24:00,1252.9,,,,,2019-10-18 07:27:00,931.1,,,,
61,reheat,,0,[],[],103.30000000001745,,13,,,,0.0,,2019-10-18 07:27:00,931.1,,,,,2019-10-18 07:37:00,,,,,
62,heat,8.0,0,[],[],363.7000000000117,363.7000000000117,13,1252.9,2019-10-18 09:47:00,1.0,43.0,"['190529-19154-002', '190529-19154-001']",2019-10-18 14:18:00,1011.4,2019-10-18 09:14:00,1019.4,2019-10-18 07:39:00,,2019-10-18 15:12:00,1252.9,,870.3,,
63,open,,0,[],[],12.200000000011642,,13,,,,,,2019-10-18 20:26:00,1258.4,,,,,2019-10-18 20:34:00,849.9,,,,
64,reheat,,0,[],[],31.89999999999418,,13,,,,0.0,,2019-10-18 20:34:00,849.9,,,,,2019-10-18 20:38:00,,,,,
65,open,,0,[],[],14.600000000005819,,13,,,,,,2019-10-18 20:38:00,1113.0,,,,,2019-10-18 20:55:00,551.0,,,,
66,reheat,,0,[],[],311.29999999998836,,13,,,,2.0,,2019-10-18 20:55:00,551.0,,,,,2019-10-18 21:25:00,,,,,
67,hold,,0,[],[],1173.7000000000114,,13,,,,,,2019-10-18 21:25:00,1256.0,,,,,2019-10-19 01:29:00,1258.1,,,1254.2334693877553,
68,open,,0,[],[],14.199999999982538,,13,,,,,,2019-10-19 01:29:00,1258.1,,,,,2019-10-19 01:41:00,692.1,,,,
69,reheat,,0,[],[],224.5,,13,,,,1.0,,2019-10-19 01:41:00,692.1,,,,,2019-10-19 02:07:00,,,,,
70,heat,9.0,0,[],[],4045.0,1894.5,13,1257.5,2019-10-21 20:34:00,2.0,28.0,"['180903-12339-009', '180714-15088-006', '190918-12321-002']",2019-10-21 16:29:00,61.3,2019-10-21 16:29:00,61.3,2019-10-19 06:10:00,,2019-10-21 23:20:00,1257.5,,476.2,,
71,open,,0,[],[],35.5,,13,,,,,,2019-10-22 15:32:00,1256.1,,,,,2019-10-22 15:43:00,872.3,,,,
72,reheat,,0,[],[],180.20000000001164,,13,,,,1.0,,2019-10-22 15:43:00,872.3,,,,,2019-10-22 16:07:00,,,,,
73,heat,10.0,0,[],[],185.0,185.0,13,1254.0,0,0.0,1.0,['180714-15088-006'],2019-10-22 18:03:00,987.4,2019-10-22 18:01:00,941.2,2019-10-22 17:56:00,,2019-10-22 18:28:00,1254.0,,0.0,,
74,open,,0,[],[],28.800000000046573,,13,,,,,,2019-10-22 18:48:00,1256.7,,,,,2019-10-22 18:59:00,804.4,,,,
75,reheat,,0,[],[],213.79999999998842,,13,,,,1.0,,2019-10-22 18:59:00,804.4,,,,,2019-10-22 19:25:00,,,,,
76,heat,11.0,0,[],[],2047.6000000000352,1984.6000000000352,13,1261.1,2019-10-22 21:13:00,1.0,5.0,"['190710-19001-103', '190710-19001-102', '190710-19001-101', '190710-19001-100', '190908-79930-001_2', '190917-15006-002_1', '190917-15006-002_2', '190908-79930-001_1']",2019-10-22 21:00:00,517.8,2019-10-22 21:00:00,517.8,2019-10-22 20:22:00,,2019-10-23 00:05:00,1261.1,,633.2,,
77,open,,0,[],[],41.199999999953434,,13,,,,,,2019-10-23 02:37:00,1252.8,,,,,2019-10-23 02:50:00,724.4,,,,
78,reheat,,0,[],[],309.10000000003487,,13,,,,3.0,,2019-10-23 02:50:00,724.4,,,,,2019-10-23 03:19:00,,,,,
79,hold,,0,[],[],67.20000000001164,,13,,,,,,2019-10-23 03:19:00,1171.8,,,,,2019-10-23 03:25:00,1191.1,,,1179.2,
80,open,,0,[],[],38.099999999976724,,13,,,,,,2019-10-23 03:25:00,1191.1,,,,,2019-10-23 03:32:00,818.8,,,,
81,reheat,,0,[],[],915.2000000000116,,13,,,,1.0,,2019-10-23 03:32:00,818.8,,,,,2019-10-23 04:51:00,,,,,
82,hold,,0,[],[],4477.599999999977,,13,,,,,,2019-10-23 04:51:00,1247.6,,,,,2019-10-23 18:26:00,1255.8,,,1251.581617647059,
83,open,,0,[],[],37.29999999998836,,13,,,,,,2019-10-23 18:26:00,1255.8,,,,,2019-10-23 18:52:00,663.8,,,,
84,reheat,,0,[],[],251.5,,13,,,,3.0,,2019-10-23 18:52:00,663.8,,,,,2019-10-23 19:18:00,,,,,
85,hold,,0,[],[],2356.9000000000233,,13,,,,,,2019-10-23 19:18:00,1259.8,,,,,2019-10-24 05:00:00,1257.4,,,1253.96295025729,
86,open,,0,[],[],11.099999999976715,,13,,,,,,2019-10-24 05:00:00,1257.4,,,,,2019-10-24 05:07:00,858.8,,,,
87,reheat,,0,[],[],132.90000000002328,,13,,,,0.0,,2019-10-24 05:07:00,858.8,,,,,2019-10-24 05:21:00,,,,,
88,hold,,0,[],[],25.799999999988362,,13,,,,,,2019-10-24 05:21:00,1259.9,,,,,2019-10-24 05:26:00,1259.3,,,1258.75,
89,open,,0,[],[],38.900000000023276,,13,,,,,,2019-10-24 05:26:00,1259.3,,,,,2019-10-24 05:38:00,854.2,,,,
90,reheat,,0,[],[],137.79999999998836,,13,,,,1.0,,2019-10-24 05:38:00,854.2,,,,,2019-10-24 05:52:00,,,,,
91,hold,,0,[],[],164.5,,13,,,,,,2019-10-24 05:52:00,1261.2,,,,,2019-10-24 06:28:00,1255.6,,,1253.4405405405407,
92,open,,0,[],"['190908-79930-001', '190917-15006-002', '190917-15006-002', '190908-79930-001']",11.099999999976715,,13,,,,,"['190710-19001-103', '190710-19001-102', '190710-19001-101', '190710-19001-100']",2019-10-24 06:28:00,1255.6,,,,,2019-10-24 06:33:00,927.4,,,,
93,reheat,,0,[],[],147.80000000004657,,13,,,,1.0,,2019-10-24 06:33:00,927.4,,,,,2019-10-24 06:52:00,,,,,
94,heat,12.0,0,[],[],974.7000000000116,974.7000000000116,13,1255.1,0,0.0,1.0,"['가열로 다이', '180607-19217-163', '190918-12321-001_1', '191009-01502-001_2', '191009-01502-001_1']",2019-10-24 07:27:00,549.3,2019-10-24 07:27:00,549.3,2019-10-24 06:54:00,,2019-10-24 08:52:00,1255.1,,0.0,,
95,open,,0,[],[],6.100000000034925,,13,,,,,,2019-10-24 23:00:00,1255.7,,,,,2019-10-24 23:05:00,911.6,,,,
96,reheat,,0,[],[],85.59999999997672,,13,,,,0.0,,2019-10-24 23:05:00,911.6,,,,,2019-10-24 23:13:00,,,,,
97,hold,,0,[],[],20.799999999988362,,13,,,,,,2019-10-24 23:13:00,1263.3,,,,,2019-10-24 23:16:00,1261.1,,,1261.75,
98,open,,0,[],[],14.100000000034926,,13,,,,,,2019-10-24 23:16:00,1261.1,,,,,2019-10-24 23:23:00,866.6,,,,
99,reheat,,0,[],[],126.0,,13,,,,1.0,,2019-10-24 23:23:00,866.6,,,,,2019-10-24 23:36:00,,,,,
100,hold,,0,[],[],335.0999999999767,,13,,,,,,2019-10-24 23:36:00,1261.9,,,,,2019-10-25 00:54:00,1257.9,,,1254.1101265822786,
101,open,,0,[],[],27.299999999988362,,13,,,,,,2019-10-25 00:54:00,1257.9,,,,,2019-10-25 01:05:00,852.3,,,,
102,reheat,,0,[],[],107.20000000001164,,13,,,,0.0,,2019-10-25 01:05:00,852.3,,,,,2019-10-25 01:15:00,,,,,
103,open,,0,[],[],46.10000000003493,,13,,,,,,2019-10-25 01:16:00,1262.1,,,,,2019-10-25 01:27:00,880.1,,,,
104,reheat,,0,[],[],139.69999999995343,,13,,,,0.0,,2019-10-25 01:27:00,880.1,,,,,2019-10-25 01:41:00,,,,,
105,hold,,0,[],[],456.7000000000117,,13,,,,,,2019-10-25 01:41:00,1260.5,,,,,2019-10-25 03:28:00,1256.6,,,1253.7666666666667,
106,open,,0,[],"['190918-12321-001', '191009-01502-001', '191009-01502-001']",31.299999999988362,,13,,,,,"['가열로 다이', '180607-19217-163']",2019-10-25 03:28:00,1256.6,,,,,2019-10-25 03:41:00,852.6,,,,
107,reheat,,0,[],[],122.0,,13,,,,0.0,,2019-10-25 03:41:00,852.6,,,,,2019-10-25 03:53:00,,,,,
108,heat,13.0,0,[],[],2358.0,932.0999999999768,13,1261.0,2019-10-28 20:26:00,1.0,4.0,"['190905-19234-018', '190905-19234-018']",2019-10-28 15:35:00,37.9,2019-10-28 15:35:00,37.9,2019-10-25 18:24:00,,2019-10-28 21:45:00,1261.0,,747.9,,
109,open,,0,[],[],5.2000000000116415,,13,,,,,,2019-10-29 07:14:00,1255.5,,,,,2019-10-29 07:20:00,852.1,,,,
110,reheat,,0,[],[],129.70000000001164,,13,,,,0.0,,2019-10-29 07:20:00,852.1,,,,,2019-10-29 07:32:00,,,,,
111,hold,,0,[],[],10.0,,13,,,,,,2019-10-29 07:32:00,1260.4,,,,,2019-10-29 07:33:00,1262.2,,,1261.3000000000004,
112,open,,0,[],[],57.5,,13,,,,,,2019-10-29 07:33:00,1262.2,,,,,2019-10-29 07:44:00,847.2,,,,
113,reheat,,0,[],[],255.29999999998842,,13,,,,0.0,,2019-10-29 07:44:00,847.2,,,,,2019-10-29 08:10:00,,,,,
114,hold,,0,[],[],882.0,,13,,,,,,2019-10-29 08:10:00,1250.9,,,,,2019-10-29 10:54:00,1254.2,,,1251.3575757575754,
115,open,,0,[],[],23.100000000034925,,13,,,,,,2019-10-29 10:54:00,1254.2,,,,,2019-10-29 11:03:00,805.9,,,,
116,reheat,,0,[],[],124.5,,13,,,,0.0,,2019-10-29 11:03:00,805.9,,,,,2019-10-29 11:15:00,,,,,
117,open,,0,[],[],17.0,,13,,,,,,2019-10-29 11:15:00,1259.6,,,,,2019-10-29 11:27:00,647.0,,,,
118,reheat,,0,[],[],289.5,,13,,,,1.0,,2019-10-29 11:27:00,647.0,,,,,2019-10-29 11:54:00,,,,,
119,heat,14.0,0,[],[],553.1999999999534,342.69999999995343,13,1255.6,2019-10-29 19:37:00,1.0,15.0,"['190905-19234-018', '190905-19234-018', '191018-19226-004', '191018-19226-004', '191018-19226-004', '191018-19226-004']",2019-10-29 18:57:00,916.1,2019-10-29 18:56:00,994.1,2019-10-29 18:48:00,,2019-10-29 20:10:00,1255.6,,629.2,,
120,open,,0,[],[],2.1000000000349246,,13,,,,,,2019-10-30 00:00:00,1255.5,,,,,2019-10-30 00:03:00,1045.5,,,,
121,reheat,,0,[],[],69.29999999998836,,13,,,,1.0,,2019-10-30 00:03:00,1045.5,,,,,2019-10-30 00:11:00,,,,,
122,hold,,0,[],[],249.70000000001164,,13,,,,,,2019-10-30 00:11:00,1261.4,,,,,2019-10-30 01:04:00,1257.4,,,1254.0407407407406,
123,open,,0,[],[],12.399999999965074,,13,,,,,,2019-10-30 01:04:00,1257.4,,,,,2019-10-30 01:14:00,720.9,,,,
124,reheat,,0,[],[],172.30000000004657,,13,,,,1.0,,2019-10-30 01:14:00,720.9,,,,,2019-10-30 01:31:00,,,,,
125,hold,,0,[],[],1050.399999999965,,13,,,,,,2019-10-30 01:31:00,1261.4,,,,,2019-10-30 05:18:00,1259.8,,,1255.2140350877196,
126,open,,0,[],[],30.0,,13,,,,,,2019-10-30 05:18:00,1259.8,,,,,2019-10-30 05:29:00,840.3,,,,
127,reheat,,0,[],[],100.5,,13,,,,0.0,,2019-10-30 05:29:00,840.3,,,,,2019-10-30 05:38:00,,,,,
128,heat,15.0,0,[],[],578.2999999999884,436.7000000000117,13,1252.1,2019-10-30 06:22:00,1.0,9.0,"['190905-19234-024', '190905-19234-024', '191004-19963-003', '191004-19963-003', '191004-19963-003', '191004-19963-003']",2019-10-30 05:59:00,723.1,2019-10-30 05:59:00,723.1,2019-10-30 05:41:00,,2019-10-30 07:05:00,1252.1,,651.0,,
129,open,,0,[],[],28.400000000023283,,13,,,,,,2019-10-30 12:58:00,1258.9,,,,,2019-10-30 13:11:00,750.3,,,,
130,reheat,,0,[],[],162.2999999999884,,13,,,,1.0,,2019-10-30 13:11:00,750.3,,,,,2019-10-30 13:27:00,,,,,
131,heat,16.0,0,[],[],1084.0,1084.0,13,1257.8,0,0.0,2.0,"['190917-15006-006', '190917-15006-006', '190531-12005-002', '191025-13134-002', '191025-13134-002', '191025-13134-002', '190211-19581-005']",2019-10-30 19:11:00,502.3,2019-10-30 19:11:00,502.3,2019-10-30 13:52:00,,2019-10-30 20:46:00,1257.8,,0.0,,
132,open,,0,[],[],37.79999999998836,,13,,,,,,2019-10-30 22:44:00,1253.5,,,,,2019-10-30 22:55:00,820.2,,,,
133,reheat,,0,[],[],353.2999999999884,,13,,,,0.0,,2019-10-30 22:55:00,820.2,,,,,2019-10-30 23:26:00,,,,,
134,hold,,0,[],[],1162.8000000000466,,13,,,,,,2019-10-30 23:26:00,1256.4,,,,,2019-10-31 02:08:00,1252.8,,,1251.6349693251534,
135,open,,0,[],[],37.199999999953434,,13,,,,,,2019-10-31 02:08:00,1252.8,,,,,2019-10-31 02:22:00,776.2,,,,
136,reheat,,0,[],[],12.600000000034926,,13,,,,0.0,,2019-10-31 02:22:00,776.2,,,,,2019-10-31 02:25:00,,,,,
137,open,,0,[],[],2.099999999976717,,13,,,,,,2019-10-31 02:25:00,894.3,,,,,2019-10-31 02:35:00,594.4,,,,
138,reheat,,0,[],[],484.10000000003487,,13,,,,3.0,,2019-10-31 02:35:00,594.4,,,,,2019-10-31 03:19:00,,,,,
139,hold,,0,[],[],151.69999999995343,,13,,,,,,2019-10-31 03:19:00,1238.9,,,,,2019-10-31 03:31:00,1262.5,,,1251.9,
140,open,,0,[],[],39.30000000004657,,13,,,,,,2019-10-31 03:31:00,1262.5,,,,,2019-10-31 03:40:00,825.9,,,,
141,reheat,,0,[],[],162.7999999999884,,13,,,,2.0,,2019-10-31 03:40:00,825.9,,,,,2019-10-31 03:55:00,,,,,
142,hold,,0,[],[],94.79999999998836,,13,,,,,,2019-10-31 03:55:00,1131.3,,,,,2019-10-31 04:03:00,1159.3,,,1144.6666666666667,
143,open,,0,[],[],9.400000000023283,,13,,,,,,2019-10-31 04:03:00,1159.3,,,,,2019-10-31 04:10:00,700.4,,,,
144,reheat,,0,[],[],1101.1999999999532,,13,,,,1.0,,2019-10-31 04:10:00,700.4,,,,,2019-10-31 05:42:00,,,,,
145,hold,,0,[],[],3903.800000000047,,13,,,,,,2019-10-31 05:42:00,1258.1,,,,,2019-10-31 16:54:00,1256.3,,,1251.4848439821692,
146,open,,0,[],[],21.0,,13,,,,,,2019-10-31 16:54:00,1256.3,,,,,2019-10-31 17:01:00,1011.3,,,,
147,reheat,,0,[],[],138.09999999997672,,13,,,,1.0,,2019-10-31 17:01:00,1011.3,,,,,2019-10-31 17:21:00,,,,,
148,hold,,0,[],[],144.0,,13,,,,,,2019-10-31 17:21:00,1249.2,,,,,2019-10-31 17:54:00,1256.7,,,1252.335294117647,
149,open,,0,[],[],25.0,,13,,,,,,2019-10-31 17:54:00,1256.7,,,,,2019-10-31 18:02:00,999.8,,,,
150,reheat,,0,[],[],72.0,,13,,,,0.0,,2019-10-31 18:02:00,999.8,,,,,2019-10-31 18:09:00,,,,,
151,heat,17.0,0,[],[],169.2000000000116,169.2000000000116,13,1250.1,0,0.0,0.0,"['190211-19581-005', '190531-12005-002', '190917-15006-006', '190917-15006-006']",2019-10-31 18:20:00,1010.0,2019-10-31 18:19:00,1035.1,2019-10-31 18:13:00,,2019-10-31 18:43:00,1250.1,,0.0,,
152,heat,18.0,0,[],[],1803.2000000000119,1442.9000000000233,13,1262.2,2019-11-01 14:21:00,4.0,26.0,"['190820-15008-001', '190820-15008-001']",2019-11-01 13:00:00,518.0,2019-11-01 06:15:00,887.7636641221178,2019-11-01 06:15:00,,2019-11-01 16:27:00,1262.2,,596.1,,
153,open,,0,[],[],28.200000000011638,,13,,,,,,2019-11-01 19:50:00,1254.2,,,,,2019-11-01 20:01:00,785.3,,,,
154,reheat,,0,[],[],172.5,,13,,,,0.0,,2019-11-01 20:01:00,785.3,,,,,2019-11-01 20:17:00,,,,,
155,hold,,0,[],[],1364.100000000035,,13,,,,,,2019-11-01 20:17:00,1261.3,,,,,2019-11-02 01:04:00,1258.2,,,1253.6392361111114,
156,open,,0,[],[],20.199999999953434,,13,,,,,,2019-11-02 01:04:00,1258.2,,,,,2019-11-02 01:14:00,772.0,,,,
157,reheat,,0,[],[],102.60000000003492,,13,,,,2.0,,2019-11-02 01:14:00,772.0,,,,,2019-11-02 01:25:00,,,,,
158,open,,0,[],[],4.2000000000116415,,13,,,,,,2019-11-02 01:26:00,1239.2,,,,,2019-11-02 01:32:00,783.7,,,,
159,reheat,,0,[],[],24.700000000011638,,13,,,,0.0,,2019-11-02 01:32:00,783.7,,,,,2019-11-02 01:35:00,,,,,
160,open,,0,[],[],3.1000000000349246,,13,,,,,,2019-11-02 01:36:00,945.0,,,,,2019-11-02 01:42:00,667.9,,,,
161,reheat,,0,[],[],271.2999999999884,,13,,,,0.0,,2019-11-02 01:42:00,667.9,,,,,2019-11-02 02:07:00,,,,,
162,heat,19.0,0,[],[],448.2999999999884,451.40000000002334,13,759.9,2019-11-02 14:30:00,0.0,42.0,"['190820-15008-001', '190820-15008-001', '191025-13134-010', '191025-13134-010', '191025-13134-010', '191025-13134-010']",2019-11-02 14:30:00,617.9,2019-11-02 14:25:00,610.1,2019-11-02 03:08:00,,2019-11-02 18:18:00,759.9,,617.9,,
163,heat,19.0,0,[],[],3733.399999999965,3733.399999999965,13,1251.4,2019-11-02 14:30:00,0.0,42.0,"['190820-15008-001', '190820-15008-001', '191025-13134-010', '191025-13134-010', '191025-13134-010', '191025-13134-010']",2019-11-03 15:20:00,798.1,2019-11-02 14:25:00,610.1,2019-11-02 03:08:00,,2019-11-04 02:15:00,1251.4,,617.9,,
164,open,,0,[],[],15.299999999988358,,13,,,,,,2019-11-04 13:18:00,1257.7,,,,,2019-11-04 13:30:00,685.4,,,,
165,reheat,,0,[],[],181.20000000001164,,13,,,,1.0,,2019-11-04 13:30:00,685.4,,,,,2019-11-04 13:48:00,,,,,
166,hold,,0,[],[],245.90000000002328,,13,,,,,,2019-11-04 13:48:00,1257.3,,,,,2019-11-04 14:36:00,1259.8,,,1255.7020408163264,
167,open,,0,[],[],7.099999999976717,,13,,,,,,2019-11-04 14:36:00,1259.8,,,,,2019-11-04 14:43:00,792.3,,,,
168,reheat,,0,[],[],49.400000000023276,,13,,,,2.0,,2019-11-04 14:43:00,792.3,,,,,2019-11-04 14:49:00,,,,,
169,heat,20.0,0,[],[],982.7000000000116,631.2000000000116,13,1258.2,2019-11-04 19:07:00,4.0,40.0,"['191002-15231-002', '191002-15231-002_6', '191002-15231-002_8', '191002-15231-002_7']",2019-11-04 17:46:00,885.4,2019-11-04 17:46:00,885.4,2019-11-04 14:50:00,,2019-11-04 20:03:00,1258.2,,678.0,,
170,open,,0,[],[],23.700000000011638,,13,,,,,,2019-11-04 23:00:00,1256.9,,,,,2019-11-04 23:08:00,896.0,,,,
171,reheat,,0,[],[],95.79999999998836,,13,,,,0.0,,2019-11-04 23:08:00,896.0,,,,,2019-11-04 23:17:00,,,,,
172,hold,,0,[],[],50.70000000001164,,13,,,,,,2019-11-04 23:17:00,1261.9,,,,,2019-11-04 23:23:00,1258.8,,,1259.785714285714,
173,open,,0,[],[],23.600000000034925,,13,,,,,,2019-11-04 23:23:00,1258.8,,,,,2019-11-04 23:31:00,876.0,,,,
174,reheat,,0,[],[],124.59999999997672,,13,,,,0.0,,2019-11-04 23:31:00,876.0,,,,,2019-11-04 23:42:00,,,,,
175,hold,,0,[],[],28.09999999997672,,13,,,,,,2019-11-04 23:42:00,1259.9,,,,,2019-11-04 23:45:00,1261.7,,,1260.225,
176,open,,0,[],"['191002-15231-002', '191002-15231-002', '191002-15231-002']",40.60000000003493,,13,,,,,['191002-15231-002'],2019-11-04 23:45:00,1261.7,,,,,2019-11-05 00:03:00,621.2,,,,
177,reheat,,0,[],[],546.0999999999766,,13,,,,1.0,,2019-11-05 00:03:00,621.2,,,,,2019-11-05 00:54:00,,,,,
178,hold,,0,[],[],813.0,,13,,,,,,2019-11-05 00:54:00,1257.6,,,,,2019-11-05 03:00:00,1254.4,,,1251.858267716535,
179,open,,0,[],[],38.79999999998836,,13,,,,,,2019-11-05 03:00:00,1254.4,,,,,2019-11-05 03:12:00,820.3,,,,
180,reheat,,0,[],[],170.40000000002328,,13,,,,1.0,,2019-11-05 03:12:00,820.3,,,,,2019-11-05 03:28:00,,,,,
181,heat,21.0,0,[],[],3541.5,1157.100000000035,13,1262.0,2019-11-05 08:41:00,3.0,20.0,"['190919-12321-001', '191024-12005-001', '191020-12005-001', '191020-12005-001', '190330-15111-002', '190330-15111-002']",2019-11-05 04:55:00,546.4,2019-11-05 04:55:00,546.4,2019-11-05 04:18:00,,2019-11-05 10:21:00,1262.0,,758.0,,
182,open,,0,[],[],19.0,,13,,,,,,2019-11-06 13:12:00,1254.5,,,,,2019-11-06 13:21:00,877.5,,,,
183,reheat,,0,[],[],0.0,,13,,,,23.0,,2019-11-06 13:21:00,877.5,,,,,2019-11-06 13:44:00,,,,,
184,hold,,0,[],[],54.400000000023276,,13,,,,,,2019-11-06 13:44:00,1084.8,,,,,2019-11-06 13:55:00,1244.7,,,1134.6083333333333,
185,open,,0,[],[],18.299999999988362,,13,,,,,,2019-11-06 13:55:00,1244.7,,,,,2019-11-06 14:00:00,925.1,,,,
186,reheat,,0,[],[],220.10000000003487,,13,,,,0.0,,2019-11-06 14:00:00,925.1,,,,,2019-11-06 14:26:00,,,,,
187,hold,,0,[],[],332.29999999998836,,13,,,,,,2019-11-06 14:26:00,1251.7,,,,,2019-11-06 15:46:00,1255.1,,,1252.4222222222224,
188,open,,0,[],[],14.099999999976713,,13,,,,,,2019-11-06 15:46:00,1255.1,,,,,2019-11-06 15:54:00,878.3,,,,
189,reheat,,0,[],[],189.60000000003487,,13,,,,1.0,,2019-11-06 15:54:00,878.3,,,,,2019-11-06 16:17:00,,,,,
190,hold,,0,[],[],466.39999999996513,,13,,,,,,2019-11-06 16:17:00,1251.7,,,,,2019-11-06 18:14:00,1262.1,,,1257.4762711864407,
191,open,,0,[],[],23.100000000034925,,13,,,,,,2019-11-06 18:14:00,1262.1,,,,,2019-11-06 18:23:00,904.7,,,,
192,reheat,,0,[],[],123.39999999996508,,13,,,,1.0,,2019-11-06 18:23:00,904.7,,,,,2019-11-06 18:36:00,,,,,
193,heat,22.0,0,[],[],188.3999999999651,188.3999999999651,13,1258.6,2019-11-06 19:01:00,0.0,0.0,"['190330-15111-002_2', '190330-15111-002_1']",2019-11-06 19:01:00,871.3,2019-11-06 19:00:00,800.7,2019-11-06 18:50:00,,2019-11-06 19:20:00,1258.6,,871.3,,
194,open,,0,[],['190330-15111-002'],23.200000000011638,,13,,,,,[],2019-11-06 20:10:00,1261.3,,,,,2019-11-06 20:19:00,879.4,,,,
195,reheat,,0,[],[],142.1000000000349,,13,,,,2.0,,2019-11-06 20:19:00,879.4,,,,,2019-11-06 20:34:00,,,,,
196,hold,,0,[],[],1410.2999999999884,,13,,,,,,2019-11-06 20:34:00,1255.5,,,,,2019-11-07 02:32:00,1264.6,,,1260.7590529247911,
197,open,,0,[],['190330-15111-002'],30.59999999997672,,13,,,,,['190330-15111-002'],2019-11-07 02:32:00,1264.6,,,,,2019-11-07 02:45:00,844.6,,,,
198,reheat,,0,[],[],146.40000000002328,,13,,,,0.0,,2019-11-07 02:45:00,844.6,,,,,2019-11-07 02:59:00,,,,,
199,heat,23.0,0,[],[],3231.0999999999767,3153.5,13,1226.8,2019-11-07 09:11:00,1.0,30.0,"['191004-15491-007', '191004-15491-007', '191004-15491-080', '191004-15491-105', '191004-15491-006', '191004-15491-006', '191025-19476-008', '191025-19476-008', '191004-15491-092', '191004-15491-102', '191004-15491-012', '191004-15491-012', '190202-19226-200', '190202-19226-200', '190202-19226-200', '190202-19226-200', '190202-19226-200', '190202-19226-200', '190202-19226-200', '190202-19226-200', '190202-19226-200', '190202-19226-200', '190202-19226-200', '191004-15491-009', '191004-15491-009']",2019-11-07 08:32:00,480.9,2019-11-07 08:32:00,480.9,2019-11-07 04:38:00,,2019-11-07 14:12:00,1226.8,,327.8,,
200,open,,0,[],[],10.0,,13,,,,,,2019-11-07 16:41:00,1221.7,,,,,2019-11-07 16:51:00,698.6,,,,
201,reheat,,0,[],[],209.19999999995343,,13,,,,2.0,,2019-11-07 16:51:00,698.6,,,,,2019-11-07 17:12:00,,,,,
202,heat,24.0,0,[],[],2041.7000000000119,2044.9000000000235,13,759.8,2019-11-09 07:32:00,0.0,555.0,"['191007-19313-003', '191025-19476-001', '191025-19476-001', '191025-19476-001', '191025-19476-001', '190829-01502-035', '190829-01502-035', '190829-01502-035', '191010-15200-001']",2019-11-09 07:32:00,355.1,2019-11-09 07:32:00,355.1,2019-11-07 19:11:00,,2019-11-10 06:12:00,759.8,,355.1,,
203,heat,24.0,0,[],[],5158.400000000023,5158.400000000023,13,1220.7,2019-11-09 07:32:00,0.0,555.0,"['191007-19313-003', '191025-19476-001', '191025-19476-001', '191025-19476-001', '191025-19476-001', '190829-01502-035', '190829-01502-035', '190829-01502-035', '191010-15200-001']",2019-11-10 06:12:00,759.8,2019-11-09 07:32:00,355.1,2019-11-07 19:11:00,,2019-11-10 21:43:00,1220.7,,355.1,,
204,open,,0,[],[],13.299999999988358,,13,,,,,,2019-11-11 11:39:00,1227.4,,,,,2019-11-11 11:47:00,820.7,,,,
205,reheat,,0,[],[],19.400000000023287,,13,,,,0.0,,2019-11-11 11:47:00,820.7,,,,,2019-11-11 11:50:00,,,,,
206,open,,0,[],[],4.299999999988359,,13,,,,,,2019-11-11 11:50:00,982.3,,,,,2019-11-11 11:54:00,759.9,,,,
207,reheat,,0,[],[],233.09999999997672,,13,,,,0.0,,2019-11-11 11:54:00,759.9,,,,,2019-11-11 12:20:00,,,,,
208,hold,,0,[],[],594.0,,13,,,,,,2019-11-11 12:20:00,1222.2,,,,,2019-11-11 14:27:00,1225.7,,,1221.70625,
209,open,,0,[],[],20.900000000023287,,13,,,,,,2019-11-11 14:27:00,1225.7,,,,,2019-11-11 14:38:00,803.0,,,,
210,reheat,,1,[],[],55.79999999998836,,13,,,,1.0,,2019-11-11 14:38:00,803.0,,,,,2019-11-11 16:48:00,,,,,
211,hold,,1,[],[],506.60000000003487,,13,,,,,,2019-11-11 16:48:00,850.6,,,,,2019-11-11 17:51:00,807.7760000000002,,,834.0420625,
212,heat,25.0,0,[],[],3274.2999999999884,1743.7999999999884,13,1260.0,2019-11-11 22:31:00,5.0,18.0,"['191029-19976-008', '181129-17035-001', '191001-19227-002', '191001-19227-002', '191001-19581-001']",2019-11-11 19:44:00,722.2,2019-11-11 19:44:00,722.2,2019-11-11 17:51:00,,2019-11-12 00:58:00,1260.0,,652.6,,
213,heat,26.0,0,[],[],159.7999999999884,159.7999999999884,13,1257.1,0,0.0,3.0,"['181129-17035-001_1', '191001-19227-002_2', '191001-19227-002_1', '191001-19581-001_1']",2019-11-12 18:13:00,898.3,2019-11-12 18:11:00,1014.6,2019-11-12 18:03:00,,2019-11-12 18:35:00,1257.1,,0.0,,
214,open,,0,[],['191001-19581-001'],18.599999999976717,,13,,,,,['191001-19227-002'],2019-11-12 20:17:00,1260.7,,,,,2019-11-12 20:25:00,934.3,,,,
215,reheat,,0,[],[],106.09999999997672,,13,,,,0.0,,2019-11-12 20:25:00,934.3,,,,,2019-11-12 20:36:00,,,,,
216,hold,,0,[],[],29.600000000034925,,13,,,,,,2019-11-12 20:36:00,1258.5,,,,,2019-11-12 20:41:00,1255.7,,,1257.9833333333333,
217,open,,0,[],[],36.899999999965075,,13,,,,,,2019-11-12 20:41:00,1255.7,,,,,2019-11-12 20:54:00,840.4,,,,
218,reheat,,0,[],[],184.90000000002328,,13,,,,1.0,,2019-11-12 20:54:00,840.4,,,,,2019-11-12 21:16:00,,,,,
219,hold,,0,[],[],45.900000000023276,,13,,,,,,2019-11-12 21:16:00,1250.5,,,,,2019-11-12 21:25:00,1255.1,,,1251.81,
220,open,,0,[],"['181129-17035-001', '191001-19227-002', '191001-19227-002']",8.199999999953434,,13,,,,,['191001-19581-001'],2019-11-12 21:25:00,1255.1,,,,,2019-11-12 21:32:00,815.9,,,,
221,reheat,,0,[],[],124.80000000004655,,13,,,,0.0,,2019-11-12 21:32:00,815.9,,,,,2019-11-12 21:43:00,,,,,
222,heat,27.0,0,[],[],0.0,2568.200000000012,13,1012.9,2019-11-13 18:24:00,7.0,43.0,"['190219-19800-001', '190219-19800-006', '190219-19800-022', '190219-19800-016', '191004-15107-001', '191004-15107-001', '191004-15107-001']",2019-11-13 10:16:00,502.4,2019-11-13 10:16:00,502.4,2019-11-12 21:44:00,,2019-11-13 14:54:00,1012.9,,700.7,,
223,heat,27.0,0,[],[],3158.0999999999767,3158.0999999999767,13,1257.8,2019-11-13 18:24:00,7.0,43.0,"['191004-15107-001_2', '191004-15107-001_1', '191004-15107-001_3', '190219-19800-022_1', '190219-19800-001_1', '190219-19800-016_1', '190219-19800-006_1']",2019-11-13 14:54:00,1012.9,2019-11-13 10:16:00,502.4,2019-11-12 21:44:00,,2019-11-13 19:36:00,1257.8,,700.7,,
224,open,,0,[],[],18.099999999976717,,13,,,,,,2019-11-15 01:37:00,1258.1,,,,,2019-11-15 01:46:00,897.5,,,,
225,reheat,,0,[],[],97.70000000001164,,13,,,,0.0,,2019-11-15 01:46:00,897.5,,,,,2019-11-15 01:54:00,,,,,
226,open,,0,[],['191004-15107-001'],36.900000000023276,,13,,,,,"['190219-19800-001', '190219-19800-006', '190219-19800-022', '190219-19800-016', '191004-15107-001', '191004-15107-001']",2019-11-15 01:57:00,1262.6,,,,,2019-11-15 02:07:00,917.5,,,,
227,reheat,,0,[],[],103.79999999998836,,13,,,,0.0,,2019-11-15 02:07:00,917.5,,,,,2019-11-15 02:16:00,,,,,
228,hold,,0,[],[],25.100000000034925,,13,,,,,,2019-11-15 02:16:00,1260.7,,,,,2019-11-15 02:19:00,1261.0,,,1260.625,
229,open,,0,[],[],27.299999999988362,,13,,,,,,2019-11-15 02:19:00,1261.0,,,,,2019-11-15 02:27:00,939.8,,,,
230,reheat,,0,[],[],90.29999999998836,,13,,,,0.0,,2019-11-15 02:27:00,939.8,,,,,2019-11-15 02:36:00,,,,,
231,hold,,0,[],[],19.700000000011638,,13,,,,,,2019-11-15 02:36:00,1259.8,,,,,2019-11-15 02:38:00,1261.2,,,1260.1666666666667,
232,open,,0,[],['191004-15107-001'],34.599999999976724,,13,,,,,"['190219-19800-001', '190219-19800-006', '190219-19800-022', '190219-19800-016', '191004-15107-001', '191004-15107-001']",2019-11-15 02:38:00,1261.2,,,,,2019-11-15 02:47:00,883.4,,,,
233,reheat,,0,[],[],117.79999999998836,,13,,,,0.0,,2019-11-15 02:47:00,883.4,,,,,2019-11-15 02:58:00,,,,,
234,open,,0,[],['191004-15107-001'],30.300000000046573,,13,,,,,"['190219-19800-001', '190219-19800-006', '190219-19800-022', '190219-19800-016', '191004-15107-001']",2019-11-15 02:58:00,1262.6,,,,,2019-11-15 03:05:00,881.4,,,,
235,reheat,,0,[],[],148.7999999999884,,13,,,,1.0,,2019-11-15 03:05:00,881.4,,,,,2019-11-15 03:19:00,,,,,
236,hold,,0,[],[],563.5,,13,,,,,,2019-11-15 03:19:00,1259.8,,,,,2019-11-15 05:25:00,1262.3,,,1255.9433070866146,
237,open,,0,[],"['190219-19800-022', '190219-19800-001', '190219-19800-016', '190219-19800-006']",21.200000000011638,,13,,,,,['191004-15107-001'],2019-11-15 05:25:00,1262.3,,,,,2019-11-15 05:34:00,854.0,,,,
238,reheat,,0,[],[],106.19999999995345,,13,,,,1.0,,2019-11-15 05:34:00,854.0,,,,,2019-11-15 05:44:00,,,,,
239,heat,28.0,0,[],[],0.0,2549.7999999999884,13,1115.5,2019-11-18 18:36:00,3.0,28.0,"['200204-19180-217', '200204-19180-218', '200204-19180-219', '200204-19180-220', '200204-19180-221', '200204-19180-222', '200204-19180-223']",2019-11-18 13:11:00,117.8,2019-11-18 13:11:00,117.8,2019-11-15 05:45:00,,2019-11-18 17:57:00,1115.5,,1034.4,,
240,heat,28.0,0,[],[],1746.5,1746.5,13,1250.0,2019-11-18 18:36:00,3.0,28.0,"['200204-19180-217', '200204-19180-218', '200204-19180-219', '200204-19180-220', '200204-19180-221', '200204-19180-222', '200204-19180-223']",2019-11-18 17:57:00,1115.5,2019-11-18 13:11:00,117.8,2019-11-15 05:45:00,,2019-11-18 20:25:00,1250.0,,1034.4,,
241,open,,0,[],[],19.700000000011638,,13,,,,,,2019-11-19 04:37:00,1253.4,,,,,2019-11-19 04:51:00,709.3,,,,
242,reheat,,0,[],[],6.299999999988359,,13,,,,0.0,,2019-11-19 04:51:00,709.3,,,,,2019-11-19 04:53:00,,,,,
243,open,,0,[],[],2.1000000000349246,,13,,,,,,2019-11-19 04:54:00,758.4,,,,,2019-11-19 04:59:00,632.0,,,,
244,reheat,,0,[],[],52.599999999976724,,13,,,,1.0,,2019-11-19 04:59:00,632.0,,,,,2019-11-19 05:06:00,,,,,
245,open,,0,[],[],9.900000000023283,,13,,,,,,2019-11-19 05:06:00,995.6,,,,,2019-11-19 05:18:00,568.8,,,,
246,reheat,,0,[],[],112.69999999995345,,13,,,,2.0,,2019-11-19 05:18:00,568.8,,,,,2019-11-19 05:30:00,,,,,
247,heat,29.0,0,[],[],1491.0,1491.0,13,1256.4,0,0.0,2.0,"['190905-19234-030', '190905-19234-030']",2019-11-19 13:32:00,231.1,2019-11-19 13:31:00,227.2,2019-11-19 05:31:00,,2019-11-19 15:44:00,1256.4,,0.0,,
248,open,,0,[],[],9.599999999976717,,13,,,,,,2019-11-19 23:21:00,1254.8,,,,,2019-11-19 23:28:00,812.7,,,,
249,reheat,,0,[],[],151.2999999999884,,13,,,,0.0,,2019-11-19 23:28:00,812.7,,,,,2019-11-19 23:42:00,,,,,
250,hold,,0,[],[],8.300000000046566,,13,,,,,,2019-11-19 23:42:00,1259.1,,,,,2019-11-19 23:43:00,1262.0,,,1260.55,
251,open,,0,[],[],59.29999999998836,,13,,,,,,2019-11-19 23:43:00,1262.0,,,,,2019-11-19 23:57:00,808.0,,,,
252,reheat,,0,[],[],1.0,,13,,,,1.0,,2019-11-19 23:57:00,808.0,,,,,2019-11-19 23:59:00,,,,,
253,hold,,0,[],[],980.7999999999884,,13,,,,,,2019-11-19 23:59:00,819.2,,,,,2019-11-20 02:23:00,1253.8,,,1212.3117241379312,
254,open,,0,[],[],23.900000000023283,,13,,,,,,2019-11-20 02:23:00,1253.8,,,,,2019-11-20 02:31:00,891.8,,,,
255,reheat,,0,[],[],37.099999999976724,,13,,,,0.0,,2019-11-20 02:31:00,891.8,,,,,2019-11-20 02:35:00,,,,,
256,hold,,0,[],[],9.700000000011643,,13,,,,,,2019-11-20 02:35:00,1124.4,,,,,2019-11-20 02:40:00,795.2,,,969.3,
257,heat,30.0,0,[],[],635.2000000000116,619.4000000000233,13,1252.6,2019-11-20 02:54:00,1.0,7.0,"['191007-19168-006', '191007-19168-006', '191007-19168-006', '191007-19168-006', '190905-19234-030', '190905-19234-030']",2019-11-20 02:46:00,649.9,2019-11-20 02:40:00,795.2,2019-11-20 02:40:00,,2019-11-20 03:51:00,1252.6,,599.2,,
258,open,,0,[],[],12.5,,13,,,,,,2019-11-20 11:11:00,1254.6,,,,,2019-11-20 11:21:00,735.7,,,,
259,reheat,,0,[],[],169.2999999999884,,13,,,,0.0,,2019-11-20 11:21:00,735.7,,,,,2019-11-20 11:37:00,,,,,
260,hold,,0,[],[],491.39999999996513,,13,,,,,,2019-11-20 11:37:00,1261.1,,,,,2019-11-20 13:11:00,1254.6,,,1253.5484210526315,
261,open,,0,[],[],11.400000000023287,,13,,,,,,2019-11-20 13:11:00,1254.6,,,,,2019-11-20 13:49:00,451.9,,,,
262,reheat,,0,[],[],338.20000000001164,,13,,,,1.0,,2019-11-20 13:49:00,451.9,,,,,2019-11-20 14:22:00,,,,,
263,open,,0,[],[],14.299999999988358,,13,,,,,,2019-11-20 14:23:00,1049.8,,,,,2019-11-20 14:31:00,616.5,,,,
264,reheat,,0,[],[],58.900000000023276,,13,,,,0.0,,2019-11-20 14:31:00,616.5,,,,,2019-11-20 14:38:00,,,,,
265,hold,,0,[],[],2557.5,,13,,,,,,2019-11-20 14:38:00,880.7,,,,,2019-11-20 18:29:00,1133.4,,,967.573275862069,
266,open,,0,[],[],25.200000000011638,,13,,,,,,2019-11-20 18:29:00,1133.4,,,,,2019-11-20 18:42:00,568.2,,,,
267,reheat,,0,[],[],773.5999999999768,,13,,,,1.0,,2019-11-20 18:42:00,568.2,,,,,2019-11-20 19:48:00,,,,,
268,heat,31.0,0,[],[],576.7999999999884,576.7999999999884,13,1251.0,0,0.0,1.0,"['190917-15006-005', '190917-15006-005']",2019-11-20 20:11:00,598.7,2019-11-20 20:03:00,741.4,2019-11-20 19:51:00,,2019-11-20 21:04:00,1251.0,,0.0,,
269,heat,32.0,0,[],[],870.5999999999768,870.5999999999768,13,1251.9,0,0.0,2.0,"['191025-98752-001_1', '190930-17035-001_1', '190930-17035-002_1', '191001-19800-020_2', '191001-19800-026_2', '191001-19800-028_1']",2019-11-21 04:34:00,547.9,2019-11-21 04:34:00,547.9,2019-11-21 04:11:00,,2019-11-21 05:52:00,1251.9,,0.0,,
270,open,,0,[],[],9.5,,13,,,,,,2019-11-21 06:27:00,1250.9,,,,,2019-11-21 06:32:00,884.9,,,,
271,reheat,,0,[],[],28.09999999997672,,13,,,,1.0,,2019-11-21 06:32:00,884.9,,,,,2019-11-21 06:36:00,,,,,
272,hold,,0,[],[],2430.0,,13,,,,,,2019-11-21 06:36:00,1081.9,,,,,2019-11-21 11:01:00,1253.4,,,1148.1654135338347,
273,open,,0,[],[],17.700000000011638,,13,,,,,,2019-11-21 11:01:00,1253.4,,,,,2019-11-21 11:09:00,786.6,,,,
274,reheat,,0,[],[],21.5,,13,,,,0.0,,2019-11-21 11:09:00,786.6,,,,,2019-11-21 11:12:00,,,,,
275,open,,0,[],[],4.400000000023283,,13,,,,,,2019-11-21 11:13:00,975.9,,,,,2019-11-21 11:18:00,720.7,,,,
276,reheat,,0,[],[],453.7000000000117,,13,,,,1.0,,2019-11-21 11:18:00,720.7,,,,,2019-11-21 11:59:00,,,,,
277,hold,,0,[],[],883.7999999999884,,13,,,,,,2019-11-21 11:59:00,1259.1,,,,,2019-11-21 14:07:00,1253.6,,,1252.301550387597,
278,open,,0,[],[],20.299999999988362,,13,,,,,,2019-11-21 14:07:00,1253.6,,,,,2019-11-21 14:15:00,829.3,,,,
279,reheat,,0,[],[],299.0,,13,,,,1.0,,2019-11-21 14:15:00,829.3,,,,,2019-11-21 14:42:00,,,,,
280,hold,,0,[],[],3951.100000000035,,13,,,,,,2019-11-21 14:42:00,1257.8,,,,,2019-11-22 03:57:00,1256.2,,,1255.0244974874372,
281,open,,0,[],[],10.5,,13,,,,,,2019-11-22 03:57:00,1256.2,,,,,2019-11-22 04:02:00,967.2,,,,
282,reheat,,0,[],[],71.19999999995345,,13,,,,1.0,,2019-11-22 04:02:00,967.2,,,,,2019-11-22 04:09:00,,,,,
283,hold,,0,[],[],29.600000000034925,,13,,,,,,2019-11-22 04:09:00,1262.5,,,,,2019-11-22 04:13:00,1264.2,,,1262.38,
284,open,,0,[],[],35.099999999976724,,13,,,,,,2019-11-22 04:13:00,1264.2,,,,,2019-11-22 04:23:00,942.8,,,,
285,reheat,,0,[],[],85.5,,13,,,,1.0,,2019-11-22 04:23:00,942.8,,,,,2019-11-22 04:31:00,,,,,
286,open,,0,[],[],53.599999999976724,,13,,,,,,2019-11-22 04:32:00,1264.3,,,,,2019-11-22 04:45:00,874.7,,,,
287,reheat,,0,[],[],135.40000000002328,,13,,,,1.0,,2019-11-22 04:45:00,874.7,,,,,2019-11-22 04:59:00,,,,,
288,hold,,0,[],[],14.299999999988358,,13,,,,,,2019-11-22 04:59:00,1261.8,,,,,2019-11-22 05:01:00,1259.9,,,1260.1,
289,open,,0,[],[],41.29999999998836,,13,,,,,,2019-11-22 05:01:00,1259.9,,,,,2019-11-22 05:13:00,835.8,,,,
290,reheat,,0,[],[],149.7999999999884,,13,,,,0.0,,2019-11-22 05:13:00,835.8,,,,,2019-11-22 05:27:00,,,,,
291,hold,,0,[],[],28.799999999988362,,13,,,,,,2019-11-22 05:27:00,1261.9,,,,,2019-11-22 05:31:00,1257.6,,,1259.34,
292,open,,0,[],"['191025-98752-001', '190930-17035-001', '190930-17035-002', '191001-19800-020', '191001-19800-026', '191001-19800-028']",43.400000000023276,,13,,,,,[],2019-11-22 05:31:00,1257.6,,,,,2019-11-22 05:45:00,736.7,,,,
293,reheat,,0,[],[],319.29999999998836,,13,,,,1.0,,2019-11-22 05:45:00,736.7,,,,,2019-11-22 06:26:00,,,,,
294,heat,33.0,0,[],[],127.29999999998836,127.29999999998836,13,358.8,0,0.0,172.0,"['190907-19151-010', '191001-19800-026', '191001-19800-028', '191001-19800-020', '190907-19151-014', '190907-19151-014', '190424-15198-019']",2019-11-23 07:12:00,212.5,2019-11-23 07:12:00,212.5,2019-11-22 07:01:00,,2019-11-23 08:08:00,358.8,,0.0,,
295,heat,33.0,0,[],[],5727.799999999987,5727.799999999987,13,1257.9,0,0.0,172.0,"['190907-19151-010', '191001-19800-026', '191001-19800-028', '191001-19800-020', '190907-19151-014', '190907-19151-014', '190424-15198-019']",2019-11-24 01:52:00,360.6,2019-11-23 07:12:00,212.5,2019-11-22 07:01:00,,2019-11-24 13:18:00,1257.9,,0.0,,
296,open,,0,[],[],32.400000000023276,,13,,,,,,2019-11-25 07:32:00,1259.9,,,,,2019-11-25 07:46:00,783.9,,,,
297,reheat,,0,[],[],149.09999999997672,,13,,,,0.0,,2019-11-25 07:46:00,783.9,,,,,2019-11-25 08:00:00,,,,,
298,hold,,0,[],[],104.79999999998836,,13,,,,,,2019-11-25 08:00:00,1259.8,,,,,2019-11-25 08:18:00,1259.0,,,1256.878947368421,
299,open,,0,[],[],12.600000000034926,,13,,,,,,2019-11-25 08:18:00,1259.0,,,,,2019-11-25 08:26:00,824.7,,,,
300,reheat,,0,[],[],198.0,,13,,,,0.0,,2019-11-25 08:26:00,824.7,,,,,2019-11-25 08:48:00,,,,,
301,hold,,0,[],[],690.5,,13,,,,,,2019-11-25 08:48:00,1256.1,,,,,2019-11-25 11:20:00,1262.9,,,1258.4228758169936,
302,open,,0,[],[],29.799999999988362,,13,,,,,,2019-11-25 11:20:00,1262.9,,,,,2019-11-25 11:30:00,896.2,,,,
303,reheat,,0,[],[],75.5,,13,,,,1.0,,2019-11-25 11:30:00,896.2,,,,,2019-11-25 11:38:00,,,,,
304,open,,0,[],[],17.0,,13,,,,,,2019-11-25 11:38:00,1244.0,,,,,2019-11-25 11:43:00,871.4,,,,
305,reheat,,0,[],[],186.0,,13,,,,0.0,,2019-11-25 11:43:00,871.4,,,,,2019-11-25 12:04:00,,,,,
306,hold,,0,[],[],261.9000000000233,,13,,,,,,2019-11-25 12:04:00,1256.2,,,,,2019-11-25 12:58:00,1260.2,,,1256.6327272727272,
307,open,,0,[],[],9.299999999988357,,13,,,,,,2019-11-25 12:58:00,1260.2,,,,,2019-11-25 13:04:00,863.1,,,,
308,reheat,,0,[],[],116.79999999998836,,13,,,,2.0,,2019-11-25 13:04:00,863.1,,,,,2019-11-25 13:16:00,,,,,
309,hold,,0,[],[],8.099999999976717,,13,,,,,,2019-11-25 13:16:00,1260.8,,,,,2019-11-25 13:17:00,1260.8,,,1260.8,
310,open,,0,[],[],54.10000000003493,,13,,,,,,2019-11-25 13:17:00,1260.8,,,,,2019-11-25 13:29:00,849.2,,,,
311,reheat,,0,[],[],136.0,,13,,,,1.0,,2019-11-25 13:29:00,849.2,,,,,2019-11-25 13:43:00,,,,,
312,heat,34.0,0,[],[],432.2999999999884,432.2999999999884,13,1258.0,2019-11-25 19:46:00,0.0,1.0,"['190410-15111-002', '190410-15111-002', '190410-15111-003', '190410-15111-003', '190910-15198-001', '191010-11091-002', '191003-19217-004_1']",2019-11-25 19:46:00,747.9,2019-11-25 19:46:00,747.9,2019-11-25 13:52:00,,2019-11-25 20:24:00,1258.0,,747.9,,
313,open,,0,[],[],19.899999999965075,,13,,,,,,2019-11-25 21:05:00,1251.9,,,,,2019-11-25 21:16:00,656.7,,,,
314,reheat,,0,[],[],582.6000000000348,,13,,,,1.0,,2019-11-25 21:16:00,656.7,,,,,2019-11-25 22:11:00,,,,,
315,hold,,0,[],[],409.2000000000117,,13,,,,,,2019-11-25 22:11:00,1259.7,,,,,2019-11-25 23:05:00,1259.6,,,1252.5109090909093,
316,open,,0,[],[],27.899999999965075,,13,,,,,,2019-11-25 23:05:00,1259.6,,,,,2019-11-25 23:13:00,850.4,,,,
317,reheat,,0,[],[],317.60000000003487,,13,,,,1.0,,2019-11-25 23:13:00,850.4,,,,,2019-11-25 23:41:00,,,,,
318,hold,,0,[],[],852.8999999999651,,13,,,,,,2019-11-25 23:41:00,1257.0,,,,,2019-11-26 01:43:00,1251.2,,,1251.8837398373985,
319,open,,0,[],[],11.5,,13,,,,,,2019-11-26 01:43:00,1251.2,,,,,2019-11-26 01:52:00,712.0,,,,
320,reheat,,0,[],[],548.2000000000116,,13,,,,1.0,,2019-11-26 01:52:00,712.0,,,,,2019-11-26 02:45:00,,,,,
321,hold,,0,[],[],200.59999999997672,,13,,,,,,2019-11-26 02:45:00,1251.1,,,,,2019-11-26 03:10:00,1253.5,,,1254.1961538461535,
322,open,,0,[],[],8.600000000034925,,13,,,,,,2019-11-26 03:10:00,1253.5,,,,,2019-11-26 03:21:00,652.2,,,,
323,reheat,,0,[],[],813.0,,13,,,,1.0,,2019-11-26 03:21:00,652.2,,,,,2019-11-26 04:31:00,,,,,
324,hold,,0,[],[],306.20000000001164,,13,,,,,,2019-11-26 04:31:00,1261.4,,,,,2019-11-26 05:03:00,1252.6,,,1252.9848484848485,
325,open,,0,[],[],14.599999999976713,,13,,,,,,2019-11-26 05:03:00,1252.6,,,,,2019-11-26 05:11:00,818.6,,,,
326,reheat,,0,[],[],483.7999999999884,,13,,,,0.0,,2019-11-26 05:11:00,818.6,,,,,2019-11-26 05:52:00,,,,,
327,hold,,0,[],[],1161.7999999999886,,13,,,,,,2019-11-26 05:52:00,1258.6,,,,,2019-11-26 08:26:00,1263.0,,,1254.3561290322582,
328,open,,0,[],[],8.400000000023283,,13,,,,,,2019-11-26 08:26:00,1263.0,,,,,2019-11-26 08:31:00,925.6,,,,
329,reheat,,0,[],[],176.09999999997672,,13,,,,1.0,,2019-11-26 08:31:00,925.6,,,,,2019-11-26 08:47:00,,,,,
330,hold,,0,[],[],3718.4000000000233,,13,,,,,,2019-11-26 08:47:00,1262.5,,,,,2019-11-26 21:42:00,1265.9,,,1256.5702319587629,
331,open,,0,[],[],25.09999999997672,,13,,,,,,2019-11-26 21:42:00,1265.9,,,,,2019-11-26 21:52:00,893.3,,,,
332,reheat,,0,[],[],109.60000000003492,,13,,,,1.0,,2019-11-26 21:52:00,893.3,,,,,2019-11-26 22:04:00,,,,,
333,hold,,0,[],[],22.700000000011638,,13,,,,,,2019-11-26 22:04:00,1260.1,,,,,2019-11-26 22:08:00,1261.4,,,1259.7399999999998,
334,open,,0,[],[],29.0,,13,,,,,,2019-11-26 22:08:00,1261.4,,,,,2019-11-26 22:19:00,865.2,,,,
335,reheat,,0,[],[],114.89999999996508,,13,,,,0.0,,2019-11-26 22:19:00,865.2,,,,,2019-11-26 22:29:00,,,,,
336,open,,0,[],['191003-19217-004'],12.399999999965074,,13,,,,,"['190410-15111-002', '190410-15111-002', '190410-15111-003', '190410-15111-003', '190910-15198-001', '191010-11091-002']",2019-11-26 22:34:00,1265.1,,,,,2019-11-26 22:41:00,846.3,,,,
337,reheat,,0,[],[],188.70000000001164,,13,,,,0.0,,2019-11-26 22:41:00,846.3,,,,,2019-11-26 22:58:00,,,,,
338,hold,,0,[],[],1403.6000000000352,,13,,,,,,2019-11-26 22:58:00,1262.0,,,,,2019-11-27 04:36:00,1265.0,,,1261.6312684365782,
339,open,,0,[],[],33.599999999976724,,13,,,,,,2019-11-27 04:36:00,1265.0,,,,,2019-11-27 04:52:00,772.9,,,,
340,reheat,,0,[],[],117.40000000002328,,13,,,,1.0,,2019-11-27 04:52:00,772.9,,,,,2019-11-27 05:04:00,,,,,
341,heat,35.0,0,[],[],179.70000000001164,179.70000000001164,13,1258.1,0,0.0,1.0,"['190410-15111-003', '190410-15111-003', '190910-15198-001', '190410-15111-002', '190410-15111-002']",2019-11-27 05:14:00,852.9,2019-11-27 05:12:00,870.4,2019-11-27 05:06:00,,2019-11-27 05:31:00,1258.1,,0.0,,
342,open,,0,[],[],9.5,,13,,,,,,2019-11-27 12:58:00,1262.0,,,,,2019-11-27 13:06:00,796.5,,,,
343,reheat,,0,[],[],198.60000000003487,,13,,,,2.0,,2019-11-27 13:06:00,796.5,,,,,2019-11-27 13:30:00,,,,,
344,hold,,0,[],[],199.19999999995343,,13,,,,,,2019-11-27 13:30:00,1254.9,,,,,2019-11-27 14:14:00,1257.7,,,1254.6777777777775,
345,open,,0,[],[],36.30000000004657,,13,,,,,,2019-11-27 14:14:00,1257.7,,,,,2019-11-27 14:25:00,930.7,,,,
346,reheat,,0,[],[],154.09999999997672,,13,,,,0.0,,2019-11-27 14:25:00,930.7,,,,,2019-11-27 14:45:00,,,,,
347,heat,36.0,0,[],[],199.80000000004657,199.80000000004657,13,1258.2,0,0.0,1.0,"['190910-15198-001', '190410-15111-003', '190410-15111-003_1']",2019-11-27 18:20:00,854.9,2019-11-27 18:19:00,898.1,2019-11-27 18:14:00,,2019-11-27 18:46:00,1258.2,,0.0,,
348,open,,0,[],[],27.200000000011638,,13,,,,,,2019-11-27 20:10:00,1260.7,,,,,2019-11-27 20:25:00,696.4,,,,
349,reheat,,0,[],[],173.5,,13,,,,1.0,,2019-11-27 20:25:00,696.4,,,,,2019-11-27 20:42:00,,,,,
350,hold,,0,[],[],183.20000000001164,,13,,,,,,2019-11-27 20:42:00,1261.7,,,,,2019-11-27 21:16:00,1258.0,,,1254.7371428571428,
351,open,,0,[],['190410-15111-003'],28.09999999997672,,13,,,,,"['190910-15198-001', '190410-15111-003']",2019-11-27 21:16:00,1258.0,,,,,2019-11-27 21:26:00,844.2,,,,
352,reheat,,0,[],[],192.0,,13,,,,1.0,,2019-11-27 21:26:00,844.2,,,,,2019-11-27 21:49:00,,,,,
353,hold,,0,[],[],396.2000000000117,,13,,,,,,2019-11-27 21:49:00,1249.8,,,,,2019-11-27 23:18:00,1259.2,,,1255.1844444444444,
354,open,,0,[],[],37.399999999965075,,13,,,,,,2019-11-27 23:18:00,1259.2,,,,,2019-11-27 23:33:00,773.9,,,,
355,reheat,,0,[],[],222.70000000001164,,13,,,,1.0,,2019-11-27 23:33:00,773.9,,,,,2019-11-27 23:59:00,,,,,
356,heat,37.0,0,[],[],0.0,473.10000000003487,13,658.4,2019-11-30 05:38:00,6.0,1903.0,"['191025-19151-001', '191025-19151-001']",2019-11-28 02:45:00,551.5,2019-11-28 02:45:00,551.5,2019-11-28 01:12:00,,2019-11-28 20:16:00,658.4,,215.2,,
357,heat,37.0,0,[],[],1145.7000000000114,1145.7000000000114,13,755.6,2019-11-30 05:38:00,6.0,1903.0,"['191025-19151-001', '191025-19151-001']",2019-11-30 05:34:00,220.5,2019-11-28 02:45:00,551.5,2019-11-28 01:12:00,,2019-12-01 07:20:00,755.6,,215.2,,
358,heat,37.0,0,[],[],3933.700000000012,3933.700000000012,13,1253.0,2019-11-30 05:38:00,6.0,1903.0,"['191025-19151-001', '191025-19151-001']",2019-12-01 16:17:00,802.5,2019-11-28 02:45:00,551.5,2019-11-28 01:12:00,,2019-12-02 02:15:00,1253.0,,215.2,,
359,open,,0,[],[],16.600000000034925,,13,,,,,,2019-12-02 14:24:00,1258.2,,,,,2019-12-02 14:31:00,801.9,,,,
360,reheat,,0,[],[],49.099999999976724,,13,,,,1.0,,2019-12-02 14:31:00,801.9,,,,,2019-12-02 14:37:00,,,,,
361,open,,0,[],[],16.799999999988362,,13,,,,,,2019-12-02 14:37:00,1151.4,,,,,2019-12-02 14:49:00,613.5,,,,
362,reheat,,0,[],[],285.9000000000233,,13,,,,1.0,,2019-12-02 14:49:00,613.5,,,,,2019-12-02 15:16:00,,,,,
363,hold,,0,[],[],642.4000000000233,,13,,,,,,2019-12-02 15:16:00,1262.3,,,,,2019-12-02 17:11:00,1253.7,,,1252.8405172413788,
364,open,,0,[],[],17.699999999953434,,13,,,,,,2019-12-02 17:11:00,1253.7,,,,,2019-12-02 17:20:00,775.0,,,,
365,reheat,,0,[],[],162.30000000004657,,13,,,,1.0,,2019-12-02 17:20:00,775.0,,,,,2019-12-02 17:36:00,,,,,
366,heat,38.0,0,[],[],777.6000000000349,777.6000000000349,13,1258.9,0,0.0,1.0,"['191025-19151-001', '191025-19151-001']",2019-12-02 19:56:00,572.8,2019-12-02 19:56:00,572.8,2019-12-02 19:28:00,,2019-12-02 21:03:00,1258.9,,0.0,,
367,open,,0,[],[],22.200000000011638,,13,,,,,,2019-12-03 11:07:00,1265.0,,,,,2019-12-03 11:20:00,724.1,,,,
368,reheat,,0,[],[],205.10000000003487,,13,,,,1.0,,2019-12-03 11:20:00,724.1,,,,,2019-12-03 11:45:00,,,,,
369,hold,,0,[],[],128.79999999998836,,13,,,,,,2019-12-03 11:45:00,1253.2,,,,,2019-12-03 12:14:00,1256.2,,,1254.9166666666667,
370,open,,0,[],[],8.399999999965075,,13,,,,,,2019-12-03 12:14:00,1256.2,,,,,2019-12-03 12:38:00,514.7,,,,
371,reheat,,0,[],[],566.3000000000466,,13,,,,2.0,,2019-12-03 12:38:00,514.7,,,,,2019-12-03 13:30:00,,,,,
372,hold,,0,[],[],1338.6999999999534,,13,,,,,,2019-12-03 13:30:00,1260.8,,,,,2019-12-03 17:46:00,1257.8,,,1253.158754863813,
373,open,,0,[],[],37.70000000001164,,13,,,,,,2019-12-03 17:46:00,1257.8,,,,,2019-12-03 18:03:00,683.3,,,,
374,reheat,,0,[],[],181.29999999998842,,13,,,,2.0,,2019-12-03 18:03:00,683.3,,,,,2019-12-03 18:21:00,,,,,
375,heat,39.0,0,[],[],2634.100000000035,2634.100000000035,13,1249.7,0,0.0,5.0,"['190815-19028-003', '190815-19028-003', '190815-19028-003', '190815-19028-003', '190815-19028-003', '190815-19028-003', '191025-19151-001', '191025-19151-001']",2019-12-03 20:09:00,467.6,2019-12-03 20:09:00,467.6,2019-12-03 19:12:00,,2019-12-04 01:28:00,1249.7,,0.0,,
376,open,,0,[],[],27.299999999988362,,13,,,,,,2019-12-04 09:47:00,1261.3,,,,,2019-12-04 09:55:00,1183.1,,,,
377,reheat,,0,[],[],52.300000000046566,,13,,,,0.0,,2019-12-04 09:55:00,1183.1,,,,,2019-12-04 10:05:00,,,,,
378,hold,,0,[],[],733.6999999999533,,13,,,,,,2019-12-04 10:05:00,1258.1,,,,,2019-12-04 13:54:00,1263.7,,,1262.720434782609,
379,open,,0,[],[],6.300000000046567,,13,,,,,,2019-12-04 13:54:00,1263.7,,,,,2019-12-04 14:03:00,728.5,,,,
380,reheat,,0,[],[],147.0,,13,,,,1.0,,2019-12-04 14:03:00,728.5,,,,,2019-12-04 14:18:00,,,,,
381,hold,,0,[],[],48.19999999995344,,13,,,,,,2019-12-04 14:18:00,1262.2,,,,,2019-12-04 14:25:00,1256.5,,,1258.4,
382,open,,0,[],[],38.20000000001164,,13,,,,,,2019-12-04 14:25:00,1256.5,,,,,2019-12-04 14:38:00,813.6,,,,
383,reheat,,0,[],[],212.60000000003487,,13,,,,1.0,,2019-12-04 14:38:00,813.6,,,,,2019-12-04 15:03:00,,,,,
384,heat,40.0,0,[],[],1316.3000000000466,512.8000000000466,13,1260.5,2019-12-04 19:20:00,2.0,9.0,"['191029-17035-001', '191029-17035-002', '191003-19217-010', '191029-19929-001', '191029-19929-002', '가열로 다이']",2019-12-04 17:59:00,868.5,2019-12-04 17:59:00,868.5,2019-12-04 16:16:00,,2019-12-04 20:05:00,1260.5,,866.5,,
385,open,,0,[],[],26.0,,13,,,,,,2019-12-04 20:25:00,1251.8,,,,,2019-12-04 20:31:00,918.4,,,,
386,reheat,,0,[],[],465.2000000000117,,13,,,,0.0,,2019-12-04 20:31:00,918.4,,,,,2019-12-04 21:10:00,,,,,
387,hold,,0,[],[],2136.0,,13,,,,,,2019-12-04 21:10:00,1260.3,,,,,2019-12-05 02:42:00,1256.2,,,1253.3339339339336,
388,open,,0,[],[],36.899999999965075,,13,,,,,,2019-12-05 02:42:00,1256.2,,,,,2019-12-05 02:55:00,770.3,,,,
389,reheat,,0,[],[],523.2000000000116,,13,,,,2.0,,2019-12-05 02:55:00,770.3,,,,,2019-12-05 03:40:00,,,,,
390,hold,,0,[],[],202.60000000003487,,13,,,,,,2019-12-05 03:40:00,1258.8,,,,,2019-12-05 04:01:00,1252.8,,,1253.3727272727276,
391,open,,0,[],[],21.199999999953434,,13,,,,,,2019-12-05 04:01:00,1252.8,,,,,2019-12-05 04:07:00,976.7,,,,
392,reheat,,0,[],[],275.0,,13,,,,0.0,,2019-12-05 04:07:00,976.7,,,,,2019-12-05 04:30:00,,,,,
393,hold,,0,[],[],4661.400000000023,,13,,,,,,2019-12-05 04:30:00,1259.9,,,,,2019-12-05 20:06:00,1257.7,,,1256.5092849519742,
394,open,,0,[],[],30.900000000023283,,13,,,,,,2019-12-05 20:06:00,1257.7,,,,,2019-12-05 20:17:00,847.4,,,,
395,reheat,,0,[],[],143.69999999995343,,13,,,,1.0,,2019-12-05 20:17:00,847.4,,,,,2019-12-05 20:31:00,,,,,
396,hold,,0,[],[],145.90000000002328,,13,,,,,,2019-12-05 20:31:00,1264.4,,,,,2019-12-05 20:52:00,1265.1,,,1257.6818181818178,
397,open,,0,[],[],44.599999999976724,,13,,,,,,2019-12-05 20:52:00,1265.1,,,,,2019-12-05 21:04:00,891.9,,,,
398,reheat,,0,[],[],203.70000000001164,,13,,,,1.0,,2019-12-05 21:04:00,891.9,,,,,2019-12-05 21:26:00,,,,,
399,hold,,0,[],[],41.10000000003493,,13,,,,,,2019-12-05 21:26:00,1253.4,,,,,2019-12-05 21:32:00,1254.9,,,1253.542857142857,
400,open,,0,[],[],13.899999999965074,,13,,,,,,2019-12-05 21:32:00,1254.9,,,,,2019-12-05 21:37:00,951.2,,,,
401,reheat,,0,[],[],111.90000000002328,,13,,,,3.0,,2019-12-05 21:37:00,951.2,,,,,2019-12-05 21:49:00,,,,,
402,hold,,0,[],[],10.5,,13,,,,,,2019-12-05 21:49:00,1261.3,,,,,2019-12-05 21:50:00,1262.3,,,1261.8,
403,open,,0,[],[],63.29999999998836,,13,,,,,,2019-12-05 21:50:00,1262.3,,,,,2019-12-05 22:02:00,899.7,,,,
404,reheat,,0,[],[],139.90000000002328,,13,,,,1.0,,2019-12-05 22:02:00,899.7,,,,,2019-12-05 22:15:00,,,,,
405,hold,,0,[],[],18.899999999965075,,13,,,,,,2019-12-05 22:15:00,1262.4,,,,,2019-12-05 22:17:00,1260.9,,,1261.6666666666667,
406,open,,0,[],[],68.5,,13,,,,,,2019-12-05 22:17:00,1260.9,,,,,2019-12-05 22:29:00,936.5,,,,
407,reheat,,0,[],[],92.10000000003492,,13,,,,1.0,,2019-12-05 22:29:00,936.5,,,,,2019-12-05 22:38:00,,,,,
408,heat,41.0,0,[],[],1462.6000000000352,1462.6000000000352,13,1258.0,0,0.0,3.0,"['190329-15111-002', '190907-19151-015_2', '190907-19151-015_1', '191109-12005-001_1']",2019-12-05 23:52:00,507.0,2019-12-05 23:51:00,512.3,2019-12-05 22:41:00,,2019-12-06 01:57:00,1258.0,,0.0,,
409,open,,0,[],[],22.799999999988362,,13,,,,,,2019-12-06 02:11:00,1252.1,,,,,2019-12-06 02:18:00,826.8,,,,
410,reheat,,0,[],[],137.89999999996508,,13,,,,0.0,,2019-12-06 02:18:00,826.8,,,,,2019-12-06 02:30:00,,,,,
411,open,,0,[],[],13.099999999976713,,13,,,,,,2019-12-06 02:31:00,1103.0,,,,,2019-12-06 02:36:00,824.3,,,,
412,reheat,,0,[],[],1769.7000000000116,,13,,,,2.0,,2019-12-06 02:36:00,824.3,,,,,2019-12-06 05:08:00,,,,,
413,hold,,0,[],[],2020.0999999999767,,13,,,,,,2019-12-06 05:08:00,1258.2,,,,,2019-12-06 08:40:00,1257.1,,,1252.6051643192488,
414,open,,0,[],[],9.800000000046566,,13,,,,,,2019-12-06 08:40:00,1257.1,,,,,2019-12-06 08:49:00,1108.2,,,,
415,reheat,,0,[],[],85.5,,13,,,,0.0,,2019-12-06 08:49:00,1108.2,,,,,2019-12-06 08:58:00,,,,,
416,hold,,0,[],[],5550.399999999964,,13,,,,,,2019-12-06 08:58:00,1261.1,,,,,2019-12-07 04:36:00,1267.4,,,1260.0322307039864,
417,open,,0,[],[],26.799999999988362,,13,,,,,,2019-12-07 04:36:00,1267.4,,,,,2019-12-07 04:47:00,963.7,,,,
418,reheat,,0,[],[],121.0,,13,,,,0.0,,2019-12-07 04:47:00,963.7,,,,,2019-12-07 05:01:00,,,,,
419,hold,,0,[],[],256.20000000001164,,13,,,,,,2019-12-07 05:01:00,1256.5,,,,,2019-12-07 06:12:00,1265.8,,,1264.2152777777776,
420,open,,0,[],"['190907-19151-015', '190907-19151-015', '191109-12005-001']",5.400000000023283,,13,,,,,['190329-15111-002'],2019-12-07 06:12:00,1265.8,,,,,2019-12-07 06:17:00,885.8,,,,
421,reheat,,0,[],[],75.09999999997672,,13,,,,1.0,,2019-12-07 06:17:00,885.8,,,,,2019-12-07 06:26:00,,,,,
422,heat,42.0,0,[],[],0.0,1720.3999999999648,13,743.3,2019-12-09 21:11:00,4.0,34.0,"['181010-12339-013', '191004-19235-001', '191031-19743-001', '191209-001', '191209-001']",2019-12-09 13:58:00,45.9,2019-12-09 13:58:00,45.9,2019-12-07 06:26:00,,2019-12-09 20:37:00,743.3,,522.8,,
423,heat,42.0,0,[],[],4213.600000000035,4213.600000000035,13,1254.9,2019-12-09 21:11:00,4.0,34.0,"['181010-12339-013', '191004-19235-001', '191031-19743-001', '191209-001', '191209-001']",2019-12-09 20:37:00,743.3,2019-12-09 13:58:00,45.9,2019-12-07 06:26:00,,2019-12-10 03:05:00,1254.9,,522.8,,
424,open,,0,[],[],28.700000000069853,,13,,,,,,2019-12-10 20:22:00,1261.6,,,,,2019-12-10 20:31:00,919.9,,,,
425,reheat,,0,[],[],69.5,,13,,,,1.0,,2019-12-10 20:31:00,919.9,,,,,2019-12-10 20:38:00,,,,,
426,open,,0,[],[],12.400000000023287,,13,,,,,,2019-12-10 20:41:00,1264.1,,,,,2019-12-10 20:46:00,867.1,,,,
427,reheat,,0,[],[],101.59999999997672,,13,,,,1.0,,2019-12-10 20:46:00,867.1,,,,,2019-12-10 20:56:00,,,,,
428,hold,,0,[],[],196.59999999997672,,13,,,,,,2019-12-10 20:56:00,1263.3,,,,,2019-12-10 21:18:00,1263.5,,,1120.8826086956524,
429,open,,0,[],[],64.09999999997672,,13,,,,,,2019-12-10 21:18:00,1263.5,,,,,2019-12-10 21:33:00,689.2,,,,
430,reheat,,0,[],[],245.30000000004657,,13,,,,1.0,,2019-12-10 21:33:00,689.2,,,,,2019-12-10 21:55:00,,,,,
431,heat,43.0,0,[],[],194.29999999993012,194.29999999993012,13,1258.9,0,0.0,3.0,"['191031-19195-001', '191031-19743-001']",2019-12-10 22:11:00,871.1,2019-12-10 22:10:00,865.4,2019-12-10 21:58:00,,2019-12-10 22:29:00,1258.9,,0.0,,
432,open,,0,[],[],9.400000000023283,,13,,,,,,2019-12-11 01:22:00,1259.2,,,,,2019-12-11 01:28:00,830.6,,,,
433,reheat,,0,[],[],232.3999999999069,,13,,,,0.0,,2019-12-11 01:28:00,830.6,,,,,2019-12-11 01:53:00,,,,,
434,hold,,0,[],[],4018.4000000000233,,13,,,,,,2019-12-11 01:53:00,1250.4,,,,,2019-12-11 17:10:00,1261.0,,,1257.1940087145986,
435,open,,0,[],[],10.20000000006985,,13,,,,,,2019-12-11 17:10:00,1261.0,,,,,2019-12-11 17:17:00,865.3,,,,
436,reheat,,0,[],[],187.5,,13,,,,0.0,,2019-12-11 17:17:00,865.3,,,,,2019-12-11 17:33:00,,,,,
437,hold,,0,[],[],31.59999999997672,,13,,,,,,2019-12-11 17:33:00,1255.9,,,,,2019-12-11 17:36:00,1258.7,,,1257.4,
438,open,,0,[],[],38.099999999976724,,13,,,,,,2019-12-11 17:36:00,1258.7,,,,,2019-12-11 17:45:00,881.3,,,,
439,reheat,,0,[],[],195.59999999997672,,13,,,,2.0,,2019-12-11 17:45:00,881.3,,,,,2019-12-11 18:08:00,,,,,
440,heat,44.0,0,[],[],205.40000000002328,205.40000000002328,13,1251.7,0,0.0,1.0,"['190717-12005-008', '190717-12005-015', '191028-19041-004', '191028-19041-004', '191031-19743-001', '191028-19041-004']",2019-12-11 19:20:00,865.3,2019-12-11 19:19:00,904.3,2019-12-11 19:10:00,,2019-12-11 19:45:00,1251.7,,0.0,,
441,open,,0,[],[],28.59999999997672,,13,,,,,,2019-12-11 20:34:00,1259.7,,,,,2019-12-11 20:53:00,654.0,,,,
442,reheat,,0,[],[],429.40000000002334,,13,,,,1.0,,2019-12-11 20:53:00,654.0,,,,,2019-12-11 21:29:00,,,,,
443,hold,,0,[],[],1710.0999999999767,,13,,,,,,2019-12-11 21:29:00,1257.1,,,,,2019-12-12 02:16:00,1257.5,,,1252.7371527777775,
444,open,,0,[],[],26.299999999930147,,13,,,,,,2019-12-12 02:16:00,1257.5,,,,,2019-12-12 02:31:00,672.5,,,,
445,reheat,,0,[],[],583.5,,13,,,,1.0,,2019-12-12 02:31:00,672.5,,,,,2019-12-12 03:18:00,,,,,
446,hold,,0,[],[],4437.300000000047,,13,,,,,,2019-12-12 03:18:00,1261.6,,,,,2019-12-12 17:02:00,1262.9,,,1253.6653333333334,
447,open,,0,[],[],26.19999999995343,,13,,,,,,2019-12-12 17:02:00,1262.9,,,,,2019-12-12 17:11:00,990.8,,,,
448,reheat,,0,[],[],121.80000000004655,,13,,,,0.0,,2019-12-12 17:11:00,990.8,,,,,2019-12-12 17:26:00,,,,,
449,hold,,0,[],[],133.5,,13,,,,,,2019-12-12 17:26:00,1260.3,,,,,2019-12-12 17:56:00,1261.4,,,1256.9322580645162,
450,open,,0,[],[],23.19999999995343,,13,,,,,,2019-12-12 17:56:00,1261.4,,,,,2019-12-12 18:07:00,905.5,,,,
451,reheat,,0,[],[],156.70000000006985,,13,,,,1.0,,2019-12-12 18:07:00,905.5,,,,,2019-12-12 18:24:00,,,,,
452,heat,45.0,0,[],[],291.5,291.5,13,1253.6,0,0.0,1.0,"['191031-19743-001_1', '190717-12005-015_1', '190717-12005-008_1']",2019-12-12 18:37:00,775.1,2019-12-12 18:30:00,950.3,2019-12-12 18:24:00,,2019-12-12 19:08:00,1253.6,,0.0,,
453,open,,0,[],[],21.59999999997672,,13,,,,,,2019-12-13 06:48:00,1263.2,,,,,2019-12-13 06:59:00,829.3,,,,
454,reheat,,0,[],[],128.6000000000931,,13,,,,0.0,,2019-12-13 06:59:00,829.3,,,,,2019-12-13 07:11:00,,,,,
455,hold,,0,[],[],342.89999999990687,,13,,,,,,2019-12-13 07:11:00,1263.1,,,,,2019-12-13 08:22:00,1260.3,,,1256.9458333333334,
456,open,,0,[],[],25.800000000046573,,13,,,,,,2019-12-13 08:22:00,1260.3,,,,,2019-12-13 08:32:00,929.0,,,,
457,reheat,,0,[],[],152.30000000004657,,13,,,,1.0,,2019-12-13 08:32:00,929.0,,,,,2019-12-13 08:50:00,,,,,
458,hold,,0,[],[],254.29999999993012,,13,,,,,,2019-12-13 08:50:00,1258.1,,,,,2019-12-13 09:56:00,1262.9,,,1256.8761194029848,
459,open,,0,[],"['191031-19743-001', '190717-12005-015', '190717-12005-008']",26.59999999997672,,13,,,,,[],2019-12-13 09:56:00,1262.9,,,,,2019-12-13 10:08:00,855.4,,,,
460,reheat,,0,[],[],160.6000000000931,,13,,,,1.0,,2019-12-13 10:08:00,855.4,,,,,2019-12-13 10:26:00,,,,,
461,heat,46.0,0,[],[],2148.399999999907,2148.399999999907,13,1261.0,0,0.0,2.0,"['190905-19234-036', '190905-19234-036']",2019-12-16 09:34:00,32.1,2019-12-16 09:34:00,32.1,2019-12-13 10:28:00,,2019-12-16 13:02:00,1261.0,,0.0,,
462,open,,0,[],[],19.799999999930147,,13,,,,,,2019-12-16 13:30:00,1252.0,,,,,2019-12-16 13:34:00,1015.0,,,,
463,reheat,,0,[],[],186.5,,13,,,,0.0,,2019-12-16 13:34:00,1015.0,,,,,2019-12-16 13:49:00,,,,,
464,hold,,0,[],[],424.7000000000698,,13,,,,,,2019-12-16 13:49:00,1261.5,,,,,2019-12-16 14:35:00,1250.8,,,1252.6489361702131,
465,open,,0,[],[],18.599999999976717,,13,,,,,,2019-12-16 14:35:00,1250.8,,,,,2019-12-16 14:49:00,599.4,,,,
466,reheat,,0,[],[],507.69999999995343,,13,,,,1.0,,2019-12-16 14:49:00,599.4,,,,,2019-12-16 15:31:00,,,,,
467,hold,,0,[],[],207.09999999997672,,13,,,,,,2019-12-16 15:31:00,1259.3,,,,,2019-12-16 15:51:00,1251.6,,,1253.8809523809525,
468,open,,0,[],[],16.5,,13,,,,,,2019-12-16 15:51:00,1251.6,,,,,2019-12-16 15:56:00,891.7,,,,
469,reheat,,0,[],[],204.90000000002328,,13,,,,0.0,,2019-12-16 15:56:00,891.7,,,,,2019-12-16 16:13:00,,,,,
470,hold,,0,[],[],1180.2000000000696,,13,,,,,,2019-12-16 16:13:00,1257.9,,,,,2019-12-16 19:00:00,1252.9,,,1252.2065476190478,
471,open,,0,[],[],39.099999999976724,,13,,,,,,2019-12-16 19:00:00,1252.9,,,,,2019-12-16 19:20:00,589.3,,,,
472,reheat,,0,[],[],280.9000000000233,,13,,,,2.0,,2019-12-16 19:20:00,589.3,,,,,2019-12-16 19:46:00,,,,,
473,hold,,0,[],[],1196.6999999999534,,13,,,,,,2019-12-16 19:46:00,1260.4,,,,,2019-12-16 23:06:00,1256.2,,,1252.4517412935322,
474,open,,0,[],[],43.599999999976724,,13,,,,,,2019-12-16 23:06:00,1256.2,,,,,2019-12-16 23:19:00,850.8,,,,
475,reheat,,0,[],[],139.80000000004657,,13,,,,0.0,,2019-12-16 23:19:00,850.8,,,,,2019-12-16 23:31:00,,,,,
476,hold,,0,[],[],85.59999999997672,,13,,,,,,2019-12-16 23:31:00,1263.4,,,,,2019-12-16 23:44:00,1253.5,,,1255.114285714286,
477,open,,0,[],[],42.400000000023276,,13,,,,,,2019-12-16 23:44:00,1253.5,,,,,2019-12-17 00:03:00,616.9,,,,
478,reheat,,0,[],[],290.5999999999767,,13,,,,2.0,,2019-12-17 00:03:00,616.9,,,,,2019-12-17 00:29:00,,,,,
479,hold,,0,[],[],756.6999999999533,,13,,,,,,2019-12-17 00:29:00,1261.1,,,,,2019-12-17 02:24:00,1253.3,,,1251.5025862068965,
480,open,,0,[],[],9.600000000093132,,13,,,,,,2019-12-17 02:24:00,1253.3,,,,,2019-12-17 02:29:00,846.6,,,,
481,reheat,,0,[],[],140.79999999993015,,13,,,,1.0,,2019-12-17 02:29:00,846.6,,,,,2019-12-17 02:42:00,,,,,
482,heat,47.0,0,[],[],502.89999999990687,502.89999999990687,13,1254.6,0,0.0,2.0,"['191123-19234-017', '191123-19234-017', '191123-19234-017', '191123-19234-017', '190905-19234-036', '190905-19234-036']",2019-12-17 04:19:00,565.2,2019-12-17 04:18:00,553.6,2019-12-17 03:54:00,,2019-12-17 05:01:00,1254.6,,0.0,,
483,open,,0,[],[],14.5,,13,,,,,,2019-12-17 11:12:00,1258.3,,,,,2019-12-17 11:24:00,684.1,,,,
484,reheat,,0,[],[],241.80000000004657,,13,,,,3.0,,2019-12-17 11:24:00,684.1,,,,,2019-12-17 11:49:00,,,,,
485,hold,,0,[],[],434.69999999995343,,13,,,,,,2019-12-17 11:49:00,1251.9,,,,,2019-12-17 13:22:00,1258.0,,,1253.9787234042556,
486,open,,0,[],[],23.700000000069853,,13,,,,,,2019-12-17 13:22:00,1258.0,,,,,2019-12-17 13:35:00,713.5,,,,
487,reheat,,0,[],[],241.79999999993012,,13,,,,2.0,,2019-12-17 13:35:00,713.5,,,,,2019-12-17 14:01:00,,,,,
488,heat,48.0,0,[],[],262.19999999995343,262.19999999995343,13,1250.3,0,0.0,1.0,['191004-19235-001'],2019-12-17 16:51:00,835.4,2019-12-17 16:49:00,821.3,2019-12-17 16:36:00,,2019-12-17 17:18:00,1250.3,,0.0,,
489,open,,0,[],[],26.59999999997672,,13,,,,,,2019-12-18 11:08:00,1266.6,,,,,2019-12-18 11:21:00,813.3,,,,
490,reheat,,0,[],[],55.300000000046566,,13,,,,1.0,,2019-12-18 11:21:00,813.3,,,,,2019-12-18 11:27:00,,,,,
491,open,,0,[],[],11.899999999906866,,13,,,,,,2019-12-18 11:27:00,1183.0,,,,,2019-12-18 11:34:00,731.3,,,,
492,reheat,,0,[],[],243.80000000004657,,13,,,,2.0,,2019-12-18 11:34:00,731.3,,,,,2019-12-18 12:00:00,,,,,
493,hold,,0,[],[],523.8000000000466,,13,,,,,,2019-12-18 12:00:00,1251.4,,,,,2019-12-18 14:08:00,1260.3,,,1255.9821705426355,
494,open,,0,[],[],21.399999999906868,,13,,,,,,2019-12-18 14:08:00,1260.3,,,,,2019-12-18 14:19:00,834.8,,,,
495,reheat,,0,[],[],38.80000000004657,,13,,,,1.0,,2019-12-18 14:19:00,834.8,,,,,2019-12-18 14:23:00,,,,,
496,open,,0,[],[],12.300000000046566,,13,,,,,,2019-12-18 14:23:00,1123.6,,,,,2019-12-18 14:30:00,711.7,,,,
497,reheat,,0,[],[],254.0,,13,,,,1.0,,2019-12-18 14:30:00,711.7,,,,,2019-12-18 14:56:00,,,,,
498,hold,,0,[],[],248.19999999995343,,13,,,,,,2019-12-18 14:56:00,1251.4,,,,,2019-12-18 15:48:00,1257.7,,,1252.890566037736,
499,open,,0,[],[],30.400000000023283,,13,,,,,,2019-12-18 15:48:00,1257.7,,,,,2019-12-18 16:00:00,845.0,,,,
500,reheat,,0,[],[],56.599999999976724,,13,,,,0.0,,2019-12-18 16:00:00,845.0,,,,,2019-12-18 16:05:00,,,,,
501,open,,0,[],[],4.299999999930151,,13,,,,,,2019-12-18 16:06:00,1188.0,,,,,2019-12-18 16:13:00,710.7,,,,
502,reheat,,0,[],[],208.20000000006985,,13,,,,1.0,,2019-12-18 16:13:00,710.7,,,,,2019-12-18 16:32:00,,,,,
503,hold,,0,[],[],749.6999999999533,,13,,,,,,2019-12-18 16:32:00,1261.4,,,,,2019-12-18 19:18:00,1259.5,,,1254.7353293413173,
504,open,,0,[],[],29.900000000023283,,13,,,,,,2019-12-18 19:18:00,1259.5,,,,,2019-12-18 19:31:00,822.6,,,,
505,reheat,,0,[],[],50.69999999995344,,13,,,,0.0,,2019-12-18 19:31:00,822.6,,,,,2019-12-18 19:36:00,,,,,
506,heat,49.0,0,[],[],1349.7000000000696,1349.7000000000696,13,1250.2,0,0.0,8.0,['191004-19235-001'],2019-12-18 19:55:00,574.7,2019-12-18 19:44:00,680.8,2019-12-18 19:36:00,,2019-12-19 02:05:00,1250.2,,0.0,,
507,open,,0,[],[],22.0,,13,,,,,,2019-12-19 09:24:00,1265.9,,,,,2019-12-19 09:39:00,727.9,,,,
508,reheat,,0,[],[],18.799999999930147,,13,,,,1.0,,2019-12-19 09:39:00,727.9,,,,,2019-12-19 09:43:00,,,,,
509,open,,0,[],[],4.5,,13,,,,,,2019-12-19 09:44:00,977.1,,,,,2019-12-19 10:05:00,508.9,,,,
510,reheat,,0,[],[],348.59999999997666,,13,,,,2.0,,2019-12-19 10:05:00,508.9,,,,,2019-12-19 10:36:00,,,,,
511,hold,,0,[],[],1485.0,,13,,,,,,2019-12-19 10:36:00,1258.4,,,,,2019-12-19 16:22:00,1264.6,,,1256.4798270893373,
512,open,,0,[],[],13.5,,13,,,,,,2019-12-19 16:22:00,1264.6,,,,,2019-12-19 16:32:00,795.6,,,,
513,reheat,,0,[],[],7.300000000046567,,13,,,,2.0,,2019-12-19 16:32:00,795.6,,,,,2019-12-19 16:36:00,,,,,
514,open,,0,[],[],0.0,,13,,,,,,2019-12-19 16:37:00,876.2,,,,,2019-12-19 16:43:00,689.6,,,,
515,reheat,,0,[],[],211.80000000004657,,13,,,,1.0,,2019-12-19 16:43:00,689.6,,,,,2019-12-19 17:01:00,,,,,
516,heat,50.0,0,[],[],7578.700000000071,3871.9000000000233,13,1258.1,2019-12-23 09:01:00,1.0,1539.0,"['191112-19004-001', '190827-12321-003', '191112-19004-002']",2019-12-21 07:50:00,246.0,2019-12-21 07:50:00,246.0,2019-12-20 17:12:00,,2019-12-23 18:44:00,1258.1,,210.8,,
517,open,,0,[],[],11.900000000023287,,13,,,,,,2019-12-24 06:54:00,1256.8,,,,,2019-12-24 07:00:00,911.7,,,,
518,reheat,,0,[],[],250.09999999997672,,13,,,,1.0,,2019-12-24 07:00:00,911.7,,,,,2019-12-24 07:20:00,,,,,
519,hold,,0,[],[],1388.5999999999767,,13,,,,,,2019-12-24 07:20:00,1259.1,,,,,2019-12-24 11:27:00,1255.5,,,1254.7370967741938,
520,open,,0,[],[],11.800000000046566,,13,,,,,,2019-12-24 11:27:00,1255.5,,,,,2019-12-24 11:38:00,723.4,,,,
521,reheat,,0,[],[],472.5,,13,,,,1.0,,2019-12-24 11:38:00,723.4,,,,,2019-12-24 12:16:00,,,,,
522,hold,,0,[],[],1357.6999999999534,,13,,,,,,2019-12-24 12:16:00,1259.2,,,,,2019-12-24 15:27:00,1254.8,,,1253.1213541666666,
523,open,,0,[],[],17.599999999976713,,13,,,,,,2019-12-24 15:27:00,1254.8,,,,,2019-12-24 15:34:00,879.4,,,,
524,reheat,,0,[],[],785.3000000000467,,13,,,,4.0,,2019-12-24 15:34:00,879.4,,,,,2019-12-24 17:27:00,,,,,
525,heat,51.0,0,[],[],238.79999999993012,238.79999999993012,13,1252.4,0,0.0,1.0,"['191121-19133-001', '190807-15111-001', '191121-19133-002']",2019-12-24 18:07:00,858.2,2019-12-24 18:07:00,858.2,2019-12-24 17:57:00,,2019-12-24 18:34:00,1252.4,,0.0,,
526,heat,52.0,0,[],[],371.90000000002334,371.90000000002334,13,1257.8,2019-12-25 01:36:00,0.0,1.0,"['190807-15111-001', '191004-19235-002']",2019-12-25 01:36:00,649.9,2019-12-25 01:36:00,649.9,2019-12-25 00:56:00,,2019-12-25 02:06:00,1257.8,,649.9,,
527,open,,0,[],[],16.100000000093132,,13,,,,,,2019-12-25 05:55:00,1259.2,,,,,2019-12-25 06:04:00,853.0,,,,
528,reheat,,0,[],[],152.5,,13,,,,0.0,,2019-12-25 06:04:00,853.0,,,,,2019-12-25 06:17:00,,,,,
529,hold,,0,[],[],585.6999999999534,,13,,,,,,2019-12-25 06:17:00,1260.2,,,,,2019-12-25 08:23:00,1259.8,,,1256.1598425196844,
530,open,,0,[],[],35.400000000023276,,13,,,,,,2019-12-25 08:23:00,1259.8,,,,,2019-12-25 08:35:00,913.5,,,,
531,reheat,,0,[],[],78.69999999995345,,13,,,,1.0,,2019-12-25 08:35:00,913.5,,,,,2019-12-25 08:42:00,,,,,
532,open,,0,[],[],36.099999999976724,,13,,,,,,2019-12-25 08:43:00,1262.9,,,,,2019-12-25 08:53:00,849.1,,,,
533,reheat,,0,[],[],152.40000000002328,,13,,,,1.0,,2019-12-25 08:53:00,849.1,,,,,2019-12-25 09:06:00,,,,,
534,heat,53.0,0,[],[],139.09999999997672,139.09999999997672,13,1256.6,2019-12-25 13:18:00,0.0,1.0,['191004-19235-002_1'],2019-12-25 13:18:00,885.2,2019-12-25 13:18:00,885.2,2019-12-25 13:09:00,,2019-12-25 13:33:00,1256.6,,885.2,,
535,open,,0,[],['191004-19235-002'],15.599999999976713,,13,,,,,[],2019-12-25 20:17:00,1265.1,,,,,2019-12-25 20:26:00,858.5,,,,
536,reheat,,0,[],[],146.20000000006985,,13,,,,1.0,,2019-12-25 20:26:00,858.5,,,,,2019-12-25 20:45:00,,,,,
537,hold,,0,[],[],142.5,,13,,,,,,2019-12-25 20:45:00,1255.6,,,,,2019-12-25 21:21:00,1260.1,,,1258.2027027027025,
538,open,,0,[],[],257.89999999990687,,13,,,,,,2019-12-25 21:21:00,1260.1,,,,,2019-12-25 21:57:00,840.1,,,,
539,reheat,,0,[],[],460.40000000002334,,13,,,,3.0,,2019-12-25 21:57:00,840.1,,,,,2019-12-25 22:50:00,,,,,
540,heat,54.0,0,[],[],2454.8000000000466,2454.8000000000466,13,1251.4,0,0.0,10.0,['191004-19235-002'],2019-12-26 03:05:00,537.6,2019-12-26 03:05:00,537.6,2019-12-26 02:37:00,,2019-12-26 14:40:00,1251.4,,0.0,,
541,open,,0,[],[],29.5,,13,,,,,,2019-12-26 22:59:00,1263.7,,,,,2019-12-26 23:12:00,803.3,,,,
542,reheat,,0,[],[],69.19999999995343,,13,,,,1.0,,2019-12-26 23:12:00,803.3,,,,,2019-12-26 23:19:00,,,,,
543,open,,0,[],[],18.300000000046566,,13,,,,,,2019-12-26 23:19:00,1236.4,,,,,2019-12-26 23:32:00,609.1,,,,
544,reheat,,0,[],[],250.59999999997672,,13,,,,2.0,,2019-12-26 23:32:00,609.1,,,,,2019-12-26 23:54:00,,,,,
545,hold,,0,[],[],400.09999999997666,,13,,,,,,2019-12-26 23:54:00,1258.9,,,,,2019-12-27 01:05:00,1256.7,,,1253.986111111111,
546,open,,0,[],[],41.20000000006985,,13,,,,,,2019-12-27 01:05:00,1256.7,,,,,2019-12-27 01:19:00,818.3,,,,
547,reheat,,0,[],[],96.5,,13,,,,1.0,,2019-12-27 01:19:00,818.3,,,,,2019-12-27 01:27:00,,,,,
548,open,,0,[],[],12.29999999993015,,13,,,,,,2019-12-27 01:27:00,1250.2,,,,,2019-12-27 01:36:00,668.3,,,,
549,reheat,,0,[],[],240.09999999997672,,13,,,,1.0,,2019-12-27 01:36:00,668.3,,,,,2019-12-27 01:56:00,,,,,
550,hold,,0,[],[],865.1000000000931,,13,,,,,,2019-12-27 01:56:00,1262.3,,,,,2019-12-27 04:55:00,1261.3,,,1256.0738888888886,
551,open,,0,[],[],3.2999999999301513,,13,,,,,,2019-12-27 04:55:00,1261.3,,,,,2019-12-27 05:05:00,681.4,,,,
552,reheat,,0,[],[],32.80000000004657,,13,,,,1.0,,2019-12-27 05:05:00,681.4,,,,,2019-12-27 05:10:00,,,,,
553,heat,55.0,0,[],[],1755.6999999999537,1755.6999999999537,13,1254.7,0,0.0,29.0,['191004-19235-002'],2019-12-27 05:25:00,567.5,2019-12-27 05:25:00,567.5,2019-12-27 05:11:00,,2019-12-27 14:25:00,1254.7,,0.0,,
554,open,,0,[],[],12.899999999906866,,13,,,,,,2019-12-27 21:43:00,1263.3,,,,,2019-12-27 21:52:00,817.3,,,,
555,reheat,,0,[],[],71.5,,13,,,,0.0,,2019-12-27 21:52:00,817.3,,,,,2019-12-27 21:59:00,,,,,
